race_id,venue_slug,date,race_no,lineup,ni_sha_tan,san_ren_tan,san_ren_fuku,wide,banum,player_name,pref,age,term,player_class,running_style,gear,race_score,mark,mark_num,win_rate_4m,top2_rate_4m,top3_rate_4m,nige_4m,maku_4m,rank,agari,finish_type,margin,win_lose
1120260430020001,hakodate,2026-04-30,1,◎7 ○1 ×4 注2 △3 ▲5,,,,,1,萱島 大介  大,分,46,99,A1,追,3.93,82.40,○,5,6.2,25.0,25.0,0,0,,,,,
1120260430020001,hakodate,2026-04-30,1,◎7 ○1 ×4 注2 △3 ▲5,,,,,2,黒崎 直行  栃,木,59,57,A2,追,3.93,78.83,注,2,0.0,0.0,12.5,0,0,,,,,
1120260430020001,hakodate,2026-04-30,1,◎7 ○1 ×4 注2 △3 ▲5,,,,,3,伊藤 大彦  徳,島,42,89,A1,追,3.92,83.36,△,4,15.3,30.7,38.4,0,0,,,,,
1120260430020001,hakodate,2026-04-30,1,◎7 ○1 ×4 注2 △3 ▲5,,,,,4,佐藤 正吾  宮,城,43,88,A2,追,3.92,84.10,×,1,14.2,28.5,38.0,0,1,,,,,
1120260430020001,hakodate,2026-04-30,1,◎7 ○1 ×4 注2 △3 ▲5,,,,,5,光畑 政志  岡,山,46,84,A2,追,3.92,77.86,▲,3,0.0,0.0,9.0,0,0,,,,,
1120260430020001,hakodate,2026-04-30,1,◎7 ○1 ×4 注2 △3 ▲5,,,,,6,森川 剛,神奈川,46,89,A2,追,3.92,77.80,nan,0,0.0,4.7,14.2,0,0,,,,,
1120260430020001,hakodate,2026-04-30,1,◎7 ○1 ×4 注2 △3 ▲5,,,,,7,田川 翔琉  熊,本,28,119,A1,逃,3.92,87.87,◎,6,20.8,37.5,70.8,3,4,,,,,
1120260430020002,hakodate,2026-04-30,2,◎1 ○7 注4 △3 ×6 ▲5,,,,,1,森田 康嗣,北海道,44,89,A1,両,3.92,86.77,◎,6,18.5,40.7,55.5,1,5,,,,,
1120260430020002,hakodate,2026-04-30,2,◎1 ○7 注4 △3 ×6 ▲5,,,,,2,河村 章憲  京,都,48,83,A2,追,3.92,82.00,▲,3,0.0,5.2,26.3,0,0,,,,,
1120260430020002,hakodate,2026-04-30,2,◎1 ○7 注4 △3 ×6 ▲5,,,,,3,倉野 隆太郎  三,重,41,91,A2,追,3.92,81.41,nan,0,0.0,10.5,15.7,0,0,,,,,
1120260430020002,hakodate,2026-04-30,2,◎1 ○7 注4 △3 ×6 ▲5,,,,,4,天沼 雅貴  埼,玉,42,96,A2,追,3.92,79.50,注,2,0.0,7.1,17.8,0,0,,,,,
1120260430020002,hakodate,2026-04-30,2,◎1 ○7 注4 △3 ×6 ▲5,,,,,5,竹内 一暢  滋,賀,48,84,A1,追,3.92,85.04,×,1,14.2,28.5,47.6,0,1,,,,,
1120260430020002,hakodate,2026-04-30,2,◎1 ○7 注4 △3 ×6 ▲5,,,,,6,山根 慶太  岡,山,26,123,A1,逃,3.85,0.00,△,4,0.0,0.0,0.0,0,0,,,,,
1120260430020002,hakodate,2026-04-30,2,◎1 ○7 注4 △3 ×6 ▲5,,,,,7,金子 兼久  宮,城,48,81,A2,追,3.92,81.09,○,5,0.0,9.5,19.0,0,0,,,,,
1120260430020003,hakodate,2026-04-30,3,×1 △5 ▲3 ○6 ◎4 注7,,,,,1,佐藤 大地  三,重,26,125,A2,逃,3.92,87.81,×,1,43.7,56.2,56.2,2,5,,,,,
1120260430020003,hakodate,2026-04-30,3,×1 △5 ▲3 ○6 ◎4 注7,,,,,2,小野 裕次  千,葉,37,95,A1,追,3.92,88.61,注,2,23.8,42.8,61.9,0,0,,,,,
1120260430020003,hakodate,2026-04-30,3,×1 △5 ▲3 ○6 ◎4 注7,,,,,3,西 徹  石,川,48,79,A2,追,3.92,84.72,▲,3,5.5,33.3,50.0,0,1,,,,,
1120260430020003,hakodate,2026-04-30,3,×1 △5 ▲3 ○6 ◎4 注7,,,,,4,高本 和也,神奈川,29,121,A1,逃,3.92,91.00,○,5,19.0,38.0,57.1,0,6,,,,,
1120260430020003,hakodate,2026-04-30,3,×1 △5 ▲3 ○6 ◎4 注7,,,,,5,松崎 貴久  富,山,51,82,A1,追,3.92,86.91,△,4,25.0,33.3,58.3,0,2,,,,,
1120260430020003,hakodate,2026-04-30,3,×1 △5 ▲3 ○6 ◎4 注7,,,,,6,大森 光明,北海道,27,117,A2,両,3.92,81.47,nan,0,17.6,17.6,23.5,0,3,,,,,
1120260430020003,hakodate,2026-04-30,3,×1 △5 ▲3 ○6 ◎4 注7,,,,,7,金野 俊秋  千,葉,42,92,A2,両,3.92,88.40,◎,6,28.5,38.0,66.6,2,3,,,,,
1120260430020004,hakodate,2026-04-30,4,◎3 ○7 注5 ×1 △4 ▲2,,,,,1,福田 拓也  栃,木,34,100,A1,追,3.92,90.77,×,1,40.9,59.0,59.0,0,5,,,,,
1120260430020004,hakodate,2026-04-30,4,◎3 ○7 注5 ×1 △4 ▲2,,,,,2,井上 公利  宮,城,44,93,A2,逃,3.92,84.78,▲,3,30.4,34.7,34.7,4,4,,,,,
1120260430020004,hakodate,2026-04-30,4,◎3 ○7 注5 ×1 △4 ▲2,,,,,3,畝木 聖  岡,山,29,117,A1,逃,3.92,93.04,◎,6,33.3,57.1,71.4,3,7,,,,,
1120260430020004,hakodate,2026-04-30,4,◎3 ○7 注5 ×1 △4 ▲2,,,,,4,平石 浩之  茨,城,48,87,A1,追,3.92,88.57,△,4,5.2,36.8,57.8,0,0,,,,,
1120260430020004,hakodate,2026-04-30,4,◎3 ○7 注5 ×1 △4 ▲2,,,,,5,大崎 飛雄馬  愛,媛,47,88,A1,追,3.92,92.22,注,2,22.2,33.3,66.6,0,0,,,,,
1120260430020004,hakodate,2026-04-30,4,◎3 ○7 注5 ×1 △4 ▲2,,,,,6,平山 優太  福,島,26,119,A2,両,3.92,81.05,nan,0,5.5,5.5,16.6,1,0,,,,,
1120260430020004,hakodate,2026-04-30,4,◎3 ○7 注5 ×1 △4 ▲2,,,,,7,田中 和磨  岡,山,29,113,A2,逃,3.93,91.59,○,5,34.7,47.8,82.6,3,6,,,,,
1120260430020005,hakodate,2026-04-30,5,◎4 ○1 ▲6 注2 ×5 △3,,,,,1,谷津田 将吾  福,島,46,83,A1,追,3.92,90.06,○,5,13.3,46.6,60.0,0,0,,,,,
1120260430020005,hakodate,2026-04-30,5,◎4 ○1 ▲6 注2 ×5 △3,,,,,2,川野 深  福,岡,28,119,A2,逃,3.92,88.33,nan,0,23.8,47.6,61.9,4,4,,,,,
1120260430020005,hakodate,2026-04-30,5,◎4 ○1 ▲6 注2 ×5 △3,,,,,3,山口 聖矢  岐,阜,32,115,A1,両,3.92,87.50,×,1,40.0,60.0,70.0,0,2,,,,,
1120260430020005,hakodate,2026-04-30,5,◎4 ○1 ▲6 注2 ×5 △3,,,,,4,大高 彰馬  福,島,27,119,A1,逃,3.92,91.77,◎,6,27.7,61.1,77.7,3,7,,,,,
1120260430020005,hakodate,2026-04-30,5,◎4 ○1 ▲6 注2 ×5 △3,,,,,5,土屋 仁  茨,城,51,84,A2,追,3.92,86.66,注,2,14.2,23.8,47.6,0,0,,,,,
1120260430020005,hakodate,2026-04-30,5,◎4 ○1 ▲6 注2 ×5 △3,,,,,6,竹内 優也,北海道,45,89,A2,両,3.77,83.61,▲,3,4.7,28.5,47.6,1,2,,,,,
1120260430020005,hakodate,2026-04-30,5,◎4 ○1 ▲6 注2 ×5 △3,,,,,7,伊藤 亮  埼,玉,43,92,A1,追,3.92,88.26,△,4,15.0,20.0,40.0,0,0,,,,,
1120260430020006,hakodate,2026-04-30,6,◎1 ○3 △5 ▲6 注2 ×4,,,,,1,津村 洸次郎  福,岡,34,101,S2,両,3.93,94.18,◎,6,4.3,8.6,21.7,1,1,,,,,
1120260430020006,hakodate,2026-04-30,6,◎1 ○3 △5 ▲6 注2 ×4,,,,,2,金澤 竜二  福,島,40,91,S2,両,3.92,91.62,注,2,0.0,3.4,3.4,0,1,,,,,
1120260430020006,hakodate,2026-04-30,6,◎1 ○3 △5 ▲6 注2 ×4,,,,,3,桑原 亮  福,岡,41,91,S2,追,3.92,96.13,○,5,0.0,10.0,23.3,0,0,,,,,
1120260430020006,hakodate,2026-04-30,6,◎1 ○3 △5 ▲6 注2 ×4,,,,,4,竹山 陵太  宮,城,40,91,S2,追,3.92,97.71,×,1,13.6,22.7,40.9,0,0,,,,,
1120260430020006,hakodate,2026-04-30,6,◎1 ○3 △5 ▲6 注2 ×4,,,,,5,東矢 昇太  熊,本,39,98,S2,追,3.92,98.46,△,4,0.0,26.6,40.0,0,1,,,,,
1120260430020006,hakodate,2026-04-30,6,◎1 ○3 △5 ▲6 注2 ×4,,,,,6,石口 慶多  兵,庫,37,103,S2,両,3.93,91.34,▲,3,0.0,0.0,0.0,0,0,,,,,
1120260430020007,hakodate,2026-04-30,7,△4 ◎1 ○3 ▲6 ×2 注5,,,,,1,中村 弘之輔,北海道,34,109,S2,両,3.92,94.22,◎,6,4.3,4.3,34.7,0,0,,,,,
1120260430020007,hakodate,2026-04-30,7,△4 ◎1 ○3 ▲6 ×2 注5,,,,,2,笹倉 慎也  富,山,40,91,S2,追,3.92,94.48,×,1,4.0,4.0,12.0,0,0,,,,,
1120260430020007,hakodate,2026-04-30,7,△4 ◎1 ○3 ▲6 ×2 注5,,,,,3,古川 尚耶  栃,木,40,92,S2,追,3.92,101.46,○,5,7.6,38.4,42.3,0,0,,,,,
1120260430020007,hakodate,2026-04-30,7,△4 ◎1 ○3 ▲6 ×2 注5,,,,,4,鈴木 涼介  福,島,28,115,S2,逃,3.92,94.54,△,4,4.3,13.0,26.0,0,2,,,,,
1120260430020007,hakodate,2026-04-30,7,△4 ◎1 ○3 ▲6 ×2 注5,,,,,5,棚橋 勉  岡,山,45,96,S2,追,3.93,96.96,注,2,3.4,10.3,20.6,0,0,,,,,
1120260430020007,hakodate,2026-04-30,7,△4 ◎1 ○3 ▲6 ×2 注5,,,,,6,南儀 拓海  富,山,27,121,S2,逃,3.92,91.77,▲,3,3.2,6.4,6.4,2,0,,,,,
1120260430020008,hakodate,2026-04-30,8,△1 注4 ◎2 ▲6 ○5 ×7,,,,,1,太田 龍希  埼,玉,25,117,S2,逃,3.92,98.75,△,4,5.0,15.0,30.0,1,1,,,,,
1120260430020008,hakodate,2026-04-30,8,△1 注4 ◎2 ▲6 ○5 ×7,,,,,2,磯島 成介  青,森,26,115,S2,逃,3.92,101.91,◎,6,8.6,39.1,47.8,3,4,,,,,
1120260430020008,hakodate,2026-04-30,8,△1 注4 ◎2 ▲6 ○5 ×7,,,,,3,森安 崇之  香,川,48,84,S2,追,3.92,95.33,×,1,0.0,6.6,16.6,0,0,,,,,
1120260430020008,hakodate,2026-04-30,8,△1 注4 ◎2 ▲6 ○5 ×7,,,,,4,平原 啓多  埼,玉,41,97,S2,追,3.92,95.96,注,2,0.0,4.0,24.0,0,0,,,,,
1120260430020008,hakodate,2026-04-30,8,△1 注4 ◎2 ▲6 ○5 ×7,,,,,5,花田 将司  千,葉,39,99,S2,両,3.92,93.00,nan,0,0.0,0.0,10.5,0,0,,,,,
1120260430020008,hakodate,2026-04-30,8,△1 注4 ◎2 ▲6 ○5 ×7,,,,,6,齋藤 登志信  宮,城,53,80,S2,追,3.92,92.68,▲,3,0.0,5.0,15.0,0,0,,,,,
1120260430020008,hakodate,2026-04-30,8,△1 注4 ◎2 ▲6 ○5 ×7,,,,,7,佐伯 亮輔  岡,山,31,113,S2,逃,3.92,99.11,○,5,27.7,33.3,44.4,3,3,,,,,
1120260430020009,hakodate,2026-04-30,9,◎7 ○3 注5 ▲1 ×6 △2,,,,,1,薦田 将伍  愛,媛,28,113,S2,逃,3.92,94.58,注,2,5.5,5.5,16.6,0,1,,,,,
1120260430020009,hakodate,2026-04-30,9,◎7 ○3 注5 ▲1 ×6 △2,,,,,2,加賀山 淳  千,葉,42,94,S2,逃,3.92,98.00,×,1,8.3,20.8,33.3,2,1,,,,,
1120260430020009,hakodate,2026-04-30,9,◎7 ○3 注5 ▲1 ×6 △2,,,,,3,秋本 耀太郎  栃,木,28,117,S2,逃,3.92,98.81,○,5,12.5,31.2,37.5,1,1,,,,,
1120260430020009,hakodate,2026-04-30,9,◎7 ○3 注5 ▲1 ×6 △2,,,,,4,渡邉 晴智  静,岡,52,73,S2,追,3.92,99.60,△,4,4.3,21.7,30.4,0,0,,,,,
1120260430020009,hakodate,2026-04-30,9,◎7 ○3 注5 ▲1 ×6 △2,,,,,5,那須 久幸  福,岡,53,71,S2,追,3.92,93.61,nan,0,5.2,5.2,10.5,0,0,,,,,
1120260430020009,hakodate,2026-04-30,9,◎7 ○3 注5 ▲1 ×6 △2,,,,,6,松尾 勇吾  熊,本,27,115,S2,追,3.92,92.23,▲,3,0.0,0.0,3.8,0,0,,,,,
1120260430020009,hakodate,2026-04-30,9,◎7 ○3 注5 ▲1 ×6 △2,,,,,7,朝倉 智仁  茨,城,26,115,S2,逃,3.92,102.38,◎,6,22.7,31.8,40.9,2,5,,,,,
1120260430020010,hakodate,2026-04-30,10,○5 ◎2 ▲7 ×1 注3 △4,,,,,1,岩谷 拓磨  福,岡,29,115,S1,逃,3.92,104.56,×,1,20.0,30.0,43.3,0,5,,,,,
1120260430020010,hakodate,2026-04-30,10,○5 ◎2 ▲7 ×1 注3 △4,,,,,2,佐藤 博紀  岩,手,40,96,S1,両,3.92,103.30,◎,6,20.0,40.0,45.0,1,4,,,,,
1120260430020010,hakodate,2026-04-30,10,○5 ◎2 ▲7 ×1 注3 △4,,,,,3,栗山 和樹  岐,阜,28,125,S2,逃,3.92,102.77,注,2,26.3,31.5,36.8,1,4,,,,,
1120260430020010,hakodate,2026-04-30,10,○5 ◎2 ▲7 ×1 注3 △4,,,,,4,尾方 祐仁  岐,阜,22,123,S2,逃,3.92,101.05,nan,0,20.0,30.0,40.0,2,3,,,,,
1120260430020010,hakodate,2026-04-30,10,○5 ◎2 ▲7 ×1 注3 △4,,,,,5,木村 佑来  宮,城,24,119,S2,逃,3.92,101.60,○,5,17.3,39.1,52.1,6,3,,,,,
1120260430020010,hakodate,2026-04-30,10,○5 ◎2 ▲7 ×1 注3 △4,,,,,6,原田 亮太  千,葉,29,115,S2,逃,3.92,100.60,△,4,13.0,34.7,43.4,6,2,,,,,
1120260430020010,hakodate,2026-04-30,10,○5 ◎2 ▲7 ×1 注3 △4,,,,,7,箱田 優樹  青,森,35,98,S2,追,3.92,104.14,▲,3,4.5,27.2,50.0,0,0,,,,,
1120260430020011,hakodate,2026-04-30,11,注4 ×1 ○6 ◎7 △2 ▲3,,,,,1,桑名 僚也  埼,玉,28,119,S2,追,3.92,106.71,×,1,28.5,42.8,50.0,0,0,,,,,
1120260430020011,hakodate,2026-04-30,11,注4 ×1 ○6 ◎7 △2 ▲3,,,,,2,上野 優太  熊,本,29,113,S1,追,3.92,108.77,◎,6,22.7,50.0,59.0,0,0,,,,,
1120260430020011,hakodate,2026-04-30,11,注4 ×1 ○6 ◎7 △2 ▲3,,,,,3,村田 祐樹  富,山,27,121,S1,逃,3.93,103.12,△,4,12.5,33.3,50.0,7,1,,,,,
1120260430020011,hakodate,2026-04-30,11,注4 ×1 ○6 ◎7 △2 ▲3,,,,,4,山本 勝利  東,京,27,117,S2,逃,3.92,100.05,注,2,14.2,33.3,47.6,2,5,,,,,
1120260430020011,hakodate,2026-04-30,11,注4 ×1 ○6 ◎7 △2 ▲3,,,,,5,大洞 翔平  岐,阜,34,100,S2,追,3.92,102.00,▲,3,14.2,23.8,38.0,0,1,,,,,
1120260430020011,hakodate,2026-04-30,11,注4 ×1 ○6 ◎7 △2 ▲3,,,,,6,高塩 讓次  栃,木,42,90,S2,追,3.92,98.29,nan,0,0.0,11.1,33.3,0,0,,,,,
1120260430020011,hakodate,2026-04-30,11,注4 ×1 ○6 ◎7 △2 ▲3,,,,,7,松本 秀之慎  熊,本,23,121,S2,逃,3.92,99.80,○,5,10.0,26.6,43.3,1,6,,,,,
1120260430020012,hakodate,2026-04-30,12,▲7 注2 ○3 ◎1 ×5 △4,,,,,1,小松崎 大地  福,島,43,99,S1,両,3.92,105.80,◎,6,35.0,45.0,60.0,1,3,,,,,
1120260430020012,hakodate,2026-04-30,12,▲7 注2 ○3 ◎1 ×5 △4,,,,,2,池野 健太  兵,庫,34,109,S1,逃,3.92,100.96,注,2,25.0,32.1,39.2,1,2,,,,,
1120260430020012,hakodate,2026-04-30,12,▲7 注2 ○3 ◎1 ×5 △4,,,,,3,大石 剣士  静,岡,30,109,S2,逃,3.92,107.52,○,5,43.4,52.1,78.2,3,8,,,,,
1120260430020012,hakodate,2026-04-30,12,▲7 注2 ○3 ◎1 ×5 △4,,,,,4,小川 丈太  徳,島,30,111,S1,逃,3.92,102.26,×,1,10.5,31.5,31.5,3,3,,,,,
1120260430020012,hakodate,2026-04-30,12,▲7 注2 ○3 ◎1 ×5 △4,,,,,5,山田 敦也,北海道,42,88,S2,追,3.92,97.63,nan,0,4.5,13.6,31.8,0,0,,,,,
1120260430020012,hakodate,2026-04-30,12,▲7 注2 ○3 ◎1 ×5 △4,,,,,6,守谷 陽介  岡,山,45,87,S2,両,3.92,97.00,△,4,8.5,14.2,25.7,0,0,,,,,
1120260430020012,hakodate,2026-04-30,12,▲7 注2 ○3 ◎1 ×5 △4,,,,,7,南部 翔大  大,阪,25,125,S2,逃,3.92,102.73,▲,3,30.4,39.1,47.8,4,4,,,,,
2320260430020001,toride,2026-04-30,1,×1 ▲5 注3 ○7 ◎2 △6,2-7  270円(1),"2-7-3  2,940円(6)",2=3=7  870円(3),2=3  530円(7)  2=7  100円(1)  3=7  760円(12) / 2=3  530円(7)  2=7  100円(1)  3=7  760円(12),1,飯塚 隼人  佐,賀,38,95,A2,両,3.92,79.95,×,1,10.0,15.0,15.0,1,2,4,11.9,nan,１車身１/２,nan
2320260430020001,toride,2026-04-30,1,×1 ▲5 注3 ○7 ◎2 △6,2-7  270円(1),"2-7-3  2,940円(6)",2=3=7  870円(3),2=3  530円(7)  2=7  100円(1)  3=7  760円(12) / 2=3  530円(7)  2=7  100円(1)  3=7  760円(12),2,川崎 健次,神奈川,46,88,A1,追,3.92,89.14,◎,6,6.6,20.0,20.0,0,0,1,12.1,差,nan,nan
2320260430020001,toride,2026-04-30,1,×1 ▲5 注3 ○7 ◎2 △6,2-7  270円(1),"2-7-3  2,940円(6)",2=3=7  870円(3),2=3  530円(7)  2=7  100円(1)  3=7  760円(12) / 2=3  530円(7)  2=7  100円(1)  3=7  760円(12),3,山口 茂  福,島,46,98,A2,追,3.92,80.41,注,2,0.0,0.0,7.6,0,0,3,12.0,nan,１/２車輪,nan
2320260430020001,toride,2026-04-30,1,×1 ▲5 注3 ○7 ◎2 △6,2-7  270円(1),"2-7-3  2,940円(6)",2=3=7  870円(3),2=3  530円(7)  2=7  100円(1)  3=7  760円(12) / 2=3  530円(7)  2=7  100円(1)  3=7  760円(12),4,宗景 祐樹  栃,木,50,84,A2,追,3.92,79.83,nan,0,0.0,10.5,15.7,0,0,7,15.2,nan,大差,nan
2320260430020001,toride,2026-04-30,1,×1 ▲5 注3 ○7 ◎2 △6,2-7  270円(1),"2-7-3  2,940円(6)",2=3=7  870円(3),2=3  530円(7)  2=7  100円(1)  3=7  760円(12) / 2=3  530円(7)  2=7  100円(1)  3=7  760円(12),5,小磯 知也  徳,島,52,76,A2,追,3.85,80.55,▲,3,5.0,25.0,25.0,0,0,5,11.9,nan,１/２車身,nan
2320260430020001,toride,2026-04-30,1,×1 ▲5 注3 ○7 ◎2 △6,2-7  270円(1),"2-7-3  2,940円(6)",2=3=7  870円(3),2=3  530円(7)  2=7  100円(1)  3=7  760円(12) / 2=3  530円(7)  2=7  100円(1)  3=7  760円(12),6,西巻 秀太  新,潟,41,97,A2,追,3.92,78.22,△,4,0.0,4.5,13.6,0,0,6,12.2,nan,１/８車輪,nan
2320260430020001,toride,2026-04-30,1,×1 ▲5 注3 ○7 ◎2 △6,2-7  270円(1),"2-7-3  2,940円(6)",2=3=7  870円(3),2=3  530円(7)  2=7  100円(1)  3=7  760円(12) / 2=3  530円(7)  2=7  100円(1)  3=7  760円(12),7,坂木田 雄介  千,葉,52,78,A2,逃,3.92,80.62,○,5,8.3,25.0,29.1,5,0,2,12.3,逃,１/２車輪,nan
2320260430020002,toride,2026-04-30,2,○2 ◎5 △3 注6 ×4 ▲7,2-5  540円(2),2-5-3  990円(3),2=3=5  170円(1),2=3  160円(3)  2=5  100円(1)  3=5  130円(2) / 2=3  160円(3)  2=5  100円(1)  3=5  130円(2),1,相樂 修  千,葉,52,78,A2,両,3.92,80.94,▲,3,5.5,11.1,27.7,0,0,5,12.0,nan,１/８車輪,nan
2320260430020002,toride,2026-04-30,2,○2 ◎5 △3 注6 ×4 ▲7,2-5  540円(2),2-5-3  990円(3),2=3=5  170円(1),2=3  160円(3)  2=5  100円(1)  3=5  130円(2) / 2=3  160円(3)  2=5  100円(1)  3=5  130円(2),2,野上 竜太  岡,山,30,115,A1,逃,3.92,82.39,○,5,14.2,28.5,32.1,8,0,1,12.5,逃,nan,nan
2320260430020002,toride,2026-04-30,2,○2 ◎5 △3 注6 ×4 ▲7,2-5  540円(2),2-5-3  990円(3),2=3=5  170円(1),2=3  160円(3)  2=5  100円(1)  3=5  130円(2) / 2=3  160円(3)  2=5  100円(1)  3=5  130円(2),3,坂本 昌宏  青,森,41,91,A2,追,3.92,80.42,△,4,4.7,9.5,23.8,0,0,3,12.4,nan,１車輪,nan
2320260430020002,toride,2026-04-30,2,○2 ◎5 △3 注6 ×4 ▲7,2-5  540円(2),2-5-3  990円(3),2=3=5  170円(1),2=3  160円(3)  2=5  100円(1)  3=5  130円(2) / 2=3  160円(3)  2=5  100円(1)  3=5  130円(2),4,櫻井 利之,神奈川,39,101,A2,両,3.92,79.04,注,2,0.0,4.1,20.8,1,0,6,12.5,nan,１車身１/２,nan
2320260430020002,toride,2026-04-30,2,○2 ◎5 △3 注6 ×4 ▲7,2-5  540円(2),2-5-3  990円(3),2=3=5  170円(1),2=3  160円(3)  2=5  100円(1)  3=5  130円(2) / 2=3  160円(3)  2=5  100円(1)  3=5  130円(2),5,立花 成泰  岡,山,47,82,A1,追,3.92,87.08,◎,6,16.6,33.3,33.3,0,0,2,12.5,ク,１/４車輪,nan
2320260430020002,toride,2026-04-30,2,○2 ◎5 △3 注6 ×4 ▲7,2-5  540円(2),2-5-3  990円(3),2=3=5  170円(1),2=3  160円(3)  2=5  100円(1)  3=5  130円(2) / 2=3  160円(3)  2=5  100円(1)  3=5  130円(2),6,亀井 雅斗  群,馬,50,75,A2,追,3.92,78.05,nan,0,0.0,0.0,0.0,0,0,4,11.9,nan,１車身１/２,nan
2320260430020002,toride,2026-04-30,2,○2 ◎5 △3 注6 ×4 ▲7,2-5  540円(2),2-5-3  990円(3),2=3=5  170円(1),2=3  160円(3)  2=5  100円(1)  3=5  130円(2) / 2=3  160円(3)  2=5  100円(1)  3=5  130円(2),7,望月 紀男  静,岡,48,79,A2,追,3.92,84.61,×,1,9.5,19.0,42.8,0,0,失,nan,nan,nan,nan
2320260430020003,toride,2026-04-30,3,×3 ▲6 注1 ○4 ◎5 △2,"6-7  21,230円(38)","6-7-3  120,460円(161)","3=6=7  13,530円(30)","3=6  1,240円(8)  3=7  4,170円(18)  6=7  5,370円(21) / 3=6  1,240円(8)  3=7  4,170円(18)  6=7  5,370円(21)",1,寺沼 将彦  東,京,33,111,A1,追,3.92,84.40,注,2,14.2,33.3,42.8,0,0,4,12.0,nan,３/４車身,nan
2320260430020003,toride,2026-04-30,3,×3 ▲6 注1 ○4 ◎5 △2,"6-7  21,230円(38)","6-7-3  120,460円(161)","3=6=7  13,530円(30)","3=6  1,240円(8)  3=7  4,170円(18)  6=7  5,370円(21) / 3=6  1,240円(8)  3=7  4,170円(18)  6=7  5,370円(21)",2,田中 孝彦  静,岡,39,91,A1,追,3.92,86.12,◎,6,20.8,37.5,45.8,0,1,落,nan,nan,nan,nan
2320260430020003,toride,2026-04-30,3,×3 ▲6 注1 ○4 ◎5 △2,"6-7  21,230円(38)","6-7-3  120,460円(161)","3=6=7  13,530円(30)","3=6  1,240円(8)  3=7  4,170円(18)  6=7  5,370円(21) / 3=6  1,240円(8)  3=7  4,170円(18)  6=7  5,370円(21)",3,菊池 翔  福,島,31,119,A1,逃,3.92,83.00,×,1,12.5,20.8,33.3,0,1,3,12.4,nan,１/８車輪,nan
2320260430020003,toride,2026-04-30,3,×3 ▲6 注1 ○4 ◎5 △2,"6-7  21,230円(38)","6-7-3  120,460円(161)","3=6=7  13,530円(30)","3=6  1,240円(8)  3=7  4,170円(18)  6=7  5,370円(21) / 3=6  1,240円(8)  3=7  4,170円(18)  6=7  5,370円(21)",4,藤田 剣次  福,岡,48,85,A2,追,3.92,81.00,nan,0,8.3,20.8,33.3,0,0,6,14.4,nan,大差,nan
2320260430020003,toride,2026-04-30,3,×3 ▲6 注1 ○4 ◎5 △2,"6-7  21,230円(38)","6-7-3  120,460円(161)","3=6=7  13,530円(30)","3=6  1,240円(8)  3=7  4,170円(18)  6=7  5,370円(21) / 3=6  1,240円(8)  3=7  4,170円(18)  6=7  5,370円(21)",5,深瀬 泰我  静,岡,33,119,A1,逃,3.92,86.47,○,5,9.5,47.6,66.6,3,4,5,12.2,nan,１/８車輪,nan
2320260430020003,toride,2026-04-30,3,×3 ▲6 注1 ○4 ◎5 △2,"6-7  21,230円(38)","6-7-3  120,460円(161)","3=6=7  13,530円(30)","3=6  1,240円(8)  3=7  4,170円(18)  6=7  5,370円(21) / 3=6  1,240円(8)  3=7  4,170円(18)  6=7  5,370円(21)",6,須永 勝太  福,島,35,98,A2,両,3.92,80.18,▲,3,4.5,13.6,27.2,0,1,1,12.2,差,nan,nan
2320260430020003,toride,2026-04-30,3,×3 ▲6 注1 ○4 ◎5 △2,"6-7  21,230円(38)","6-7-3  120,460円(161)","3=6=7  13,530円(30)","3=6  1,240円(8)  3=7  4,170円(18)  6=7  5,370円(21) / 3=6  1,240円(8)  3=7  4,170円(18)  6=7  5,370円(21)",7,三ッ井 武,神奈川,40,96,A1,追,3.93,83.12,△,4,18.7,25.0,43.7,0,0,2,12.0,差,１/２車身,nan
2320260430020004,toride,2026-04-30,4,◎2 ○5 ▲6 注1 ×3 △4,2-5  180円(1),"2-5-7  1,270円(3)",2=5=7  500円(2),2=5  100円(1)  2=7  240円(4)  5=7  310円(5) / 2=5  100円(1)  2=7  240円(4)  5=7  310円(5),1,水本 博行  岡,山,50,78,A2,追,3.93,80.00,nan,0,0.0,0.0,0.0,0,0,6,11.7,nan,１/２車身,nan
2320260430020004,toride,2026-04-30,4,◎2 ○5 ▲6 注1 ×3 △4,2-5  180円(1),"2-5-7  1,270円(3)",2=5=7  500円(2),2=5  100円(1)  2=7  240円(4)  5=7  310円(5) / 2=5  100円(1)  2=7  240円(4)  5=7  310円(5),2,土田 武志  茨,城,27,115,A1,逃,3.92,86.00,◎,6,6.6,26.6,40.0,2,0,1,12.0,逃,nan,nan
2320260430020004,toride,2026-04-30,4,◎2 ○5 ▲6 注1 ×3 △4,2-5  180円(1),"2-5-7  1,270円(3)",2=5=7  500円(2),2=5  100円(1)  2=7  240円(4)  5=7  310円(5) / 2=5  100円(1)  2=7  240円(4)  5=7  310円(5),3,梶山 裕次郎  福,岡,45,87,A2,追,3.93,80.81,注,2,0.0,9.0,18.1,0,0,4,11.7,nan,１車身１/２,nan
2320260430020004,toride,2026-04-30,4,◎2 ○5 ▲6 注1 ×3 △4,2-5  180円(1),"2-5-7  1,270円(3)",2=5=7  500円(2),2=5  100円(1)  2=7  240円(4)  5=7  310円(5) / 2=5  100円(1)  2=7  240円(4)  5=7  310円(5),4,伊藤 彰規,神奈川,36,96,A2,両,3.92,80.90,×,1,9.0,9.0,18.1,0,0,7,13.3,nan,大差,nan
2320260430020004,toride,2026-04-30,4,◎2 ○5 ▲6 注1 ×3 △4,2-5  180円(1),"2-5-7  1,270円(3)",2=5=7  500円(2),2=5  100円(1)  2=7  240円(4)  5=7  310円(5) / 2=5  100円(1)  2=7  240円(4)  5=7  310円(5),5,近藤 寛央  東,京,39,97,A1,追,3.85,84.72,○,5,0.0,11.1,27.7,0,0,2,11.8,ク,１/４車輪,nan
2320260430020004,toride,2026-04-30,4,◎2 ○5 ▲6 注1 ×3 △4,2-5  180円(1),"2-5-7  1,270円(3)",2=5=7  500円(2),2=5  100円(1)  2=7  240円(4)  5=7  310円(5) / 2=5  100円(1)  2=7  240円(4)  5=7  310円(5),6,渡邊 政幸  埼,玉,43,90,A2,追,3.92,79.55,▲,3,0.0,10.0,25.0,0,0,5,11.8,nan,３/４車身,nan
2320260430020004,toride,2026-04-30,4,◎2 ○5 ▲6 注1 ×3 △4,2-5  180円(1),"2-5-7  1,270円(3)",2=5=7  500円(2),2=5  100円(1)  2=7  240円(4)  5=7  310円(5) / 2=5  100円(1)  2=7  240円(4)  5=7  310円(5),7,徳吉 広紀  福,岡,49,84,A2,追,3.92,85.04,△,4,9.5,14.2,52.3,0,0,3,11.7,nan,３/４車輪,nan
2320260430020005,toride,2026-04-30,5,注3 ▲4 ◎7 ○1 △6 ×2,5-2  810円(3),"5-2-6  4,800円(15)","2=5=6  1,300円(6)",2=5  230円(2)  2=6  510円(7)  5=6  540円(8) / 2=5  230円(2)  2=6  510円(7)  5=6  540円(8),1,飯田 辰哉  千,葉,53,72,A1,追,3.92,90.37,○,5,20.8,33.3,50.0,0,0,4,11.9,nan,１車身,nan
2320260430020005,toride,2026-04-30,5,注3 ▲4 ◎7 ○1 △6 ×2,5-2  810円(3),"5-2-6  4,800円(15)","2=5=6  1,300円(6)",2=5  230円(2)  2=6  510円(7)  5=6  540円(8) / 2=5  230円(2)  2=6  510円(7)  5=6  540円(8),2,中島 竜誠  山,梨,25,125,A2,逃,3.92,90.13,△,4,33.3,40.0,80.0,3,2,2,12.4,逃,１/４車輪,nan
2320260430020005,toride,2026-04-30,5,注3 ▲4 ◎7 ○1 △6 ×2,5-2  810円(3),"5-2-6  4,800円(15)","2=5=6  1,300円(6)",2=5  230円(2)  2=6  510円(7)  5=6  540円(8) / 2=5  230円(2)  2=6  510円(7)  5=6  540円(8),3,利根 正明  大,分,36,97,A1,逃,3.92,87.28,注,2,28.5,33.3,42.8,1,6,7,13.4,nan,大差,nan
2320260430020005,toride,2026-04-30,5,注3 ▲4 ◎7 ○1 △6 ×2,5-2  810円(3),"5-2-6  4,800円(15)","2=5=6  1,300円(6)",2=5  230円(2)  2=6  510円(7)  5=6  540円(8) / 2=5  230円(2)  2=6  510円(7)  5=6  540円(8),4,小原 将通  大,分,38,92,A1,追,3.92,86.78,▲,3,15.7,31.5,47.3,0,0,6,12.2,nan,１/４車輪,nan
2320260430020005,toride,2026-04-30,5,注3 ▲4 ◎7 ○1 △6 ×2,5-2  810円(3),"5-2-6  4,800円(15)","2=5=6  1,300円(6)",2=5  230円(2)  2=6  510円(7)  5=6  540円(8) / 2=5  230円(2)  2=6  510円(7)  5=6  540円(8),5,山崎 輝夫  埼,玉,35,99,A1,追,3.92,91.00,×,1,0.0,41.6,41.6,0,1,1,12.2,差,nan,nan
2320260430020005,toride,2026-04-30,5,注3 ▲4 ◎7 ○1 △6 ×2,5-2  810円(3),"5-2-6  4,800円(15)","2=5=6  1,300円(6)",2=5  230円(2)  2=6  510円(7)  5=6  540円(8) / 2=5  230円(2)  2=6  510円(7)  5=6  540円(8),6,谷口 幸司  高,知,32,111,A1,追,3.92,86.52,nan,0,11.1,38.8,55.5,0,0,3,12.2,nan,３/４車身,nan
2320260430020005,toride,2026-04-30,5,注3 ▲4 ◎7 ○1 △6 ×2,5-2  810円(3),"5-2-6  4,800円(15)","2=5=6  1,300円(6)",2=5  230円(2)  2=6  510円(7)  5=6  540円(8) / 2=5  230円(2)  2=6  510円(7)  5=6  540円(8),7,矢口 大樹  千,葉,37,95,A1,両,3.92,90.41,◎,6,11.7,35.2,52.9,2,4,5,12.0,nan,１/４車輪,nan
2320260430020006,toride,2026-04-30,6,×1 △3 ▲6 ◎4 ○5 注2,"5-3  1,170円(7)","5-3-7  12,050円(32)","3=5=7  4,720円(11)","3=5  220円(3)  3=7  1,130円(12)  5=7  370円(5) / 3=5  220円(3)  3=7  1,130円(12)  5=7  370円(5)",1,片桐 善也  新,潟,32,117,A1,逃,3.92,92.27,×,1,27.7,55.5,66.6,6,3,5,12.6,nan,１/２車輪,nan
2320260430020006,toride,2026-04-30,6,×1 △3 ▲6 ◎4 ○5 注2,"5-3  1,170円(7)","5-3-7  12,050円(32)","3=5=7  4,720円(11)","3=5  220円(3)  3=7  1,130円(12)  5=7  370円(5) / 3=5  220円(3)  3=7  1,130円(12)  5=7  370円(5)",2,佐竹 和也  徳,島,46,83,A1,追,3.92,90.25,○,5,6.2,37.5,43.7,0,0,4,12.3,nan,１/２車身,nan
2320260430020006,toride,2026-04-30,6,×1 △3 ▲6 ◎4 ○5 注2,"5-3  1,170円(7)","5-3-7  12,050円(32)","3=5=7  4,720円(11)","3=5  220円(3)  3=7  1,130円(12)  5=7  370円(5) / 3=5  220円(3)  3=7  1,130円(12)  5=7  370円(5)",3,星野 辰也  栃,木,40,95,A1,追,3.92,87.52,△,4,14.2,33.3,52.3,0,1,2,12.3,差,１/２車輪,nan
2320260430020006,toride,2026-04-30,6,×1 △3 ▲6 ◎4 ○5 注2,"5-3  1,170円(7)","5-3-7  12,050円(32)","3=5=7  4,720円(11)","3=5  220円(3)  3=7  1,130円(12)  5=7  370円(5) / 3=5  220円(3)  3=7  1,130円(12)  5=7  370円(5)",4,長野 和弘  福,岡,49,82,A2,追,3.92,83.09,▲,3,4.5,13.6,40.9,0,0,6,12.1,nan,１/２車身,nan
2320260430020006,toride,2026-04-30,6,×1 △3 ▲6 ◎4 ○5 注2,"5-3  1,170円(7)","5-3-7  12,050円(32)","3=5=7  4,720円(11)","3=5  220円(3)  3=7  1,130円(12)  5=7  370円(5) / 3=5  220円(3)  3=7  1,130円(12)  5=7  370円(5)",5,諸隈 健太郎  高,知,25,127,A2,逃,3.92,90.30,◎,6,40.0,65.0,70.0,13,0,1,12.3,捲,nan,nan
2320260430020006,toride,2026-04-30,6,×1 △3 ▲6 ◎4 ○5 注2,"5-3  1,170円(7)","5-3-7  12,050円(32)","3=5=7  4,720円(11)","3=5  220円(3)  3=7  1,130円(12)  5=7  370円(5) / 3=5  220円(3)  3=7  1,130円(12)  5=7  370円(5)",6,舘 真成  茨,城,38,98,A2,両,3.86,80.33,nan,0,19.0,19.0,19.0,0,2,7,12.4,nan,２車身,nan
2320260430020006,toride,2026-04-30,6,×1 △3 ▲6 ◎4 ○5 注2,"5-3  1,170円(7)","5-3-7  12,050円(32)","3=5=7  4,720円(11)","3=5  220円(3)  3=7  1,130円(12)  5=7  370円(5) / 3=5  220円(3)  3=7  1,130円(12)  5=7  370円(5)",7,川又 裕樹,鹿児島,40,97,A1,追,3.93,85.47,注,2,14.2,19.0,47.6,0,0,3,12.0,nan,１/２車身,nan
2320260430020007,toride,2026-04-30,7,◎5 ○3 △6 注1 ×7 ▲4,"3-1  4,980円(9)","3-1-5  5,330円(12)",1=3=5  310円(1),1=3  240円(4)  1=5  200円(3)  3=5  100円(1) / 1=3  240円(4)  1=5  200円(3)  3=5  100円(1),1,成田 直喜  青,森,50,81,A1,追,3.92,90.66,△,4,22.2,38.8,50.0,0,1,2,11.7,差,１/４車輪,nan
2320260430020007,toride,2026-04-30,7,◎5 ○3 △6 注1 ×7 ▲4,"3-1  4,980円(9)","3-1-5  5,330円(12)",1=3=5  310円(1),1=3  240円(4)  1=5  200円(3)  3=5  100円(1) / 1=3  240円(4)  1=5  200円(3)  3=5  100円(1),2,小林 和彦  群,馬,49,82,A2,両,3.77,82.46,▲,3,0.0,26.6,40.0,0,0,7,12.1,nan,１/２車輪,nan
2320260430020007,toride,2026-04-30,7,◎5 ○3 △6 注1 ×7 ▲4,"3-1  4,980円(9)","3-1-5  5,330円(12)",1=3=5  310円(1),1=3  240円(4)  1=5  200円(3)  3=5  100円(1) / 1=3  240円(4)  1=5  200円(3)  3=5  100円(1),3,神開 一輝  福,岡,32,119,A1,逃,3.92,90.05,○,5,20.0,30.0,40.0,0,1,1,11.8,差,nan,nan
2320260430020007,toride,2026-04-30,7,◎5 ○3 △6 注1 ×7 ▲4,"3-1  4,980円(9)","3-1-5  5,330円(12)",1=3=5  310円(1),1=3  240円(4)  1=5  200円(3)  3=5  100円(1) / 1=3  240円(4)  1=5  200円(3)  3=5  100円(1),4,矢島 一弥  群,馬,40,92,A1,追,3.92,87.04,×,1,16.6,29.1,50.0,0,0,5,12.1,nan,１車身,nan
2320260430020007,toride,2026-04-30,7,◎5 ○3 △6 注1 ×7 ▲4,"3-1  4,980円(9)","3-1-5  5,330円(12)",1=3=5  310円(1),1=3  240円(4)  1=5  200円(3)  3=5  100円(1) / 1=3  240円(4)  1=5  200円(3)  3=5  100円(1),5,山本 浩成  福,岡,27,119,A1,逃,3.92,93.76,◎,6,42.8,57.1,66.6,1,8,3,11.9,nan,微差,nan
2320260430020007,toride,2026-04-30,7,◎5 ○3 △6 注1 ×7 ▲4,"3-1  4,980円(9)","3-1-5  5,330円(12)",1=3=5  310円(1),1=3  240円(4)  1=5  200円(3)  3=5  100円(1) / 1=3  240円(4)  1=5  200円(3)  3=5  100円(1),6,小川 巧  岡,山,59,57,A2,追,3.92,82.31,nan,0,4.3,30.4,34.7,0,0,6,11.8,nan,３/４車身,nan
2320260430020007,toride,2026-04-30,7,◎5 ○3 △6 注1 ×7 ▲4,"3-1  4,980円(9)","3-1-5  5,330円(12)",1=3=5  310円(1),1=3  240円(4)  1=5  200円(3)  3=5  100円(1) / 1=3  240円(4)  1=5  200円(3)  3=5  100円(1),7,西村 剛  新,潟,26,125,A2,逃,3.92,86.56,注,2,31.2,43.7,50.0,4,3,4,12.1,nan,１/８車輪,nan
2620260501010001,seibuen,2026-05-01,1,◎2 ○1 ▲5 ×4 △3 注6,,,,,1,石井 毅,神奈川,52,74,A3,追,3.77,74.00,○,5,8.3,45.8,62.5,0,1,,,,,
2620260501010001,seibuen,2026-05-01,1,◎2 ○1 ▲5 ×4 △3 注6,,,,,2,國井 裕樹,神奈川,42,113,A3,逃,3.92,73.77,◎,6,22.2,55.5,66.6,5,2,,,,,
2620260501010001,seibuen,2026-05-01,1,◎2 ○1 ▲5 ×4 △3 注6,,,,,3,加美山 隆行  宮,城,39,92,A3,追,3.92,71.50,△,4,21.0,47.3,52.6,0,0,,,,,
2620260501010001,seibuen,2026-05-01,1,◎2 ○1 ▲5 ×4 △3 注6,,,,,4,牧田 賢也  福,島,29,111,A3,逃,3.92,71.40,×,1,13.3,20.0,40.0,0,2,,,,,
2620260501010001,seibuen,2026-05-01,1,◎2 ○1 ▲5 ×4 △3 注6,,,,,5,田中 智也  静,岡,53,74,A3,追,3.92,69.37,▲,3,6.2,12.5,31.2,0,0,,,,,
2620260501010001,seibuen,2026-05-01,1,◎2 ○1 ▲5 ×4 △3 注6,,,,,6,前島 恭平  長,野,37,98,A3,逃,3.92,68.36,注,2,13.6,22.7,36.3,3,2,,,,,
2620260501010001,seibuen,2026-05-01,1,◎2 ○1 ▲5 ×4 △3 注6,,,,,7,佐野 多喜男  新,潟,47,85,A3,追,3.92,66.66,nan,0,11.1,27.7,33.3,0,1,,,,,
2620260501010002,seibuen,2026-05-01,2,◎2 ○1 ▲5 ×7 △3 注4,,,,,1,薮 謙治  京,都,48,83,A3,追,3.92,73.88,○,5,20.0,50.0,60.0,0,0,,,,,
2620260501010002,seibuen,2026-05-01,2,◎2 ○1 ▲5 ×7 △3 注4,,,,,2,林 佳宗依  富,山,24,127,A3,逃,3.92,73.23,◎,6,31.8,45.4,54.5,8,2,,,,,
2620260501010002,seibuen,2026-05-01,2,◎2 ○1 ▲5 ×7 △3 注4,,,,,3,福森 慎太郎  千,葉,49,84,A3,逃,3.92,73.05,×,1,21.0,31.5,57.8,2,3,,,,,
2620260501010002,seibuen,2026-05-01,2,◎2 ○1 ▲5 ×7 △3 注4,,,,,4,市川 博章  静,岡,49,80,A3,追,3.93,71.23,△,4,0.0,19.0,42.8,0,0,,,,,
2620260501010002,seibuen,2026-05-01,2,◎2 ○1 ▲5 ×7 △3 注4,,,,,5,南 大輔  京,都,51,76,A3,追,3.92,70.88,▲,3,5.2,26.3,47.3,0,0,,,,,
2620260501010002,seibuen,2026-05-01,2,◎2 ○1 ▲5 ×7 △3 注4,,,,,6,渡邉 正人  福,島,35,100,A3,逃,3.86,67.46,注,2,0.0,6.6,20.0,0,0,,,,,
2620260501010002,seibuen,2026-05-01,2,◎2 ○1 ▲5 ×7 △3 注4,,,,,7,塚本 諭  福,島,49,85,A3,追,3.85,67.00,nan,0,9.5,14.2,19.0,1,0,,,,,
2620260501010003,seibuen,2026-05-01,3,×3 △2 ◎1 ○5 注7 ▲4,,,,,1,楠野 史尭  埼,玉,37,105,A3,両,3.92,78.61,◎,6,42.8,90.4,100.0,8,1,,,,,
2620260501010003,seibuen,2026-05-01,3,×3 △2 ◎1 ○5 注7 ▲4,,,,,2,竜門 孝宗  兵,庫,40,95,A3,追,3.92,72.66,△,4,9.5,14.2,57.1,0,0,,,,,
2620260501010003,seibuen,2026-05-01,3,×3 △2 ◎1 ○5 注7 ▲4,,,,,3,武田 和也  奈,良,38,92,A3,両,3.92,71.42,×,1,28.5,47.6,52.3,4,0,,,,,
2620260501010003,seibuen,2026-05-01,3,×3 △2 ◎1 ○5 注7 ▲4,,,,,4,高橋 海月  青,森,25,123,A3,逃,3.85,67.07,注,2,7.6,15.3,30.7,1,1,,,,,
2620260501010003,seibuen,2026-05-01,3,×3 △2 ◎1 ○5 注7 ▲4,,,,,5,長谷川 辰徳  埼,玉,45,89,A3,追,3.86,66.19,○,5,4.7,9.5,23.8,0,0,,,,,
2620260501010003,seibuen,2026-05-01,3,×3 △2 ◎1 ○5 注7 ▲4,,,,,6,千澤 大輔  青,森,38,95,A3,追,3.85,66.04,▲,3,12.5,20.8,20.8,0,0,,,,,
2620260501010003,seibuen,2026-05-01,3,×3 △2 ◎1 ○5 注7 ▲4,,,,,7,井上 典善  千,葉,57,66,A3,追,3.92,65.82,nan,0,5.8,5.8,11.7,0,0,,,,,
2620260501010004,seibuen,2026-05-01,4,◎1 ○2 注4 ×3 △5 ▲6,,,,,1,辻田 祥大  三,重,23,127,A3,逃,3.92,73.50,◎,6,16.6,33.3,66.6,2,0,,,,,
2620260501010004,seibuen,2026-05-01,4,◎1 ○2 注4 ×3 △5 ▲6,,,,,2,杉山 正和  三,重,59,59,A3,追,3.85,72.06,○,5,13.3,46.6,53.3,0,0,,,,,
2620260501010004,seibuen,2026-05-01,4,◎1 ○2 注4 ×3 △5 ▲6,,,,,3,吉松 賢二  群,馬,40,90,A3,両,3.93,70.59,×,1,8.0,40.0,60.0,7,1,,,,,
2620260501010004,seibuen,2026-05-01,4,◎1 ○2 注4 ×3 △5 ▲6,,,,,4,服部 竜二  愛,知,54,76,A3,追,3.92,70.45,注,2,4.1,16.6,37.5,0,0,,,,,
2620260501010004,seibuen,2026-05-01,4,◎1 ○2 注4 ×3 △5 ▲6,,,,,5,野崎 修一  栃,木,63,57,A3,追,3.92,69.41,△,4,12.5,20.8,45.8,0,0,,,,,
2620260501010004,seibuen,2026-05-01,4,◎1 ○2 注4 ×3 △5 ▲6,,,,,6,小林 大能  千,葉,46,87,A3,追,3.79,67.81,▲,3,0.0,18.5,25.9,0,0,,,,,
2620260501010004,seibuen,2026-05-01,4,◎1 ○2 注4 ×3 △5 ▲6,,,,,7,久保 将史,神奈川,41,95,A3,両,3.93,63.43,nan,0,0.0,0.0,0.0,0,0,,,,,
2620260501010005,seibuen,2026-05-01,5,◎1 ○2 ▲6 △4 注5 ×3,,,,,1,三浦 生誠  岩,手,24,127,A3,逃,3.92,75.61,◎,6,42.8,57.1,66.6,9,3,,,,,
2620260501010005,seibuen,2026-05-01,5,◎1 ○2 ▲6 △4 注5 ×3,,,,,2,中野 良,北海道,50,83,A3,追,3.92,74.59,○,5,7.4,48.1,70.3,0,0,,,,,
2620260501010005,seibuen,2026-05-01,5,◎1 ○2 ▲6 △4 注5 ×3,,,,,3,堀内 昇  茨,城,37,95,A3,両,3.93,71.94,×,1,5.8,29.4,52.9,1,0,,,,,
2620260501010005,seibuen,2026-05-01,5,◎1 ○2 ▲6 △4 注5 ×3,,,,,4,中村 賢二  愛,知,43,97,A3,追,3.92,71.30,△,4,33.3,36.6,56.6,1,1,,,,,
2620260501010005,seibuen,2026-05-01,5,◎1 ○2 ▲6 △4 注5 ×3,,,,,5,吉野 猛  愛,知,52,74,A3,追,3.92,69.45,注,2,0.0,22.7,27.2,0,0,,,,,
2620260501010005,seibuen,2026-05-01,5,◎1 ○2 ▲6 △4 注5 ×3,,,,,6,佐藤 裕輝  福,島,35,98,A3,逃,3.92,68.27,▲,3,9.0,18.1,27.2,0,0,,,,,
2620260501010005,seibuen,2026-05-01,5,◎1 ○2 ▲6 △4 注5 ×3,,,,,7,笹川 竜治  新,潟,53,71,A3,追,3.92,66.83,nan,0,0.0,0.0,7.1,0,0,,,,,
2620260501010006,seibuen,2026-05-01,6,◎1 ○3 △4 ▲6 ×2 注5,,,,,1,西本 健三郎  茨,城,23,127,A3,逃,3.92,77.66,◎,6,50.0,83.3,83.3,3,2,,,,,
2620260501010006,seibuen,2026-05-01,6,◎1 ○3 △4 ▲6 ×2 注5,,,,,2,村本 慎吾  静,岡,44,94,A3,追,3.92,74.50,×,1,8.3,33.3,62.5,0,0,,,,,
2620260501010006,seibuen,2026-05-01,6,◎1 ○3 △4 ▲6 ×2 注5,,,,,3,早坂 道義  栃,木,46,88,A3,追,3.85,72.62,○,5,12.5,16.6,54.1,0,0,,,,,
2620260501010006,seibuen,2026-05-01,6,◎1 ○3 △4 ▲6 ×2 注5,,,,,4,羽石 国臣  栃,木,51,93,A3,追,3.92,70.13,△,4,13.6,22.7,45.4,0,0,,,,,
2620260501010006,seibuen,2026-05-01,6,◎1 ○3 △4 ▲6 ×2 注5,,,,,5,町田 勝志  静,岡,50,76,A3,追,3.92,68.38,注,2,11.1,16.6,38.8,0,0,,,,,
2620260501010006,seibuen,2026-05-01,6,◎1 ○3 △4 ▲6 ×2 注5,,,,,6,米倉 剛志  千,葉,43,89,A3,逃,3.85,67.30,▲,3,7.6,15.3,38.4,2,0,,,,,
2620260501010006,seibuen,2026-05-01,6,◎1 ○3 △4 ▲6 ×2 注5,,,,,7,中川 博文  福,井,58,61,A3,追,3.93,65.47,nan,0,4.7,9.5,23.8,0,0,,,,,
2620260501010007,seibuen,2026-05-01,7,◎1 ○2 注4 ×6 △3 ▲5,,,,,1,中川 飛隆  新,潟,27,127,A3,逃,3.75,77.38,◎,6,52.3,71.4,90.4,6,6,,,,,
2620260501010007,seibuen,2026-05-01,7,◎1 ○2 注4 ×6 △3 ▲5,,,,,2,齋藤 昌弘  群,馬,44,90,A3,追,3.85,74.33,○,5,0.0,33.3,66.6,0,0,,,,,
2620260501010007,seibuen,2026-05-01,7,◎1 ○2 注4 ×6 △3 ▲5,,,,,3,中井 修  滋,賀,56,75,A3,両,3.92,72.90,×,1,14.2,23.8,52.3,1,1,,,,,
2620260501010007,seibuen,2026-05-01,7,◎1 ○2 注4 ×6 △3 ▲5,,,,,4,長崎 達也,神奈川,44,89,A3,両,3.93,69.50,注,2,8.3,25.0,33.3,0,0,,,,,
2620260501010007,seibuen,2026-05-01,7,◎1 ○2 注4 ×6 △3 ▲5,,,,,5,中嶋 樹  大,阪,24,119,A3,逃,3.92,69.21,△,4,8.6,30.4,34.7,6,1,,,,,
2620260501010007,seibuen,2026-05-01,7,◎1 ○2 注4 ×6 △3 ▲5,,,,,6,渡邊 秀明,神奈川,54,68,A3,追,3.92,67.62,nan,0,3.1,21.8,34.3,0,0,,,,,
2620260501010007,seibuen,2026-05-01,7,◎1 ○2 注4 ×6 △3 ▲5,,,,,7,高野 輝彰  愛,知,50,83,A3,追,3.86,66.37,▲,3,0.0,0.0,16.6,0,0,,,,,
3520260501010001,hiratsuka,2026-05-01,1,◎1 ○3 注9 ▲6 ×2 △4,3-1  190円(1),3-1-7  750円(2),1=3=7  390円(2),1=3  100円(1)  1=7  310円(5)  3=7  240円(3) / 1=3  100円(1)  1=7  310円(5)  3=7  240円(3),1,山崎 賢人  長,崎,33,111,S1,逃,3.93,112.63,◎,6,31.8,59.0,63.6,6,5,2,11.8,逃,１/２車輪,nan
3520260501010001,hiratsuka,2026-05-01,1,◎1 ○3 注9 ▲6 ×2 △4,3-1  190円(1),3-1-7  750円(2),1=3=7  390円(2),1=3  100円(1)  1=7  310円(5)  3=7  240円(3) / 1=3  100円(1)  1=7  310円(5)  3=7  240円(3),2,久米 良  徳,島,38,96,S1,追,3.92,105.79,注,2,8.3,16.6,33.3,0,0,4,11.5,nan,１/４車輪,nan
3520260501010001,hiratsuka,2026-05-01,1,◎1 ○3 注9 ▲6 ×2 △4,3-1  190円(1),3-1-7  750円(2),1=3=7  390円(2),1=3  100円(1)  1=7  310円(5)  3=7  240円(3) / 1=3  100円(1)  1=7  310円(5)  3=7  240円(3),3,山田 庸平  佐,賀,38,94,S1,両,3.93,113.05,○,5,38.8,44.4,61.1,0,5,1,11.7,差,nan,nan
3520260501010001,hiratsuka,2026-05-01,1,◎1 ○3 注9 ▲6 ×2 △4,3-1  190円(1),3-1-7  750円(2),1=3=7  390円(2),1=3  100円(1)  1=7  310円(5)  3=7  240円(3) / 1=3  100円(1)  1=7  310円(5)  3=7  240円(3),4,橋本 壮史  茨,城,31,119,S2,逃,3.92,105.33,▲,3,14.2,33.3,57.1,5,2,8,11.9,nan,３/４車身,nan
3520260501010001,hiratsuka,2026-05-01,1,◎1 ○3 注9 ▲6 ×2 △4,3-1  190円(1),3-1-7  750円(2),1=3=7  390円(2),1=3  100円(1)  1=7  310円(5)  3=7  240円(3) / 1=3  100円(1)  1=7  310円(5)  3=7  240円(3),5,椎木尾 拓哉,和歌山,40,93,S1,追,3.92,108.13,△,4,17.3,26.0,60.8,0,0,5,11.5,nan,３/４車輪,nan
3520260501010001,hiratsuka,2026-05-01,1,◎1 ○3 注9 ▲6 ×2 △4,3-1  190円(1),3-1-7  750円(2),1=3=7  390円(2),1=3  100円(1)  1=7  310円(5)  3=7  240円(3) / 1=3  100円(1)  1=7  310円(5)  3=7  240円(3),6,島川 将貴  徳,島,31,109,S1,逃,3.92,99.25,nan,0,13.7,27.5,34.4,1,2,9,12.7,nan,大差,nan
3520260501010001,hiratsuka,2026-05-01,1,◎1 ○3 注9 ▲6 ×2 △4,3-1  190円(1),3-1-7  750円(2),1=3=7  390円(2),1=3  100円(1)  1=7  310円(5)  3=7  240円(3) / 1=3  100円(1)  1=7  310円(5)  3=7  240円(3),7,吉澤 純平  茨,城,41,101,S1,両,3.92,109.65,×,1,33.3,50.0,54.1,0,2,3,11.6,nan,３/４車身,nan
3520260501010001,hiratsuka,2026-05-01,1,◎1 ○3 注9 ▲6 ×2 △4,3-1  190円(1),3-1-7  750円(2),1=3=7  390円(2),1=3  100円(1)  1=7  310円(5)  3=7  240円(3) / 1=3  100円(1)  1=7  310円(5)  3=7  240円(3),8,小森 貴大  福,井,36,111,S1,両,3.92,105.21,nan,0,7.1,28.5,35.7,0,2,7,11.8,nan,１/２車輪,nan
3520260501010001,hiratsuka,2026-05-01,1,◎1 ○3 注9 ▲6 ×2 △4,3-1  190円(1),3-1-7  750円(2),1=3=7  390円(2),1=3  100円(1)  1=7  310円(5)  3=7  240円(3) / 1=3  100円(1)  1=7  310円(5)  3=7  240円(3),9,中村 圭志  熊,本,45,86,S1,追,3.93,107.43,nan,0,4.3,39.1,60.8,0,0,6,11.5,nan,１車身,nan
3520260501010002,hiratsuka,2026-05-01,2,×1 ▲9 △6 ◎2 ○4 注7,"6-7  16,640円(44)","6-7-5  91,940円(224)","5=6=7  6,440円(22)","5=6  3,260円(30)  5=7  170円(1)  6=7  1,510円(20) / 5=6  3,260円(30)  5=7  170円(1)  6=7  1,510円(20)",1,河端 朋之  岡,山,41,95,S1,逃,3.93,109.13,×,1,27.7,41.6,50.0,1,8,6,11.6,nan,１/２車輪,nan
3520260501010002,hiratsuka,2026-05-01,2,×1 ▲9 △6 ◎2 ○4 注7,"6-7  16,640円(44)","6-7-5  91,940円(224)","5=6=7  6,440円(22)","5=6  3,260円(30)  5=7  170円(1)  6=7  1,510円(20) / 5=6  3,260円(30)  5=7  170円(1)  6=7  1,510円(20)",2,山崎 芳仁  福,島,46,88,S1,両,3.92,109.57,△,4,7.1,21.4,50.0,0,0,9,11.6,nan,２車身,nan
3520260501010002,hiratsuka,2026-05-01,2,×1 ▲9 △6 ◎2 ○4 注7,"6-7  16,640円(44)","6-7-5  91,940円(224)","5=6=7  6,440円(22)","5=6  3,260円(30)  5=7  170円(1)  6=7  1,510円(20) / 5=6  3,260円(30)  5=7  170円(1)  6=7  1,510円(20)",3,雨谷 一樹  栃,木,36,96,S1,両,3.92,106.28,nan,0,4.0,32.0,36.0,0,0,4,11.5,nan,１/２車輪,nan
3520260501010002,hiratsuka,2026-05-01,2,×1 ▲9 △6 ◎2 ○4 注7,"6-7  16,640円(44)","6-7-5  91,940円(224)","5=6=7  6,440円(22)","5=6  3,260円(30)  5=7  170円(1)  6=7  1,510円(20) / 5=6  3,260円(30)  5=7  170円(1)  6=7  1,510円(20)",4,五日市 誠  青,森,41,89,S1,追,3.92,105.36,nan,0,20.0,32.0,52.0,0,1,8,11.3,nan,３/４車身,nan
3520260501010002,hiratsuka,2026-05-01,2,×1 ▲9 △6 ◎2 ○4 注7,"6-7  16,640円(44)","6-7-5  91,940円(224)","5=6=7  6,440円(22)","5=6  3,260円(30)  5=7  170円(1)  6=7  1,510円(20) / 5=6  3,260円(30)  5=7  170円(1)  6=7  1,510円(20)",5,神山 拓弥  栃,木,39,91,S1,追,3.92,108.87,○,5,28.0,32.0,44.0,0,0,3,11.6,nan,１/２車輪,nan
3520260501010002,hiratsuka,2026-05-01,2,×1 ▲9 △6 ◎2 ○4 注7,"6-7  16,640円(44)","6-7-5  91,940円(224)","5=6=7  6,440円(22)","5=6  3,260円(30)  5=7  170円(1)  6=7  1,510円(20) / 5=6  3,260円(30)  5=7  170円(1)  6=7  1,510円(20)",6,酒井 雄多  福,島,30,109,S1,逃,3.92,0.00,nan,0,0.0,0.0,0.0,0,0,1,11.3,差,nan,nan
3520260501010002,hiratsuka,2026-05-01,2,×1 ▲9 △6 ◎2 ○4 注7,"6-7  16,640円(44)","6-7-5  91,940円(224)","5=6=7  6,440円(22)","5=6  3,260円(30)  5=7  170円(1)  6=7  1,510円(20) / 5=6  3,260円(30)  5=7  170円(1)  6=7  1,510円(20)",7,坂井 洋  栃,木,31,115,S1,両,3.92,110.39,◎,6,25.0,32.1,50.0,1,4,2,11.7,逃,３/４車身,nan
3520260501010002,hiratsuka,2026-05-01,2,×1 ▲9 △6 ◎2 ○4 注7,"6-7  16,640円(44)","6-7-5  91,940円(224)","5=6=7  6,440円(22)","5=6  3,260円(30)  5=7  170円(1)  6=7  1,510円(20) / 5=6  3,260円(30)  5=7  170円(1)  6=7  1,510円(20)",8,野田 源一  福,岡,47,81,S2,両,3.92,103.35,注,2,4.7,42.8,42.8,0,4,5,11.1,nan,１/４車輪,nan
3520260501010002,hiratsuka,2026-05-01,2,×1 ▲9 △6 ◎2 ○4 注7,"6-7  16,640円(44)","6-7-5  91,940円(224)","5=6=7  6,440円(22)","5=6  3,260円(30)  5=7  170円(1)  6=7  1,510円(20) / 5=6  3,260円(30)  5=7  170円(1)  6=7  1,510円(20)",9,橋本 強  愛,媛,41,89,S1,追,3.92,108.38,▲,3,14.2,23.8,47.6,0,0,6,11.4,nan,１/２車輪,nan
3520260501010003,hiratsuka,2026-05-01,3,×2 注7 ◎9 ○1 △5 ▲8,,,,,1,佐々木 龍,神奈川,35,109,S1,追,3.92,111.16,○,5,10.5,57.8,63.1,0,0,,,,,
3520260501010003,hiratsuka,2026-05-01,3,×2 注7 ◎9 ○1 △5 ▲8,,,,,2,東矢 圭吾  熊,本,27,121,S1,逃,3.92,107.50,×,1,6.2,31.2,50.0,3,2,,,,,
3520260501010003,hiratsuka,2026-05-01,3,×2 注7 ◎9 ○1 △5 ▲8,,,,,3,神田 紘輔  大,阪,39,100,S1,追,3.92,104.79,nan,0,8.3,16.6,37.5,0,0,,,,,
3520260501010003,hiratsuka,2026-05-01,3,×2 注7 ◎9 ○1 △5 ▲8,,,,,4,三宅 達也  岡,山,48,79,S1,追,3.92,104.26,nan,0,11.5,34.6,46.1,0,1,,,,,
3520260501010003,hiratsuka,2026-05-01,3,×2 注7 ◎9 ○1 △5 ▲8,,,,,5,嶋津 拓弥,神奈川,40,103,S1,追,3.92,108.80,nan,0,26.9,42.3,57.6,0,0,,,,,
3520260501010003,hiratsuka,2026-05-01,3,×2 注7 ◎9 ○1 △5 ▲8,,,,,6,原田 研太朗  徳,島,35,98,S1,逃,3.93,103.00,▲,3,24.2,27.2,51.5,3,4,,,,,
3520260501010003,hiratsuka,2026-05-01,3,×2 注7 ◎9 ○1 △5 ▲8,,,,,7,塚本 大樹  熊,本,37,96,S1,追,3.93,107.70,注,2,11.1,22.2,27.7,0,0,,,,,
3520260501010003,hiratsuka,2026-05-01,3,×2 注7 ◎9 ○1 △5 ▲8,,,,,8,伊藤 信  大,阪,42,92,S2,逃,3.93,103.08,△,4,25.0,45.8,50.0,2,8,,,,,
3520260501010003,hiratsuka,2026-05-01,3,×2 注7 ◎9 ○1 △5 ▲8,,,,,9,杉浦 侑吾  栃,木,31,115,S1,逃,3.92,111.48,◎,6,29.6,51.8,66.6,7,7,,,,,
3520260501010004,hiratsuka,2026-05-01,4,▲9 △1 ×4 注2 ◎7 ○8,,,,,1,大槻 寛徳  宮,城,46,85,S1,追,3.92,110.18,△,4,17.6,58.8,76.4,0,1,,,,,
3520260501010004,hiratsuka,2026-05-01,4,▲9 △1 ×4 注2 ◎7 ○8,,,,,2,北津留 翼  福,岡,41,90,S1,逃,3.93,108.76,×,1,28.5,42.8,42.8,1,3,,,,,
3520260501010004,hiratsuka,2026-05-01,4,▲9 △1 ×4 注2 ◎7 ○8,,,,,3,志田 龍星  岐,阜,28,119,S1,逃,3.92,109.48,◎,6,12.0,48.0,60.0,6,4,,,,,
3520260501010004,hiratsuka,2026-05-01,4,▲9 △1 ×4 注2 ◎7 ○8,,,,,4,竹内 智彦  宮,城,49,84,S1,追,3.92,104.11,nan,0,0.0,16.6,33.3,0,0,,,,,
3520260501010004,hiratsuka,2026-05-01,4,▲9 △1 ×4 注2 ◎7 ○8,,,,,5,岡本 総  愛,知,38,105,S1,追,3.92,109.88,○,5,5.8,23.5,47.0,0,0,,,,,
3520260501010004,hiratsuka,2026-05-01,4,▲9 △1 ×4 注2 ◎7 ○8,,,,,6,笠松 信幸  愛,知,46,84,S1,追,3.92,102.47,nan,0,5.8,11.7,29.4,0,0,,,,,
3520260501010004,hiratsuka,2026-05-01,4,▲9 △1 ×4 注2 ◎7 ○8,,,,,7,小川 勇介  福,岡,41,90,S1,追,3.92,109.18,注,2,11.1,33.3,51.8,0,0,,,,,
3520260501010004,hiratsuka,2026-05-01,4,▲9 △1 ×4 注2 ◎7 ○8,,,,,8,田中 勇二  岡,山,38,95,S1,追,3.92,103.59,nan,0,13.3,33.3,43.3,0,0,,,,,
3520260501010004,hiratsuka,2026-05-01,4,▲9 △1 ×4 注2 ◎7 ○8,,,,,9,佐藤 一伸  福,島,38,94,S1,両,3.92,107.68,▲,3,40.0,48.0,72.0,1,8,,,,,
3520260501010005,hiratsuka,2026-05-01,5,△1 ▲9 ×2 注7 ◎4 ○5,,,,,1,山田 諒  岐,阜,27,113,S1,両,3.86,108.05,△,4,36.8,57.8,57.8,3,3,,,,,
3520260501010005,hiratsuka,2026-05-01,5,△1 ▲9 ×2 注7 ◎4 ○5,,,,,2,取鳥 雄吾  岡,山,31,107,S1,逃,3.92,109.23,×,1,23.8,47.6,61.9,7,1,,,,,
3520260501010005,hiratsuka,2026-05-01,5,△1 ▲9 ×2 注7 ◎4 ○5,,,,,3,鈴木 玄人  東,京,29,117,S1,両,3.93,113.00,○,5,21.4,28.5,50.0,0,0,,,,,
3520260501010005,hiratsuka,2026-05-01,5,△1 ▲9 ×2 注7 ◎4 ○5,,,,,4,渡部 哲男  愛,媛,46,84,S1,追,3.92,104.50,nan,0,25.0,41.6,54.1,0,0,,,,,
3520260501010005,hiratsuka,2026-05-01,5,△1 ▲9 ×2 注7 ◎4 ○5,,,,,5,森田 優弥  埼,玉,27,113,S1,逃,3.92,110.13,◎,6,37.5,56.2,62.5,2,6,,,,,
3520260501010005,hiratsuka,2026-05-01,5,△1 ▲9 ×2 注7 ◎4 ○5,,,,,6,菅原 大也,神奈川,35,107,S2,両,3.92,101.47,nan,0,9.5,19.0,33.3,1,3,,,,,
3520260501010005,hiratsuka,2026-05-01,5,△1 ▲9 ×2 注7 ◎4 ○5,,,,,7,桑原 大志  山,口,50,80,S1,追,3.92,107.73,注,2,4.7,28.5,52.3,0,1,,,,,
3520260501010005,hiratsuka,2026-05-01,5,△1 ▲9 ×2 注7 ◎4 ○5,,,,,8,山賀 雅仁  千,葉,44,87,S1,両,3.92,101.92,nan,0,11.1,14.8,37.0,0,1,,,,,
3520260501010005,hiratsuka,2026-05-01,5,△1 ▲9 ×2 注7 ◎4 ○5,,,,,9,川口 公太朗  岐,阜,36,98,S1,追,3.92,106.50,▲,3,21.4,32.1,42.8,0,0,,,,,
3520260501010006,hiratsuka,2026-05-01,6,◎2 ○7 ×8 注9 ▲5 △1,,,,,1,香川 雄介  香,川,51,76,S1,追,3.93,105.21,▲,3,21.4,28.5,35.7,0,0,,,,,
3520260501010006,hiratsuka,2026-05-01,6,◎2 ○7 ×8 注9 ▲5 △1,,,,,2,小林 泰正  群,馬,31,113,S1,逃,3.92,110.58,◎,6,29.4,52.9,64.7,0,5,,,,,
3520260501010006,hiratsuka,2026-05-01,6,◎2 ○7 ×8 注9 ▲5 △1,,,,,3,道場 晃規  静,岡,28,117,S1,逃,3.92,106.00,△,4,28.5,38.0,52.3,0,5,,,,,
3520260501010006,hiratsuka,2026-05-01,6,◎2 ○7 ×8 注9 ▲5 △1,,,,,4,近藤 保  千,葉,43,95,S1,追,3.92,104.13,nan,0,17.3,30.4,56.5,0,0,,,,,
3520260501010006,hiratsuka,2026-05-01,6,◎2 ○7 ×8 注9 ▲5 △1,,,,,5,大川 龍二  広,島,41,91,S1,両,3.92,108.05,注,2,9.5,28.5,52.3,0,1,,,,,
3520260501010006,hiratsuka,2026-05-01,6,◎2 ○7 ×8 注9 ▲5 △1,,,,,6,海老根 恵太  千,葉,48,86,S2,追,3.92,102.40,nan,0,13.0,34.7,39.1,0,0,,,,,
3520260501010006,hiratsuka,2026-05-01,6,◎2 ○7 ×8 注9 ▲5 △1,,,,,7,芦澤 大輔  茨,城,44,90,S1,追,3.92,109.78,○,5,20.8,45.8,54.1,0,0,,,,,
3520260501010006,hiratsuka,2026-05-01,6,◎2 ○7 ×8 注9 ▲5 △1,,,,,8,武田 豊樹  茨,城,52,88,S2,追,3.92,102.55,nan,0,14.2,23.8,47.6,0,0,,,,,
3520260501010006,hiratsuka,2026-05-01,6,◎2 ○7 ×8 注9 ▲5 △1,,,,,9,町田 太我  広,島,25,117,S1,逃,3.92,111.06,×,1,20.0,46.6,46.6,5,2,,,,,
3520260501010007,hiratsuka,2026-05-01,7,×5 注1 ○6 ◎7 △2 ▲9,,,,,1,宿口 陽一  埼,玉,42,91,S1,両,3.92,109.90,注,2,13.6,40.9,54.5,0,0,,,,,
3520260501010007,hiratsuka,2026-05-01,7,×5 注1 ○6 ◎7 △2 ▲9,,,,,2,和田 健太郎  千,葉,44,87,S1,追,3.93,111.33,◎,6,13.6,31.8,40.9,0,1,,,,,
3520260501010007,hiratsuka,2026-05-01,7,×5 注1 ○6 ◎7 △2 ▲9,,,,,3,吉本 卓仁  福,岡,42,89,S1,両,3.92,105.13,▲,3,30.4,47.8,56.5,0,1,,,,,
3520260501010007,hiratsuka,2026-05-01,7,×5 注1 ○6 ◎7 △2 ▲9,,,,,4,坂本 健太郎  福,岡,45,86,S1,両,3.93,104.82,nan,0,17.2,37.9,55.1,0,0,,,,,
3520260501010007,hiratsuka,2026-05-01,7,×5 注1 ○6 ◎7 △2 ▲9,,,,,5,鈴木 竜士  東,京,32,107,S1,両,3.92,113.09,×,1,38.0,71.4,76.1,2,6,,,,,
3520260501010007,hiratsuka,2026-05-01,7,×5 注1 ○6 ◎7 △2 ▲9,,,,,6,佐々木 雄一  福,島,46,83,S1,追,3.92,102.88,nan,0,24.0,28.0,52.0,0,1,,,,,
3520260501010007,hiratsuka,2026-05-01,7,×5 注1 ○6 ◎7 △2 ▲9,,,,,7,根田 空史  千,葉,37,94,S1,逃,3.92,109.69,○,5,43.4,56.5,60.8,11,2,,,,,
3520260501010007,hiratsuka,2026-05-01,7,×5 注1 ○6 ◎7 △2 ▲9,,,,,8,青柳 靖起  佐,賀,26,117,S2,逃,3.92,103.57,nan,0,14.2,28.5,42.8,3,1,,,,,
3520260501010007,hiratsuka,2026-05-01,7,×5 注1 ○6 ◎7 △2 ▲9,,,,,9,松坂 洋平,神奈川,43,89,S1,両,3.92,106.68,△,4,5.2,26.3,52.6,0,0,,,,,
3520260501010008,hiratsuka,2026-05-01,8,◎2 ○7 ▲4 △9 注1 ×3,,,,,1,村田 雅一  兵,庫,41,90,S1,追,3.92,109.68,△,4,13.6,36.3,45.4,0,0,,,,,
3520260501010008,hiratsuka,2026-05-01,8,◎2 ○7 ▲4 △9 注1 ×3,,,,,2,石原 颯  香,川,26,117,S1,逃,3.92,112.47,◎,6,29.4,64.7,64.7,9,2,,,,,
3520260501010008,hiratsuka,2026-05-01,8,◎2 ○7 ▲4 △9 注1 ×3,,,,,3,金子 幸央  栃,木,33,101,S2,両,3.92,111.61,注,2,44.4,61.1,77.7,1,3,,,,,
3520260501010008,hiratsuka,2026-05-01,8,◎2 ○7 ▲4 △9 注1 ×3,,,,,4,片岡 迪之  岡,山,39,93,S1,両,3.92,106.88,nan,0,21.0,36.8,57.8,0,3,,,,,
3520260501010008,hiratsuka,2026-05-01,8,◎2 ○7 ▲4 △9 注1 ×3,,,,,5,長島 大介  栃,木,36,96,S1,両,3.92,109.25,×,1,12.5,41.6,54.1,0,2,,,,,
3520260501010008,hiratsuka,2026-05-01,8,◎2 ○7 ▲4 △9 注1 ×3,,,,,6,伊藤 颯馬  沖,縄,27,115,S1,逃,3.92,102.84,nan,0,11.5,19.2,34.6,1,3,,,,,
3520260501010008,hiratsuka,2026-05-01,8,◎2 ○7 ▲4 △9 注1 ×3,,,,,7,小倉 竜二  徳,島,50,77,S1,追,3.92,110.47,○,5,19.0,38.0,47.6,0,0,,,,,
3520260501010008,hiratsuka,2026-05-01,8,◎2 ○7 ▲4 △9 注1 ×3,,,,,8,松川 高大  熊,本,37,94,S1,両,3.92,104.85,nan,0,9.5,23.8,38.0,0,1,,,,,
3520260501010008,hiratsuka,2026-05-01,8,◎2 ○7 ▲4 △9 注1 ×3,,,,,9,中井 太祐  奈,良,36,97,S1,両,3.92,107.22,▲,3,25.9,37.0,51.8,0,4,,,,,
3520260501010009,hiratsuka,2026-05-01,9,×7 注9 ◎1 ○2 ▲5 △6,,,,,1,井上 昌己  長,崎,46,86,S1,追,3.92,106.63,nan,0,47.3,52.6,57.8,0,1,,,,,
3520260501010009,hiratsuka,2026-05-01,9,×7 注9 ◎1 ○2 ▲5 △6,,,,,2,佐々木 悠葵  群,馬,30,115,S1,両,3.92,109.95,◎,6,36.3,45.4,45.4,3,5,,,,,
3520260501010009,hiratsuka,2026-05-01,9,×7 注9 ◎1 ○2 ▲5 △6,,,,,3,守澤 太志  秋,田,40,96,S1,追,3.92,110.33,△,4,15.0,45.0,60.0,0,0,,,,,
3520260501010009,hiratsuka,2026-05-01,9,×7 注9 ◎1 ○2 ▲5 △6,,,,,4,櫻井 祐太郎  宮,城,26,117,S1,逃,3.92,106.04,▲,3,27.2,36.3,45.4,5,1,,,,,
3520260501010009,hiratsuka,2026-05-01,9,×7 注9 ◎1 ○2 ▲5 △6,,,,,5,高橋 築  東,京,33,109,S1,両,3.93,109.26,○,5,46.6,53.3,60.0,0,0,,,,,
3520260501010009,hiratsuka,2026-05-01,9,×7 注9 ◎1 ○2 ▲5 △6,,,,,6,山下 渡  茨,城,42,91,S2,追,3.92,101.90,nan,0,20.0,25.0,40.0,0,0,,,,,
3520260501010009,hiratsuka,2026-05-01,9,×7 注9 ◎1 ○2 ▲5 △6,,,,,7,阿部 将大  大,分,29,117,S1,逃,3.93,112.00,×,1,61.5,69.2,69.2,1,7,,,,,
3520260501010009,hiratsuka,2026-05-01,9,×7 注9 ◎1 ○2 ▲5 △6,,,,,8,星野 洋輝  福,島,26,115,S2,追,3.92,106.04,nan,0,13.0,34.7,52.1,0,0,,,,,
3520260501010009,hiratsuka,2026-05-01,9,×7 注9 ◎1 ○2 ▲5 △6,,,,,9,園田 匠  福,岡,44,87,S1,追,3.92,110.04,注,2,11.5,23.0,46.1,0,0,,,,,
3520260501010010,hiratsuka,2026-05-01,10,注8 ◎2 ○5 △9 ×1 ▲6,,,,,1,和田 圭  宮,城,40,92,S1,追,3.92,109.34,nan,0,26.0,43.4,60.8,0,0,,,,,
3520260501010010,hiratsuka,2026-05-01,10,注8 ◎2 ○5 △9 ×1 ▲6,,,,,2,田尾 駿介  高,知,34,111,S1,追,3.92,106.71,nan,0,20.0,33.3,33.3,0,0,,,,,
3520260501010010,hiratsuka,2026-05-01,10,注8 ◎2 ○5 △9 ×1 ▲6,,,,,3,佐藤 礼文  茨,城,34,115,S1,追,3.92,108.31,△,4,18.7,37.5,50.0,0,0,,,,,
3520260501010010,hiratsuka,2026-05-01,10,注8 ◎2 ○5 △9 ×1 ▲6,,,,,4,松岡 辰泰  熊,本,29,117,S1,逃,3.92,106.52,▲,3,9.5,19.0,33.3,0,1,,,,,
3520260501010010,hiratsuka,2026-05-01,10,注8 ◎2 ○5 △9 ×1 ▲6,,,,,5,中野 慎詞  岩,手,26,121,S1,逃,3.92,113.50,◎,6,0.0,25.0,25.0,1,0,,,,,
3520260501010010,hiratsuka,2026-05-01,10,注8 ◎2 ○5 △9 ×1 ▲6,,,,,6,橋本 瑠偉  栃,木,31,113,S1,逃,3.92,99.76,nan,0,20.0,32.0,32.0,2,4,,,,,
3520260501010010,hiratsuka,2026-05-01,10,注8 ◎2 ○5 △9 ×1 ▲6,,,,,7,伊藤 旭  熊,本,25,117,S1,両,3.92,107.66,×,1,5.2,15.7,42.1,0,2,,,,,
3520260501010010,hiratsuka,2026-05-01,10,注8 ◎2 ○5 △9 ×1 ▲6,,,,,8,久米 康平  徳,島,34,100,S1,両,3.92,106.28,注,2,4.7,23.8,42.8,0,3,,,,,
3520260501010010,hiratsuka,2026-05-01,10,注8 ◎2 ○5 △9 ×1 ▲6,,,,,9,佐藤 慎太郎  福,島,49,78,S1,追,3.92,114.08,○,5,16.0,40.0,72.0,0,0,,,,,
3520260501010011,hiratsuka,2026-05-01,11,◎1 ○6 ×8 注2 △7 ▲9,,,,,1,郡司 浩平,神奈川,35,99,SS,両,3.92,117.56,◎,6,31.2,62.5,62.5,0,4,,,,,
3520260501010011,hiratsuka,2026-05-01,11,◎1 ○6 ×8 注2 △7 ▲9,,,,,2,犬伏 湧也  徳,島,30,119,S1,逃,3.92,114.00,×,1,55.0,65.0,75.0,6,7,,,,,
3520260501010011,hiratsuka,2026-05-01,11,◎1 ○6 ×8 注2 △7 ▲9,,,,,3,阿部 拓真  宮,城,35,107,SS,両,3.92,112.84,nan,0,10.0,25.0,30.0,0,0,,,,,
3520260501010011,hiratsuka,2026-05-01,11,◎1 ○6 ×8 注2 △7 ▲9,,,,,4,浅井 康太  三,重,41,90,S1,両,3.92,111.03,nan,0,37.0,37.0,51.8,0,0,,,,,
3520260501010011,hiratsuka,2026-05-01,11,◎1 ○6 ×8 注2 △7 ▲9,,,,,5,新山 響平  青,森,32,107,S1,逃,3.92,113.59,▲,3,54.5,72.7,77.2,8,7,,,,,
3520260501010011,hiratsuka,2026-05-01,11,◎1 ○6 ×8 注2 △7 ▲9,,,,,6,和田 真久留,神奈川,35,99,S1,両,3.92,108.44,○,5,15.7,26.3,42.1,0,0,,,,,
3520260501010011,hiratsuka,2026-05-01,11,◎1 ○6 ×8 注2 △7 ▲9,,,,,7,松本 貴治  愛,媛,32,111,S1,両,3.92,114.75,注,2,41.1,70.5,70.5,1,5,,,,,
3520260501010011,hiratsuka,2026-05-01,11,◎1 ○6 ×8 注2 △7 ▲9,,,,,8,岩本 俊介  千,葉,42,94,S1,両,3.92,109.05,nan,0,30.0,45.0,50.0,5,1,,,,,
3520260501010011,hiratsuka,2026-05-01,11,◎1 ○6 ×8 注2 △7 ▲9,,,,,9,山口 拳矢  岐,阜,30,117,S1,両,3.92,114.27,△,4,40.9,40.9,68.1,0,6,,,,,
4620260430020001,toyama,2026-04-30,1,◎5 ○2 ▲1 注4 ×6 △3,"4-2  1,480円(5)","4-2-5  4,900円(16)",2=4=5  590円(3),2=4  250円(3)  2=5  220円(2)  4=5  300円(4) / 2=4  250円(3)  2=5  220円(2)  4=5  300円(4),1,関谷 哲平  奈,良,43,92,A3,逃,3.92,69.72,▲,3,22.7,31.8,50.0,4,3,7,11.0,nan,１車身１/２,nan
4620260430020001,toyama,2026-04-30,1,◎5 ○2 ▲1 注4 ×6 △3,"4-2  1,480円(5)","4-2-5  4,900円(16)",2=4=5  590円(3),2=4  250円(3)  2=5  220円(2)  4=5  300円(4) / 2=4  250円(3)  2=5  220円(2)  4=5  300円(4),2,大林 亮介  香,川,45,86,A3,追,3.92,72.41,○,5,7.6,38.4,53.8,0,0,2,10.1,差,３/４車輪,nan
4620260430020001,toyama,2026-04-30,1,◎5 ○2 ▲1 注4 ×6 △3,"4-2  1,480円(5)","4-2-5  4,900円(16)",2=4=5  590円(3),2=4  250円(3)  2=5  220円(2)  4=5  300円(4) / 2=4  250円(3)  2=5  220円(2)  4=5  300円(4),3,永田 秀佑  長,崎,34,103,A3,両,3.92,67.82,×,1,17.6,23.5,23.5,3,0,5,9.8,nan,１車身,nan
4620260430020001,toyama,2026-04-30,1,◎5 ○2 ▲1 注4 ×6 △3,"4-2  1,480円(5)","4-2-5  4,900円(16)",2=4=5  590円(3),2=4  250円(3)  2=5  220円(2)  4=5  300円(4) / 2=4  250円(3)  2=5  220円(2)  4=5  300円(4),4,井上 将志  兵,庫,41,100,A3,両,3.92,71.66,注,2,4.1,29.1,45.8,1,0,1,10.0,差,nan,nan
4620260430020001,toyama,2026-04-30,1,◎5 ○2 ▲1 注4 ×6 △3,"4-2  1,480円(5)","4-2-5  4,900円(16)",2=4=5  590円(3),2=4  250円(3)  2=5  220円(2)  4=5  300円(4) / 2=4  250円(3)  2=5  220円(2)  4=5  300円(4),5,松本 充生  愛,媛,47,94,A3,両,3.93,69.00,◎,6,20.8,37.5,45.8,2,2,3,10.3,nan,３/４車輪,nan
4620260430020001,toyama,2026-04-30,1,◎5 ○2 ▲1 注4 ×6 △3,"4-2  1,480円(5)","4-2-5  4,900円(16)",2=4=5  590円(3),2=4  250円(3)  2=5  220円(2)  4=5  300円(4) / 2=4  250円(3)  2=5  220円(2)  4=5  300円(4),6,平川 公一  大,阪,48,86,A3,両,3.86,66.40,nan,0,0.0,18.5,33.3,1,1,4,9.9,nan,３/４車身,nan
4620260430020001,toyama,2026-04-30,1,◎5 ○2 ▲1 注4 ×6 △3,"4-2  1,480円(5)","4-2-5  4,900円(16)",2=4=5  590円(3),2=4  250円(3)  2=5  220円(2)  4=5  300円(4) / 2=4  250円(3)  2=5  220円(2)  4=5  300円(4),7,倉岡 慎太郎  熊,本,58,59,A3,追,3.92,69.84,△,4,9.5,28.5,47.6,1,1,6,10.1,nan,７車身,nan
4620260430020002,toyama,2026-04-30,2,×7 △2 注1 ◎3 ○4 ▲6,"7-3  2,330円(8)","7-3-5  13,920円(48)","3=5=7  1,360円(6)",3=5  270円(2)  3=7  360円(3)  5=7  770円(13) / 3=5  270円(2)  3=7  360円(3)  5=7  770円(13),1,田村 光昭  広,島,54,67,A3,追,3.92,69.23,注,2,9.5,19.0,42.8,0,0,4,10.2,nan,１/４車輪,nan
4620260430020002,toyama,2026-04-30,2,×7 △2 注1 ◎3 ○4 ▲6,"7-3  2,330円(8)","7-3-5  13,920円(48)","3=5=7  1,360円(6)",3=5  270円(2)  3=7  360円(3)  5=7  770円(13) / 3=5  270円(2)  3=7  360円(3)  5=7  770円(13),2,元砂 海人  奈,良,36,113,A3,両,3.92,69.00,△,4,9.0,9.0,18.1,0,0,5,10.4,nan,１/２車身,nan
4620260430020002,toyama,2026-04-30,2,×7 △2 注1 ◎3 ○4 ▲6,"7-3  2,330円(8)","7-3-5  13,920円(48)","3=5=7  1,360円(6)",3=5  270円(2)  3=7  360円(3)  5=7  770円(13) / 3=5  270円(2)  3=7  360円(3)  5=7  770円(13),3,篠田 樹  大,分,29,113,A3,逃,3.92,70.70,◎,6,16.6,54.1,54.1,7,3,2,10.5,逃,２車身,nan
4620260430020002,toyama,2026-04-30,2,×7 △2 注1 ◎3 ○4 ▲6,"7-3  2,330円(8)","7-3-5  13,920円(48)","3=5=7  1,360円(6)",3=5  270円(2)  3=7  360円(3)  5=7  770円(13) / 3=5  270円(2)  3=7  360円(3)  5=7  770円(13),4,赤星 俊光  熊,本,47,86,A3,追,3.92,69.30,○,5,0.0,16.6,25.0,0,0,7,11.6,nan,大差,nan
4620260430020002,toyama,2026-04-30,2,×7 △2 注1 ◎3 ○4 ▲6,"7-3  2,330円(8)","7-3-5  13,920円(48)","3=5=7  1,360円(6)",3=5  270円(2)  3=7  360円(3)  5=7  770円(13) / 3=5  270円(2)  3=7  360円(3)  5=7  770円(13),5,武市 和人  高,知,52,74,A3,追,3.79,68.80,▲,3,25.0,25.0,35.0,0,0,3,10.1,nan,１/２車輪,nan
4620260430020002,toyama,2026-04-30,2,×7 △2 注1 ◎3 ○4 ▲6,"7-3  2,330円(8)","7-3-5  13,920円(48)","3=5=7  1,360円(6)",3=5  270円(2)  3=7  360円(3)  5=7  770円(13) / 3=5  270円(2)  3=7  360円(3)  5=7  770円(13),6,澤亀 浩司  福,岡,58,60,A3,追,3.92,66.48,nan,0,3.7,7.4,29.6,0,0,6,10.4,nan,６車身,nan
4620260430020002,toyama,2026-04-30,2,×7 △2 注1 ◎3 ○4 ▲6,"7-3  2,330円(8)","7-3-5  13,920円(48)","3=5=7  1,360円(6)",3=5  270円(2)  3=7  360円(3)  5=7  770円(13) / 3=5  270円(2)  3=7  360円(3)  5=7  770円(13),7,浜田 翔平  大,阪,37,111,A3,逃,3.93,69.91,×,1,12.5,37.5,37.5,3,0,1,10.3,捲,nan,nan
4620260430020003,toyama,2026-04-30,3,◎4 ○1 注7 △3 ×2 ▲5,,,,,1,谷本 奨輝  岐,阜,31,107,A3,両,3.86,76.87,○,5,37.5,70.8,79.1,3,2,,,,,
4620260430020003,toyama,2026-04-30,3,◎4 ○1 注7 △3 ×2 ▲5,,,,,2,足達 重満  長,崎,50,80,A3,追,3.92,76.83,×,1,55.5,66.6,77.7,0,0,,,,,
4620260430020003,toyama,2026-04-30,3,◎4 ○1 注7 △3 ×2 ▲5,,,,,3,川本 琢也  岡,山,38,100,A3,両,3.93,73.96,△,4,26.9,57.6,69.2,11,4,,,,,
4620260430020003,toyama,2026-04-30,3,◎4 ○1 注7 △3 ×2 ▲5,,,,,4,真木 寛斗  愛,知,23,127,A3,逃,3.92,77.88,◎,6,51.8,74.0,92.5,14,4,,,,,
4620260430020003,toyama,2026-04-30,3,◎4 ○1 注7 △3 ×2 ▲5,,,,,5,加藤 大輔  大,分,46,87,A3,追,3.93,73.41,▲,3,12.5,37.5,62.5,0,0,,,,,
4620260430020003,toyama,2026-04-30,3,◎4 ○1 注7 △3 ×2 ▲5,,,,,6,徳吉 正治  福,岡,42,89,A3,両,3.92,70.62,nan,0,8.3,37.5,41.6,0,0,,,,,
4620260430020003,toyama,2026-04-30,3,◎4 ○1 注7 △3 ×2 ▲5,,,,,7,太田 雅之  三,重,48,86,A3,追,3.92,71.79,注,2,8.3,25.0,45.8,0,0,,,,,
4620260430020004,toyama,2026-04-30,4,◎1 ○5 ×7 ▲3 注4 △2,,,,,1,下山 聖斗,鹿児島,24,127,A3,逃,3.92,78.25,◎,6,66.6,83.3,87.5,9,11,,,,,
4620260430020004,toyama,2026-04-30,4,◎1 ○5 ×7 ▲3 注4 △2,,,,,2,細田 純平  広,島,36,99,A3,両,3.85,71.43,△,4,18.7,37.5,50.0,0,0,,,,,
4620260430020004,toyama,2026-04-30,4,◎1 ○5 ×7 ▲3 注4 △2,,,,,3,別所 英幸  福,岡,46,83,A3,追,3.93,73.55,▲,3,44.4,55.5,66.6,0,2,,,,,
4620260430020004,toyama,2026-04-30,4,◎1 ○5 ×7 ▲3 注4 △2,,,,,4,玉村 元気  香,川,36,101,A3,両,3.92,68.41,注,2,8.3,29.1,41.6,3,3,,,,,
4620260430020004,toyama,2026-04-30,4,◎1 ○5 ×7 ▲3 注4 △2,,,,,5,渡邉 満  福,岡,53,73,A3,追,3.92,73.85,○,5,14.2,42.8,57.1,0,0,,,,,
4620260430020004,toyama,2026-04-30,4,◎1 ○5 ×7 ▲3 注4 △2,,,,,6,岡嶋 登  大,阪,41,99,A3,両,3.93,66.30,nan,0,0.0,10.0,10.0,1,0,,,,,
4620260430020004,toyama,2026-04-30,4,◎1 ○5 ×7 ▲3 注4 △2,,,,,7,丸林 一孝  福,岡,48,81,A3,追,3.85,73.08,×,1,8.0,36.0,52.0,0,0,,,,,
4620260430020005,toyama,2026-04-30,5,△1 ▲5 ×7 ◎2 注3 ○4,,,,,1,篠崎 新純  千,葉,41,102,L1,両,3.79,49.80,△,4,9.5,23.8,38.0,0,1,,,,,
4620260430020005,toyama,2026-04-30,5,△1 ▲5 ×7 ◎2 注3 ○4,,,,,2,岡田 優歩,和歌山,22,128,L1,両,3.79,54.00,◎,6,21.4,57.1,85.7,2,3,,,,,
4620260430020005,toyama,2026-04-30,5,△1 ▲5 ×7 ◎2 注3 ○4,,,,,3,宮西 令奈  石,川,24,124,L1,両,3.69,45.96,注,2,0.0,0.0,4.0,0,0,,,,,
4620260430020005,toyama,2026-04-30,5,△1 ▲5 ×7 ◎2 注3 ○4,,,,,4,増田 夕華  岐,阜,26,118,L1,両,3.77,52.28,○,5,16.0,36.0,60.0,1,2,,,,,
4620260430020005,toyama,2026-04-30,5,△1 ▲5 ×7 ◎2 注3 ○4,,,,,5,藤原 亜衣里  新,潟,45,102,L1,追,3.77,45.09,▲,3,0.0,8.3,8.3,0,0,,,,,
4620260430020005,toyama,2026-04-30,5,△1 ▲5 ×7 ◎2 注3 ○4,,,,,6,高本 美穂  熊,本,23,124,L1,追,3.77,47.08,nan,0,4.0,4.0,12.0,0,1,,,,,
4620260430020005,toyama,2026-04-30,5,△1 ▲5 ×7 ◎2 注3 ○4,,,,,7,田中 月菜  佐,賀,25,118,L1,両,3.77,52.46,×,1,6.6,40.0,73.3,0,0,,,,,
4620260430020006,toyama,2026-04-30,6,注3 ◎4 ×2 ○1 △5 ▲6,,,,,1,戸田 瑞姫  茨,城,23,122,L1,両,3.77,51.80,×,1,9.5,28.5,47.6,0,0,,,,,
4620260430020006,toyama,2026-04-30,6,注3 ◎4 ×2 ○1 △5 ▲6,,,,,2,石井 寛子  東,京,40,104,L1,両,3.79,56.41,◎,6,62.5,91.6,100.0,1,11,,,,,
4620260430020006,toyama,2026-04-30,6,注3 ◎4 ×2 ○1 △5 ▲6,,,,,3,齊藤 由莉,神奈川,28,128,L1,両,3.79,49.83,注,2,20.8,29.1,37.5,2,4,,,,,
4620260430020006,toyama,2026-04-30,6,注3 ◎4 ×2 ○1 △5 ▲6,,,,,4,浜地 晴帆  三,重,24,122,L1,両,3.77,46.06,nan,0,0.0,0.0,0.0,0,0,,,,,
4620260430020006,toyama,2026-04-30,6,注3 ◎4 ×2 ○1 △5 ▲6,,,,,5,吉岡 詩織  広,島,31,116,L1,両,3.77,53.29,○,5,17.6,58.8,70.5,1,7,,,,,
4620260430020006,toyama,2026-04-30,6,注3 ◎4 ×2 ○1 △5 ▲6,,,,,6,是永 ゆうき  大,分,22,126,L1,追,3.71,50.77,△,4,4.5,13.6,54.5,0,0,,,,,
4620260430020006,toyama,2026-04-30,6,注3 ◎4 ×2 ○1 △5 ▲6,,,,,7,菅原 ななこ  宮,城,25,120,L1,両,3.71,46.90,▲,3,4.7,4.7,14.2,0,0,,,,,
4620260430020007,toyama,2026-04-30,7,○1 ◎7 注5 ×4 △2 ▲6,,,,,1,安藤 直希  京,都,28,117,A1,逃,3.92,83.38,○,5,4.7,23.8,47.6,2,2,,,,,
4620260430020007,toyama,2026-04-30,7,○1 ◎7 注5 ×4 △2 ▲6,,,,,2,南部 亮太  長,崎,41,93,A2,追,3.92,83.33,△,4,13.3,26.6,26.6,0,0,,,,,
4620260430020007,toyama,2026-04-30,7,○1 ◎7 注5 ×4 △2 ▲6,,,,,3,藤原 亮太  岡,山,37,97,A2,両,3.92,80.94,▲,3,5.5,11.1,27.7,1,0,,,,,
4620260430020007,toyama,2026-04-30,7,○1 ◎7 注5 ×4 △2 ▲6,,,,,4,北川 大成  熊,本,25,119,A2,逃,3.92,83.88,×,1,22.2,38.8,38.8,3,1,,,,,
4620260430020007,toyama,2026-04-30,7,○1 ◎7 注5 ×4 △2 ▲6,,,,,5,富安 保充  愛,知,43,91,A2,追,3.83,82.23,注,2,0.0,19.0,33.3,0,0,,,,,
4620260430020007,toyama,2026-04-30,7,○1 ◎7 注5 ×4 △2 ▲6,,,,,6,城戸崎 隆史  福,岡,53,76,A2,両,3.92,80.90,nan,0,0.0,10.0,15.0,0,0,,,,,
4620260430020007,toyama,2026-04-30,7,○1 ◎7 注5 ×4 △2 ▲6,,,,,7,西谷 岳文  京,都,47,93,A2,両,3.92,86.40,◎,6,10.0,30.0,50.0,0,0,,,,,
4620260430020008,toyama,2026-04-30,8,注1 ○7 ▲2 △3 ◎5 ×6,,,,,1,下岡 将也  三,重,29,111,A1,逃,3.92,82.45,注,2,16.6,25.0,25.0,2,2,,,,,
4620260430020008,toyama,2026-04-30,8,注1 ○7 ▲2 △3 ◎5 ×6,,,,,2,伊原 弘幸  福,井,41,90,A1,追,3.93,83.00,▲,3,4.7,19.0,38.0,0,0,,,,,
4620260430020008,toyama,2026-04-30,8,注1 ○7 ▲2 △3 ◎5 ×6,,,,,3,吉永 和生  広,島,49,80,A2,追,3.92,82.95,△,4,13.6,22.7,27.2,0,1,,,,,
4620260430020008,toyama,2026-04-30,8,注1 ○7 ▲2 △3 ◎5 ×6,,,,,4,鰐渕 正利  愛,知,56,65,A2,追,3.92,83.33,nan,0,0.0,0.0,50.0,0,0,,,,,
4620260430020008,toyama,2026-04-30,8,注1 ○7 ▲2 △3 ◎5 ×6,,,,,5,木村 浩宣  香,川,39,97,A1,逃,3.93,86.25,◎,6,16.6,33.3,45.8,4,4,,,,,
4620260430020008,toyama,2026-04-30,8,注1 ○7 ▲2 △3 ◎5 ×6,,,,,6,川上 修平  高,知,47,99,A2,追,3.92,81.73,×,1,5.2,10.5,26.3,0,0,,,,,
4620260430020008,toyama,2026-04-30,8,注1 ○7 ▲2 △3 ◎5 ×6,,,,,7,乾 庄平  滋,賀,39,95,A2,追,3.92,85.95,○,5,0.0,47.6,61.9,0,0,,,,,
4620260430020009,toyama,2026-04-30,9,△4 ×1 ▲7 注6 ◎2 ○5,,,,,1,坂上 忠克  石,川,52,71,A1,追,3.92,86.05,×,1,4.7,19.0,47.6,0,0,,,,,
4620260430020009,toyama,2026-04-30,9,△4 ×1 ▲7 注6 ◎2 ○5,,,,,2,魚屋 周成  大,分,35,99,A1,逃,3.93,85.75,注,2,16.6,33.3,50.0,2,1,,,,,
4620260430020009,toyama,2026-04-30,9,△4 ×1 ▲7 注6 ◎2 ○5,,,,,3,小林 卓人  大,阪,48,79,A1,追,3.92,88.35,○,5,0.0,14.2,42.8,0,0,,,,,
4620260430020009,toyama,2026-04-30,9,△4 ×1 ▲7 注6 ◎2 ○5,,,,,4,岩元 叶馬  富,山,23,125,A2,逃,3.92,86.68,△,4,17.3,26.0,39.1,4,2,,,,,
4620260430020009,toyama,2026-04-30,9,△4 ×1 ▲7 注6 ◎2 ○5,,,,,5,中村 一将  兵,庫,49,86,A1,両,3.92,90.76,◎,6,17.6,41.1,52.9,3,2,,,,,
4620260430020009,toyama,2026-04-30,9,△4 ×1 ▲7 注6 ◎2 ○5,,,,,6,中西 勇  福,岡,34,125,A2,逃,3.93,82.23,▲,3,4.7,28.5,38.0,5,1,,,,,
4620260430020009,toyama,2026-04-30,9,△4 ×1 ▲7 注6 ◎2 ○5,,,,,7,田中 雅史  愛,知,49,79,A1,追,3.92,86.28,nan,0,19.0,23.8,47.6,0,3,,,,,
4620260430020010,toyama,2026-04-30,10,◎3 ×4 注6 ○5 △2 ▲1,,,,,1,石川 航大  宮,崎,26,123,A1,逃,3.92,88.19,△,4,23.8,33.3,52.3,2,4,,,,,
4620260430020010,toyama,2026-04-30,10,◎3 ×4 注6 ○5 △2 ▲1,,,,,2,今藤 康裕  岐,阜,40,99,A1,追,3.92,94.66,○,5,55.5,61.1,72.2,0,0,,,,,
4620260430020010,toyama,2026-04-30,10,◎3 ×4 注6 ○5 △2 ▲1,,,,,3,保田 浩輔  岡,山,26,123,A1,逃,3.93,92.71,◎,6,28.5,47.6,61.9,5,5,,,,,
4620260430020010,toyama,2026-04-30,10,◎3 ×4 注6 ○5 △2 ▲1,,,,,4,中石 昌芳  広,島,50,81,A1,追,3.92,86.55,×,1,0.0,33.3,44.4,0,0,,,,,
4620260430020010,toyama,2026-04-30,10,◎3 ×4 注6 ○5 △2 ▲1,,,,,5,下岡 優季  愛,知,36,105,A2,逃,3.92,84.92,注,2,11.1,29.6,48.1,6,0,,,,,
4620260430020010,toyama,2026-04-30,10,◎3 ×4 注6 ○5 △2 ▲1,,,,,6,吉田 彰久  香,川,52,80,A2,追,3.92,81.90,nan,0,0.0,9.5,33.3,0,0,,,,,
4620260430020010,toyama,2026-04-30,10,◎3 ×4 注6 ○5 △2 ▲1,,,,,7,中村 良二  福,岡,51,81,A1,追,3.92,91.17,▲,3,10.5,31.5,47.3,0,0,,,,,
4620260430020011,toyama,2026-04-30,11,◎3 ×5 △6 ○7 ▲1 注4,,,,,1,坂田 章  高,知,40,93,A1,追,3.92,92.90,○,5,23.8,47.6,71.4,0,0,,,,,
4620260430020011,toyama,2026-04-30,11,◎3 ×5 △6 ○7 ▲1 注4,,,,,2,堂村 知哉  福,井,43,88,A2,追,3.92,83.92,注,2,6.6,26.6,40.0,0,0,,,,,
4620260430020011,toyama,2026-04-30,11,◎3 ×5 △6 ○7 ▲1 注4,,,,,3,中川 聖大  福,岡,27,121,A1,逃,3.92,94.14,◎,6,28.5,66.6,80.9,4,8,,,,,
4620260430020011,toyama,2026-04-30,11,◎3 ×5 △6 ○7 ▲1 注4,,,,,4,藤田 真  兵,庫,45,89,A2,両,3.92,86.81,▲,3,27.2,36.3,50.0,2,2,,,,,
4620260430020011,toyama,2026-04-30,11,◎3 ×5 △6 ○7 ▲1 注4,,,,,5,山口 龍也  長,崎,31,111,A1,追,3.92,87.50,×,1,22.2,33.3,50.0,0,2,,,,,
4620260430020011,toyama,2026-04-30,11,◎3 ×5 △6 ○7 ▲1 注4,,,,,6,小川 大地  愛,知,35,98,A2,追,3.92,82.45,nan,0,12.5,29.1,33.3,0,0,,,,,
4620260430020011,toyama,2026-04-30,11,◎3 ×5 △6 ○7 ▲1 注4,,,,,7,中田 拓也  広,島,29,127,A2,逃,3.92,89.40,△,4,22.7,40.9,54.5,5,4,,,,,
5320260501010001,nara,2026-05-01,1,○7 ◎1 ×4 ▲2 注5 △3,,,,,1,春日 勇人  千,葉,50,82,A1,追,3.92,87.57,◎,6,5.0,25.0,50.0,0,0,,,,,
5320260501010001,nara,2026-05-01,1,○7 ◎1 ×4 ▲2 注5 △3,,,,,2,中川 貴史  三,重,49,79,A2,追,3.92,83.66,▲,3,16.6,20.8,29.1,0,1,,,,,
5320260501010001,nara,2026-05-01,1,○7 ◎1 ×4 ▲2 注5 △3,,,,,3,三宅 旬  岡,山,48,80,A2,追,3.93,81.57,△,4,9.5,14.2,33.3,0,0,,,,,
5320260501010001,nara,2026-05-01,1,○7 ◎1 ×4 ▲2 注5 △3,,,,,4,松山 桂輔  愛,知,42,88,A1,追,3.92,85.65,×,1,9.5,23.8,42.8,0,0,,,,,
5320260501010001,nara,2026-05-01,1,○7 ◎1 ×4 ▲2 注5 △3,,,,,5,吉岡 伸太郎  愛,媛,32,105,A2,逃,3.86,80.93,注,2,0.0,6.6,26.6,0,1,,,,,
5320260501010001,nara,2026-05-01,1,○7 ◎1 ×4 ▲2 注5 △3,,,,,6,竹内 真一  福,岡,44,89,A2,追,3.92,80.16,nan,0,0.0,8.3,29.1,0,0,,,,,
5320260501010001,nara,2026-05-01,1,○7 ◎1 ×4 ▲2 注5 △3,,,,,7,橋谷 成海  埼,玉,25,125,A2,逃,3.85,84.37,○,5,25.0,37.5,37.5,5,1,,,,,
5320260501010002,nara,2026-05-01,2,△5 ◎7 ○1 ×2 ▲4 注6,,,,,1,坂上 樹大  石,川,48,80,A1,追,3.92,89.04,○,5,19.0,28.5,57.1,0,1,,,,,
5320260501010002,nara,2026-05-01,2,△5 ◎7 ○1 ×2 ▲4 注6,,,,,2,佐藤 譲士郎  埼,玉,26,123,A1,逃,3.85,82.71,×,1,14.2,28.5,42.8,3,2,,,,,
5320260501010002,nara,2026-05-01,2,△5 ◎7 ○1 ×2 ▲4 注6,,,,,3,杉山 剛  福,岡,48,86,A2,両,3.92,81.77,注,2,0.0,18.1,40.9,0,2,,,,,
5320260501010002,nara,2026-05-01,2,△5 ◎7 ○1 ×2 ▲4 注6,,,,,4,渡邊 恭典  栃,木,52,75,A2,追,3.92,80.70,▲,3,0.0,8.3,25.0,0,0,,,,,
5320260501010002,nara,2026-05-01,2,△5 ◎7 ○1 ×2 ▲4 注6,,,,,5,藤井 準也  岐,阜,32,105,A1,両,3.92,85.04,△,4,21.7,39.1,52.1,0,3,,,,,
5320260501010002,nara,2026-05-01,2,△5 ◎7 ○1 ×2 ▲4 注6,,,,,6,久保 光司  佐,賀,29,119,A2,逃,3.92,79.70,nan,0,12.5,16.6,25.0,3,1,,,,,
5320260501010002,nara,2026-05-01,2,△5 ◎7 ○1 ×2 ▲4 注6,,,,,7,山口 智弘  愛,知,36,99,A1,追,3.93,89.61,◎,6,28.5,38.0,57.1,0,0,,,,,
5320260501010003,nara,2026-05-01,3,×4 注3 ○6 ◎5 △1 ▲7,,,,,1,志水 祐彦  大,阪,41,94,A1,追,3.92,85.39,◎,6,17.3,34.7,34.7,0,0,,,,,
5320260501010003,nara,2026-05-01,3,×4 注3 ○6 ◎5 △1 ▲7,,,,,2,岡崎 昭次  愛,媛,54,67,A2,追,3.85,80.05,▲,3,0.0,5.5,22.2,0,0,,,,,
5320260501010003,nara,2026-05-01,3,×4 注3 ○6 ◎5 △1 ▲7,,,,,3,宮倉 勇  千,葉,61,58,A2,追,3.93,85.06,注,2,0.0,0.0,29.4,0,0,,,,,
5320260501010003,nara,2026-05-01,3,×4 注3 ○6 ◎5 △1 ▲7,,,,,4,菅田 謙仁  宮,城,33,109,A2,両,3.92,81.26,×,1,10.0,20.0,35.0,1,0,,,,,
5320260501010003,nara,2026-05-01,3,×4 注3 ○6 ◎5 △1 ▲7,,,,,5,岸川 哲也  大,阪,40,105,A2,両,3.92,86.26,○,5,39.1,47.8,56.5,6,3,,,,,
5320260501010003,nara,2026-05-01,3,×4 注3 ○6 ◎5 △1 ▲7,,,,,6,鈴木 宏章  栃,木,50,80,A2,追,3.93,77.95,nan,0,0.0,0.0,0.0,0,0,,,,,
5320260501010003,nara,2026-05-01,3,×4 注3 ○6 ◎5 △1 ▲7,,,,,7,北川 紋部  福,井,51,78,A2,追,3.92,83.04,△,4,9.5,14.2,38.0,0,0,,,,,
5320260501010004,nara,2026-05-01,4,○1 ◎3 △7 注5 ×2 ▲4,,,,,1,長松 大祐  大,分,28,121,A1,逃,3.92,85.57,○,5,9.5,23.8,47.6,3,2,,,,,
5320260501010004,nara,2026-05-01,4,○1 ◎3 △7 注5 ×2 ▲4,,,,,2,松澤 敬輔,北海道,38,97,A2,両,3.92,87.00,×,1,27.7,44.4,44.4,1,0,,,,,
5320260501010004,nara,2026-05-01,4,○1 ◎3 △7 注5 ×2 ▲4,,,,,3,西田 大志  福,岡,35,98,A1,追,3.92,88.20,◎,6,19.0,38.0,52.3,0,0,,,,,
5320260501010004,nara,2026-05-01,4,○1 ◎3 △7 注5 ×2 ▲4,,,,,4,大西 健士,神奈川,45,88,A2,追,3.93,84.29,▲,3,0.0,16.6,41.6,0,0,,,,,
5320260501010004,nara,2026-05-01,4,○1 ◎3 △7 注5 ×2 ▲4,,,,,5,竹山 慶太  宮,城,33,105,A1,逃,3.92,83.08,注,2,16.6,25.0,50.0,1,2,,,,,
5320260501010004,nara,2026-05-01,4,○1 ◎3 △7 注5 ×2 ▲4,,,,,6,柴田 祐也  岐,阜,42,94,A2,追,3.92,79.52,nan,0,9.5,14.2,23.8,0,0,,,,,
5320260501010004,nara,2026-05-01,4,○1 ◎3 △7 注5 ×2 ▲4,,,,,7,中園 朋亨  福,岡,39,93,A2,追,3.92,80.31,△,4,0.0,5.2,21.0,0,0,,,,,
5320260501010005,nara,2026-05-01,5,注6 △1 ◎5 ○2 ×7 ▲3,,,,,1,前反 祐一郎  広,島,52,81,A1,追,3.92,92.33,△,4,19.0,47.6,66.6,0,0,,,,,
5320260501010005,nara,2026-05-01,5,注6 △1 ◎5 ○2 ×7 ▲3,,,,,2,下井 竜  三,重,31,117,A1,逃,3.92,93.66,◎,6,16.6,50.0,83.3,2,4,,,,,
5320260501010005,nara,2026-05-01,5,注6 △1 ◎5 ○2 ×7 ▲3,,,,,3,上川 直紀  栃,木,29,117,A1,両,3.92,92.00,×,1,33.3,54.1,75.0,2,9,,,,,
5320260501010005,nara,2026-05-01,5,注6 △1 ◎5 ○2 ×7 ▲3,,,,,4,吉田 勇人  埼,玉,47,86,A1,追,3.92,92.00,▲,3,10.5,42.1,63.1,0,0,,,,,
5320260501010005,nara,2026-05-01,5,注6 △1 ◎5 ○2 ×7 ▲3,,,,,5,藤原 浩  高,知,46,87,A1,追,3.92,90.53,nan,0,13.3,40.0,53.3,0,0,,,,,
5320260501010005,nara,2026-05-01,5,注6 △1 ◎5 ○2 ×7 ▲3,,,,,6,高井 流星  岡,山,31,113,A1,逃,3.92,90.08,注,2,20.8,62.5,79.1,9,5,,,,,
5320260501010005,nara,2026-05-01,5,注6 △1 ◎5 ○2 ×7 ▲3,,,,,7,佐藤 成人  奈,良,52,71,A1,追,3.92,91.19,○,5,9.5,28.5,42.8,0,0,,,,,
5320260501010006,nara,2026-05-01,6,×1 ▲7 ○2 注5 ◎4 △3,,,,,1,高田 修汰  福,井,26,115,S2,逃,3.92,95.50,×,1,5.5,11.1,16.6,2,0,,,,,
5320260501010006,nara,2026-05-01,6,×1 ▲7 ○2 注5 ◎4 △3,,,,,2,牧田 悠生  新,潟,26,123,S2,逃,3.92,98.43,○,5,13.0,21.7,34.7,2,2,,,,,
5320260501010006,nara,2026-05-01,6,×1 ▲7 ○2 注5 ◎4 △3,,,,,3,堀内 俊介,神奈川,36,107,S2,両,3.93,100.92,◎,6,15.3,26.9,53.8,2,3,,,,,
5320260501010006,nara,2026-05-01,6,×1 ▲7 ○2 注5 ◎4 △3,,,,,4,小玉 拓真  岡,山,36,98,S2,両,3.92,94.00,nan,0,0.0,10.0,20.0,0,0,,,,,
5320260501010006,nara,2026-05-01,6,×1 ▲7 ○2 注5 ◎4 △3,,,,,5,松永 将  茨,城,45,89,S2,追,3.92,100.26,注,2,3.7,7.4,29.6,0,0,,,,,
5320260501010006,nara,2026-05-01,6,×1 ▲7 ○2 注5 ◎4 △3,,,,,6,須藤 悟  千,葉,36,99,S2,追,3.92,93.38,△,4,0.0,3.8,11.5,0,0,,,,,
5320260501010006,nara,2026-05-01,6,×1 ▲7 ○2 注5 ◎4 △3,,,,,7,鷲田 幸司  福,井,40,92,S2,追,3.93,98.39,▲,3,8.6,21.7,34.7,0,0,,,,,
5320260501010007,nara,2026-05-01,7,×2 △4 ◎5 ○1 注6 ▲3,,,,,1,戸田 洋平  岡,山,43,92,S2,追,3.92,98.22,○,5,0.0,13.6,40.9,0,0,,,,,
5320260501010007,nara,2026-05-01,7,×2 △4 ◎5 ○1 注6 ▲3,,,,,2,川越 勇星,神奈川,29,111,S2,両,3.92,100.08,×,1,12.5,20.8,45.8,4,1,,,,,
5320260501010007,nara,2026-05-01,7,×2 △4 ◎5 ○1 注6 ▲3,,,,,3,疋田 力也  愛,知,25,119,S2,両,3.92,95.12,注,2,3.0,6.0,12.1,1,0,,,,,
5320260501010007,nara,2026-05-01,7,×2 △4 ◎5 ○1 注6 ▲3,,,,,4,近藤 隆司  千,葉,42,90,S2,両,3.92,97.46,△,4,23.0,26.9,42.3,1,3,,,,,
5320260501010007,nara,2026-05-01,7,×2 △4 ◎5 ○1 注6 ▲3,,,,,5,青木 瑞樹  岡,山,26,123,S2,逃,3.92,100.73,◎,6,13.0,34.7,39.1,6,2,,,,,
5320260501010007,nara,2026-05-01,7,×2 △4 ◎5 ○1 注6 ▲3,,,,,6,吉川 嘉斗  徳,島,33,105,S2,追,3.93,93.38,nan,0,0.0,7.6,11.5,0,0,,,,,
5320260501010007,nara,2026-05-01,7,×2 △4 ◎5 ○1 注6 ▲3,,,,,7,北野 武史  石,川,53,78,S2,追,3.93,97.13,▲,3,0.0,18.1,27.2,0,0,,,,,
5320260501010008,nara,2026-05-01,8,◎1 ○5 ▲4 注2 ×6 △7,,,,,1,川口 聖二  岐,阜,32,103,S2,両,3.92,101.05,◎,6,20.0,30.0,45.0,2,2,,,,,
5320260501010008,nara,2026-05-01,8,◎1 ○5 ▲4 注2 ×6 △7,,,,,2,村上 竜馬  広,島,30,115,S2,逃,3.92,97.05,注,2,5.0,10.0,25.0,0,1,,,,,
5320260501010008,nara,2026-05-01,8,◎1 ○5 ▲4 注2 ×6 △7,,,,,3,志村 龍己  山,梨,39,98,S2,追,3.92,99.61,△,4,7.6,23.0,42.3,0,0,,,,,
5320260501010008,nara,2026-05-01,8,◎1 ○5 ▲4 注2 ×6 △7,,,,,4,舘 泰守  愛,知,50,80,S2,追,3.92,96.45,▲,3,4.7,19.0,23.8,0,0,,,,,
5320260501010008,nara,2026-05-01,8,◎1 ○5 ▲4 注2 ×6 △7,,,,,5,吉田 敏洋  愛,知,46,85,S2,両,3.92,101.79,○,5,20.8,33.3,50.0,0,0,,,,,
5320260501010008,nara,2026-05-01,8,◎1 ○5 ▲4 注2 ×6 △7,,,,,6,和田 誠寿  広,島,35,103,S2,追,3.92,92.60,nan,0,0.0,4.3,13.0,0,0,,,,,
5320260501010008,nara,2026-05-01,8,◎1 ○5 ▲4 注2 ×6 △7,,,,,7,藤田 周磨  埼,玉,28,117,S2,逃,3.92,96.79,×,1,4.1,12.5,33.3,1,0,,,,,
5320260501010009,nara,2026-05-01,9,◎7 ○1 ▲4 ×2 注5 △6,,,,,1,清水 一幸  大,阪,39,109,S2,追,3.92,101.24,○,5,26.9,30.7,46.1,0,0,,,,,
5320260501010009,nara,2026-05-01,9,◎7 ○1 ▲4 ×2 注5 △6,,,,,2,染谷 幸喜  千,葉,37,111,S2,逃,3.92,99.52,×,1,13.0,30.4,39.1,3,3,,,,,
5320260501010009,nara,2026-05-01,9,◎7 ○1 ▲4 ×2 注5 △6,,,,,3,照井 拓成  岩,手,30,115,S2,逃,3.92,98.00,△,4,3.8,19.2,30.7,0,2,,,,,
5320260501010009,nara,2026-05-01,9,◎7 ○1 ▲4 ×2 注5 △6,,,,,4,飯田 裕次  福,岡,40,97,S2,追,3.92,93.47,▲,3,0.0,0.0,10.5,0,0,,,,,
5320260501010009,nara,2026-05-01,9,◎7 ○1 ▲4 ×2 注5 △6,,,,,5,武藤 篤弘  埼,玉,41,95,S2,追,3.92,96.76,注,2,0.0,19.2,34.6,0,0,,,,,
5320260501010009,nara,2026-05-01,9,◎7 ○1 ▲4 ×2 注5 △6,,,,,6,上遠野 拓馬  宮,城,32,119,S2,逃,3.92,92.40,nan,0,0.0,5.0,15.0,0,1,,,,,
5320260501010009,nara,2026-05-01,9,◎7 ○1 ▲4 ×2 注5 △6,,,,,7,貴志 修己,和歌山,30,117,S2,逃,3.92,101.52,◎,6,8.6,39.1,47.8,5,4,,,,,
5320260501010010,nara,2026-05-01,10,△1 ×4 ▲5 ◎7 ○2 注6,,,,,1,橋本 宇宙  佐,賀,26,123,S2,逃,3.92,96.54,△,4,4.1,25.0,37.5,5,1,,,,,
5320260501010010,nara,2026-05-01,10,△1 ×4 ▲5 ◎7 ○2 注6,,,,,2,佐藤 雅春  宮,城,38,94,S2,追,3.92,99.24,○,5,7.6,19.2,26.9,0,0,,,,,
5320260501010010,nara,2026-05-01,10,△1 ×4 ▲5 ◎7 ○2 注6,,,,,3,西岡 正一,和歌山,49,84,S2,追,3.92,98.26,注,2,5.2,15.7,21.0,0,0,,,,,
5320260501010010,nara,2026-05-01,10,△1 ×4 ▲5 ◎7 ○2 注6,,,,,4,宮崎 大空  熊,本,27,115,S2,両,3.92,100.54,×,1,4.1,16.6,37.5,0,0,,,,,
5320260501010010,nara,2026-05-01,10,△1 ×4 ▲5 ◎7 ○2 注6,,,,,5,吉田 智哉  愛,媛,28,111,S2,逃,3.92,94.10,▲,3,0.0,5.0,20.0,0,0,,,,,
5320260501010010,nara,2026-05-01,10,△1 ×4 ▲5 ◎7 ○2 注6,,,,,6,内藤 久文  愛,知,34,117,S2,逃,3.92,93.09,nan,0,0.0,0.0,9.0,0,0,,,,,
5320260501010010,nara,2026-05-01,10,△1 ×4 ▲5 ◎7 ○2 注6,,,,,7,板垣 昴,北海道,33,115,S2,逃,3.92,104.34,◎,6,17.3,34.7,56.5,2,5,,,,,
5320260501010011,nara,2026-05-01,11,▲6 ×2 注5 △3 ◎1 ○4,,,,,1,房州 輝也  福,島,39,91,S2,両,3.93,95.38,△,4,3.2,12.9,22.5,0,0,,,,,
5320260501010011,nara,2026-05-01,11,▲6 ×2 注5 △3 ◎1 ○4,,,,,2,上吹越 直樹,鹿児島,44,86,S2,両,3.92,97.75,▲,3,0.0,12.0,24.0,0,1,,,,,
5320260501010011,nara,2026-05-01,11,▲6 ×2 注5 △3 ◎1 ○4,,,,,3,中川 貴徳  栃,木,42,91,S2,追,3.92,100.22,注,2,18.1,36.3,45.4,0,1,,,,,
5320260501010011,nara,2026-05-01,11,▲6 ×2 注5 △3 ◎1 ○4,,,,,4,北井 佑季,神奈川,36,119,S2,逃,3.92,102.09,◎,6,81.8,90.9,95.4,10,9,,,,,
5320260501010011,nara,2026-05-01,11,▲6 ×2 注5 △3 ◎1 ○4,,,,,5,伊藤 慶太郎  埼,玉,32,107,S2,逃,3.92,97.79,×,1,12.5,29.1,29.1,3,0,,,,,
5320260501010011,nara,2026-05-01,11,▲6 ×2 注5 △3 ◎1 ○4,,,,,6,堀川 敬太郎  福,岡,24,123,S2,逃,3.92,93.53,nan,0,3.3,6.6,23.3,0,0,,,,,
5320260501010011,nara,2026-05-01,11,▲6 ×2 注5 △3 ◎1 ○4,,,,,7,望月 永悟  静,岡,49,77,S2,追,3.92,98.42,○,5,10.0,20.0,25.0,0,0,,,,,
5320260501010012,nara,2026-05-01,12,◎1 ○6 ▲4 △2 注3 ×5,,,,,1,木村 皆斗  茨,城,24,119,S1,逃,3.92,108.67,◎,6,55.1,62.0,68.9,12,3,,,,,
5320260501010012,nara,2026-05-01,12,◎1 ○6 ▲4 △2 注3 ×5,,,,,2,中井 俊亮  奈,良,33,103,S1,両,3.92,94.50,nan,0,6.6,6.6,13.3,0,0,,,,,
5320260501010012,nara,2026-05-01,12,◎1 ○6 ▲4 △2 注3 ×5,,,,,3,林 慶次郎  福,岡,28,111,S1,逃,3.92,101.71,△,4,14.2,23.8,38.0,2,3,,,,,
5320260501010012,nara,2026-05-01,12,◎1 ○6 ▲4 △2 注3 ×5,,,,,4,朝倉 佳弘  東,京,45,90,S1,追,3.93,99.18,▲,3,13.0,26.0,39.1,0,0,,,,,
5320260501010012,nara,2026-05-01,12,◎1 ○6 ▲4 △2 注3 ×5,,,,,5,徳永 哲人  熊,本,43,100,S1,両,3.92,100.39,注,2,16.6,25.0,33.3,1,2,,,,,
5320260501010012,nara,2026-05-01,12,◎1 ○6 ▲4 △2 注3 ×5,,,,,6,河村 雅章  東,京,43,92,S2,追,3.92,105.52,○,5,17.3,34.7,60.8,0,0,,,,,
5320260501010012,nara,2026-05-01,12,◎1 ○6 ▲4 △2 注3 ×5,,,,,7,太田 竜馬  徳,島,30,109,S1,逃,3.92,104.61,×,1,5.5,38.8,55.5,1,6,,,,,
6320260501010001,hofu,2026-05-01,1,◎1 ○7 ×5 注3 △4 ▲2,"1-4  1,590円(6)","1-4-7  4,010円(14)",1=4=7  700円(4),1=4  290円(5)  1=7  100円(1)  4=7  430円(8) / 1=4  290円(5)  1=7  100円(1)  4=7  430円(8),1,高橋 幸司  沖,縄,37,99,A2,逃,3.92,90.52,◎,6,33.3,52.3,66.6,7,3,1,10.0,差,nan,nan
6320260501010001,hofu,2026-05-01,1,◎1 ○7 ×5 注3 △4 ▲2,"1-4  1,590円(6)","1-4-7  4,010円(14)",1=4=7  700円(4),1=4  290円(5)  1=7  100円(1)  4=7  430円(8) / 1=4  290円(5)  1=7  100円(1)  4=7  430円(8),2,山崎 晃  石,川,40,95,A2,両,3.92,80.33,△,4,9.5,19.0,28.5,3,0,4,10.4,nan,１/４車輪,nan
6320260501010001,hofu,2026-05-01,1,◎1 ○7 ×5 注3 △4 ▲2,"1-4  1,590円(6)","1-4-7  4,010円(14)",1=4=7  700円(4),1=4  290円(5)  1=7  100円(1)  4=7  430円(8) / 1=4  290円(5)  1=7  100円(1)  4=7  430円(8),3,松下 綾馬  岡,山,29,121,A1,逃,3.92,83.54,×,1,16.6,33.3,33.3,2,6,7,10.4,nan,１/４車輪,nan
6320260501010001,hofu,2026-05-01,1,◎1 ○7 ×5 注3 △4 ▲2,"1-4  1,590円(6)","1-4-7  4,010円(14)",1=4=7  700円(4),1=4  290円(5)  1=7  100円(1)  4=7  430円(8) / 1=4  290円(5)  1=7  100円(1)  4=7  430円(8),4,高比良 豪  福,岡,46,84,A1,追,3.92,82.57,注,2,5.2,21.0,26.3,0,1,2,10.1,捲,１車身,nan
6320260501010001,hofu,2026-05-01,1,◎1 ○7 ×5 注3 △4 ▲2,"1-4  1,590円(6)","1-4-7  4,010円(14)",1=4=7  700円(4),1=4  290円(5)  1=7  100円(1)  4=7  430円(8) / 1=4  290円(5)  1=7  100円(1)  4=7  430円(8),5,船倉 卓郎  長,崎,41,99,A2,追,3.92,79.66,nan,0,0.0,5.5,5.5,0,1,5,10.0,nan,１車身,nan
6320260501010001,hofu,2026-05-01,1,◎1 ○7 ×5 注3 △4 ▲2,"1-4  1,590円(6)","1-4-7  4,010円(14)",1=4=7  700円(4),1=4  290円(5)  1=7  100円(1)  4=7  430円(8) / 1=4  290円(5)  1=7  100円(1)  4=7  430円(8),6,佐野 洋継  京,都,38,97,A2,両,3.92,79.52,▲,3,4.7,4.7,19.0,0,0,6,10.5,nan,１/２車輪,nan
6320260501010001,hofu,2026-05-01,1,◎1 ○7 ×5 注3 △4 ▲2,"1-4  1,590円(6)","1-4-7  4,010円(14)",1=4=7  700円(4),1=4  290円(5)  1=7  100円(1)  4=7  430円(8) / 1=4  290円(5)  1=7  100円(1)  4=7  430円(8),7,安東 英博  大,分,45,87,A1,追,3.92,85.04,○,5,0.0,8.3,33.3,0,0,3,10.0,nan,１/４車輪,nan
6320260501010002,hofu,2026-05-01,2,◎4 ○1 △7 注5 ×2 ▲3,4-1  220円(1),"4-1-2  1,660円(4)",1=2=4  970円(4),1=2  520円(8)  1=4  100円(1)  2=4  540円(10) / 1=2  520円(8)  1=4  100円(1)  2=4  540円(10),1,山本 隼人  大,阪,28,111,A1,追,3.92,86.25,○,5,8.3,8.3,16.6,0,0,2,9.6,ク,３/４車身,nan
6320260501010002,hofu,2026-05-01,2,◎4 ○1 △7 注5 ×2 ▲3,4-1  220円(1),"4-1-2  1,660円(4)",1=2=4  970円(4),1=2  520円(8)  1=4  100円(1)  2=4  540円(10) / 1=2  520円(8)  1=4  100円(1)  2=4  540円(10),2,仲松 勝太  沖,縄,48,96,A2,追,3.92,81.94,注,2,0.0,11.1,44.4,0,0,3,10.1,nan,５車身,nan
6320260501010002,hofu,2026-05-01,2,◎4 ○1 △7 注5 ×2 ▲3,4-1  220円(1),"4-1-2  1,660円(4)",1=2=4  970円(4),1=2  520円(8)  1=4  100円(1)  2=4  540円(10) / 1=2  520円(8)  1=4  100円(1)  2=4  540円(10),3,天野 純平  佐,賀,27,115,A2,逃,3.92,83.45,×,1,30.0,40.0,45.0,4,2,4,10.0,nan,３/４車輪,nan
6320260501010002,hofu,2026-05-01,2,◎4 ○1 △7 注5 ×2 ▲3,4-1  220円(1),"4-1-2  1,660円(4)",1=2=4  970円(4),1=2  520円(8)  1=4  100円(1)  2=4  540円(10) / 1=2  520円(8)  1=4  100円(1)  2=4  540円(10),4,石田 拓真  愛,知,24,119,A1,逃,3.92,89.66,◎,6,22.2,27.7,44.4,4,1,1,9.7,捲,nan,nan
6320260501010002,hofu,2026-05-01,2,◎4 ○1 △7 注5 ×2 ▲3,4-1  220円(1),"4-1-2  1,660円(4)",1=2=4  970円(4),1=2  520円(8)  1=4  100円(1)  2=4  540円(10) / 1=2  520円(8)  1=4  100円(1)  2=4  540円(10),5,松本 昂大  長,崎,21,125,A2,逃,3.92,81.86,△,4,26.6,33.3,40.0,5,0,5,10.3,nan,１/２車身,nan
6320260501010002,hofu,2026-05-01,2,◎4 ○1 △7 注5 ×2 ▲3,4-1  220円(1),"4-1-2  1,660円(4)",1=2=4  970円(4),1=2  520円(8)  1=4  100円(1)  2=4  540円(10) / 1=2  520円(8)  1=4  100円(1)  2=4  540円(10),6,山崎 翼  大,分,37,95,A2,逃,3.92,78.00,▲,3,16.6,16.6,16.6,0,1,6,9.8,nan,１車身,nan
6320260501010002,hofu,2026-05-01,2,◎4 ○1 △7 注5 ×2 ▲3,4-1  220円(1),"4-1-2  1,660円(4)",1=2=4  970円(4),1=2  520円(8)  1=4  100円(1)  2=4  540円(10) / 1=2  520円(8)  1=4  100円(1)  2=4  540円(10),7,金田 健一郎  大,阪,59,60,A2,追,3.92,79.42,nan,0,0.0,4.7,19.0,0,0,7,10.1,nan,１車身１/２,nan
6320260501010003,hofu,2026-05-01,3,◎1 ○6 △4 ×2 注5 ▲3,"4-2  7,490円(14)","4-2-5  20,060円(40)","2=4=5  6,020円(15)","2=4  690円(7)  2=5  1,820円(15)  4=5  2,600円(18) / 2=4  690円(7)  2=5  1,820円(15)  4=5  2,600円(18)",1,細中 翔太  岡,山,26,125,A2,逃,3.92,92.00,◎,6,52.3,66.6,76.1,11,1,4,10.4,nan,１車身１/２,nan
6320260501010003,hofu,2026-05-01,3,◎1 ○6 △4 ×2 注5 ▲3,"4-2  7,490円(14)","4-2-5  20,060円(40)","2=4=5  6,020円(15)","2=4  690円(7)  2=5  1,820円(15)  4=5  2,600円(18) / 2=4  690円(7)  2=5  1,820円(15)  4=5  2,600円(18)",2,楢原 由将  福,岡,38,94,A2,両,3.92,82.89,×,1,0.0,5.2,21.0,0,0,2,9.9,ク,１車身,nan
6320260501010003,hofu,2026-05-01,3,◎1 ○6 △4 ×2 注5 ▲3,"4-2  7,490円(14)","4-2-5  20,060円(40)","2=4=5  6,020円(15)","2=4  690円(7)  2=5  1,820円(15)  4=5  2,600円(18) / 2=4  690円(7)  2=5  1,820円(15)  4=5  2,600円(18)",3,小林 史也,和歌山,40,107,A1,逃,3.92,83.26,注,2,5.0,25.0,30.0,5,0,6,10.6,nan,１車身１/２,nan
6320260501010003,hofu,2026-05-01,3,◎1 ○6 △4 ×2 注5 ▲3,"4-2  7,490円(14)","4-2-5  20,060円(40)","2=4=5  6,020円(15)","2=4  690円(7)  2=5  1,820円(15)  4=5  2,600円(18) / 2=4  690円(7)  2=5  1,820円(15)  4=5  2,600円(18)",4,中山 遼太郎  熊,本,23,121,A1,逃,3.92,82.95,△,4,5.0,25.0,40.0,2,3,1,10.0,捲,nan,nan
6320260501010003,hofu,2026-05-01,3,◎1 ○6 △4 ×2 注5 ▲3,"4-2  7,490円(14)","4-2-5  20,060円(40)","2=4=5  6,020円(15)","2=4  690円(7)  2=5  1,820円(15)  4=5  2,600円(18) / 2=4  690円(7)  2=5  1,820円(15)  4=5  2,600円(18)",5,飯塚 直人  佐,賀,35,98,A2,両,3.92,81.09,nan,0,0.0,5.0,30.0,0,0,3,9.9,nan,３/４車身,nan
6320260501010003,hofu,2026-05-01,3,◎1 ○6 △4 ×2 注5 ▲3,"4-2  7,490円(14)","4-2-5  20,060円(40)","2=4=5  6,020円(15)","2=4  690円(7)  2=5  1,820円(15)  4=5  2,600円(18) / 2=4  690円(7)  2=5  1,820円(15)  4=5  2,600円(18)",6,山中 崇弘  高,知,30,113,A2,追,3.92,80.50,○,5,4.5,9.0,27.2,0,0,5,10.2,nan,１/４車輪,nan
6320260501010003,hofu,2026-05-01,3,◎1 ○6 △4 ×2 注5 ▲3,"4-2  7,490円(14)","4-2-5  20,060円(40)","2=4=5  6,020円(15)","2=4  690円(7)  2=5  1,820円(15)  4=5  2,600円(18) / 2=4  690円(7)  2=5  1,820円(15)  4=5  2,600円(18)",7,堺 文人,和歌山,47,85,A2,追,3.92,83.40,▲,3,9.5,28.5,42.8,0,0,7,10.4,nan,３/４車輪,nan
6320260501010004,hofu,2026-05-01,4,注7 ×1 ▲5 △2 ◎6 ○4,4-3  200円(1),4-3-1  370円(1),1=3=4  240円(1),1=3  190円(3)  1=4  130円(2)  3=4  100円(1) / 1=3  190円(3)  1=4  130円(2)  3=4  100円(1),1,林 明宏  高,知,49,79,A1,追,3.93,86.83,×,1,12.5,25.0,50.0,0,0,3,10.2,nan,３/４車身,nan
6320260501010004,hofu,2026-05-01,4,注7 ×1 ▲5 △2 ◎6 ○4,4-3  200円(1),4-3-1  370円(1),1=3=4  240円(1),1=3  190円(3)  1=4  130円(2)  3=4  100円(1) / 1=3  190円(3)  1=4  130円(2)  3=4  100円(1),2,勝谷 勝治  三,重,35,115,A2,両,3.92,82.61,△,4,9.5,23.8,42.8,0,0,4,10.3,nan,１/２車身,nan
6320260501010004,hofu,2026-05-01,4,注7 ×1 ▲5 △2 ◎6 ○4,4-3  200円(1),4-3-1  370円(1),1=3=4  240円(1),1=3  190円(3)  1=4  130円(2)  3=4  100円(1) / 1=3  190円(3)  1=4  130円(2)  3=4  100円(1),3,好永 晃  佐,賀,35,98,A1,追,3.92,86.16,○,5,0.0,25.0,33.3,0,0,2,10.2,ク,１車身１/２,nan
6320260501010004,hofu,2026-05-01,4,注7 ×1 ▲5 △2 ◎6 ○4,4-3  200円(1),4-3-1  370円(1),1=3=4  240円(1),1=3  190円(3)  1=4  130円(2)  3=4  100円(1) / 1=3  190円(3)  1=4  130円(2)  3=4  100円(1),4,林 昴  福,岡,24,119,A1,逃,3.92,88.92,◎,6,38.4,53.8,61.5,4,3,1,10.2,逃,nan,nan
6320260501010004,hofu,2026-05-01,4,注7 ×1 ▲5 △2 ◎6 ○4,4-3  200円(1),4-3-1  370円(1),1=3=4  240円(1),1=3  190円(3)  1=4  130円(2)  3=4  100円(1) / 1=3  190円(3)  1=4  130円(2)  3=4  100円(1),5,米澤 大輔  徳,島,51,73,A2,追,3.92,79.38,▲,3,0.0,9.5,14.2,0,0,落,nan,nan,nan,nan
6320260501010004,hofu,2026-05-01,4,注7 ×1 ▲5 △2 ◎6 ○4,4-3  200円(1),4-3-1  370円(1),1=3=4  240円(1),1=3  190円(3)  1=4  130円(2)  3=4  100円(1) / 1=3  190円(3)  1=4  130円(2)  3=4  100円(1),6,小川 将人  愛,知,50,75,A2,追,3.92,79.25,nan,0,0.0,0.0,5.0,0,0,6,10.2,nan,１車身１/２,nan
6320260501010004,hofu,2026-05-01,4,注7 ×1 ▲5 △2 ◎6 ○4,4-3  200円(1),4-3-1  370円(1),1=3=4  240円(1),1=3  190円(3)  1=4  130円(2)  3=4  100円(1) / 1=3  190円(3)  1=4  130円(2)  3=4  100円(1),7,原田 峻治  山,口,31,125,A2,逃,3.92,83.38,注,2,4.7,19.0,33.3,2,2,5,10.3,nan,１/４車輪,nan
6320260501010005,hofu,2026-05-01,5,×6 ▲5 △1 ○7 ◎4 注2,"2-5  1,390円(7)","2-5-3  7,390円(36)","2=3=5  1,180円(7)",2=3  260円(3)  2=5  210円(2)  3=5  440円(8) / 2=3  260円(3)  2=5  210円(2)  3=5  440円(8),1,舛井 幹雄  三,重,54,71,A1,追,3.93,91.00,▲,3,19.0,42.8,52.3,0,0,4,9.9,nan,３/４車身,nan
6320260501010005,hofu,2026-05-01,5,×6 ▲5 △1 ○7 ◎4 注2,"2-5  1,390円(7)","2-5-3  7,390円(36)","2=3=5  1,180円(7)",2=3  260円(3)  2=5  210円(2)  3=5  440円(8) / 2=3  260円(3)  2=5  210円(2)  3=5  440円(8),2,小原 周祐  高,知,35,99,A1,両,3.92,96.53,◎,6,60.0,86.6,100.0,0,0,1,10.1,差,nan,nan
6320260501010005,hofu,2026-05-01,5,×6 ▲5 △1 ○7 ◎4 注2,"2-5  1,390円(7)","2-5-3  7,390円(36)","2=3=5  1,180円(7)",2=3  260円(3)  2=5  210円(2)  3=5  440円(8) / 2=3  260円(3)  2=5  210円(2)  3=5  440円(8),3,松本 憲斗  熊,本,29,119,A1,逃,3.92,93.73,注,2,33.3,40.0,80.0,1,4,3,9.7,nan,１/２車輪,nan
6320260501010005,hofu,2026-05-01,5,×6 ▲5 △1 ○7 ◎4 注2,"2-5  1,390円(7)","2-5-3  7,390円(36)","2=3=5  1,180円(7)",2=3  260円(3)  2=5  210円(2)  3=5  440円(8) / 2=3  260円(3)  2=5  210円(2)  3=5  440円(8),4,中野 光太郎  徳,島,26,121,A1,逃,3.93,95.00,○,5,25.0,50.0,50.0,0,0,7,10.4,nan,１/２車輪,nan
6320260501010005,hofu,2026-05-01,5,×6 ▲5 △1 ○7 ◎4 注2,"2-5  1,390円(7)","2-5-3  7,390円(36)","2=3=5  1,180円(7)",2=3  260円(3)  2=5  210円(2)  3=5  440円(8) / 2=3  260円(3)  2=5  210円(2)  3=5  440円(8),5,吉川 起也  富,山,42,92,A1,両,3.92,93.65,×,1,33.3,61.9,66.6,0,6,2,10.0,ク,３/４車輪,nan
6320260501010005,hofu,2026-05-01,5,×6 ▲5 △1 ○7 ◎4 注2,"2-5  1,390円(7)","2-5-3  7,390円(36)","2=3=5  1,180円(7)",2=3  260円(3)  2=5  210円(2)  3=5  440円(8) / 2=3  260円(3)  2=5  210円(2)  3=5  440円(8),6,中野 雄喜  京,都,32,111,A1,両,3.92,90.14,nan,0,13.3,26.6,60.0,1,1,6,10.3,nan,１/２車輪,nan
6320260501010005,hofu,2026-05-01,5,×6 ▲5 △1 ○7 ◎4 注2,"2-5  1,390円(7)","2-5-3  7,390円(36)","2=3=5  1,180円(7)",2=3  260円(3)  2=5  210円(2)  3=5  440円(8) / 2=3  260円(3)  2=5  210円(2)  3=5  440円(8),7,富 武大  山,口,28,121,A1,逃,3.92,93.21,△,4,35.7,57.1,64.2,3,4,5,9.6,nan,１/２車輪,nan
6320260501010006,hofu,2026-05-01,6,注3 ×2 ◎1 △4 ○5 ▲6,"4-1  3,600円(6)","4-1-2  16,180円(20)",1=2=4  570円(3),1=2  300円(3)  1=4  260円(2)  2=4  950円(7) / 1=2  300円(3)  1=4  260円(2)  2=4  950円(7),1,半田 水晶  茨,城,28,128,L1,両,3.79,56.18,◎,6,68.1,81.8,86.3,13,5,2,10.4,逃,２車身,nan
6320260501010006,hofu,2026-05-01,6,注3 ×2 ◎1 △4 ○5 ▲6,"4-1  3,600円(6)","4-1-2  16,180円(20)",1=2=4  570円(3),1=2  300円(3)  1=4  260円(2)  2=4  950円(7) / 1=2  300円(3)  1=4  260円(2)  2=4  950円(7),2,中野 咲  愛,知,29,110,L1,両,3.79,51.47,×,1,4.3,21.7,39.1,0,0,3,10.4,nan,１車身,nan
6320260501010006,hofu,2026-05-01,6,注3 ×2 ◎1 △4 ○5 ▲6,"4-1  3,600円(6)","4-1-2  16,180円(20)",1=2=4  570円(3),1=2  300円(3)  1=4  260円(2)  2=4  950円(7) / 1=2  300円(3)  1=4  260円(2)  2=4  950円(7),3,野寺 楓  静,岡,27,122,L1,追,3.79,50.61,注,2,0.0,16.6,33.3,0,0,4,10.4,nan,１車身,nan
6320260501010006,hofu,2026-05-01,6,注3 ×2 ◎1 △4 ○5 ▲6,"4-1  3,600円(6)","4-1-2  16,180円(20)",1=2=4  570円(3),1=2  300円(3)  1=4  260円(2)  2=4  950円(7) / 1=2  300円(3)  1=4  260円(2)  2=4  950円(7),4,村田 奈穂  熊,本,34,116,L1,両,3.77,51.54,△,4,4.1,29.1,41.6,0,2,1,10.1,捲,nan,nan
6320260501010006,hofu,2026-05-01,6,注3 ×2 ◎1 △4 ○5 ▲6,"4-1  3,600円(6)","4-1-2  16,180円(20)",1=2=4  570円(3),1=2  300円(3)  1=4  260円(2)  2=4  950円(7) / 1=2  300円(3)  1=4  260円(2)  2=4  950円(7),5,永禮 美瑠  愛,知,26,118,L1,両,3.77,52.95,○,5,20.8,37.5,66.6,1,3,5,10.6,nan,１/２車身,nan
6320260501010006,hofu,2026-05-01,6,注3 ×2 ◎1 △4 ○5 ▲6,"4-1  3,600円(6)","4-1-2  16,180円(20)",1=2=4  570円(3),1=2  300円(3)  1=4  260円(2)  2=4  950円(7) / 1=2  300円(3)  1=4  260円(2)  2=4  950円(7),6,中原 恭恵  広,島,39,126,L1,両,3.71,46.60,▲,3,0.0,4.1,20.8,0,0,6,10.3,nan,１車身１/２,nan
6320260501010006,hofu,2026-05-01,6,注3 ×2 ◎1 △4 ○5 ▲6,"4-1  3,600円(6)","4-1-2  16,180円(20)",1=2=4  570円(3),1=2  300円(3)  1=4  260円(2)  2=4  950円(7) / 1=2  300円(3)  1=4  260円(2)  2=4  950円(7),7,渡辺 ゆかり  山,梨,45,102,L1,追,3.71,44.73,nan,0,0.0,0.0,4.3,0,0,7,10.6,nan,４車身,nan
6320260501010007,hofu,2026-05-01,7,注4 ▲5 △1 ×2 ○3 ◎7,6-7  180円(1),6-7-1  370円(1),1=6=7  210円(1),1=6  120円(2)  1=7  240円(6)  6=7  100円(1) / 1=6  120円(2)  1=7  240円(6)  6=7  100円(1),1,東 美月  兵,庫,24,124,L1,両,3.77,52.00,△,4,4.1,37.5,62.5,0,2,3,10.2,nan,３/４車身,nan
6320260501010007,hofu,2026-05-01,7,注4 ▲5 △1 ×2 ○3 ◎7,6-7  180円(1),6-7-1  370円(1),1=6=7  210円(1),1=6  120円(2)  1=7  240円(6)  6=7  100円(1) / 1=6  120円(2)  1=7  240円(6)  6=7  100円(1),2,佐々木 綾  東,京,26,116,L1,両,3.79,49.77,nan,0,3.7,18.5,37.0,0,0,7,10.8,nan,３/４車身,nan
6320260501010007,hofu,2026-05-01,7,注4 ▲5 △1 ×2 ○3 ◎7,6-7  180円(1),6-7-1  370円(1),1=6=7  210円(1),1=6  120円(2)  1=7  240円(6)  6=7  100円(1) / 1=6  120円(2)  1=7  240円(6)  6=7  100円(1),3,杉浦 菜留  愛,知,25,118,L1,両,3.79,49.94,×,1,5.8,17.6,29.4,0,0,5,10.3,nan,４車身,nan
6320260501010007,hofu,2026-05-01,7,注4 ▲5 △1 ×2 ○3 ◎7,6-7  180円(1),6-7-1  370円(1),1=6=7  210円(1),1=6  120円(2)  1=7  240円(6)  6=7  100円(1) / 1=6  120円(2)  1=7  240円(6)  6=7  100円(1),4,加藤 恵  青,森,40,112,L1,両,3.79,50.62,注,2,11.1,29.6,55.5,6,1,4,10.2,nan,１/２車輪,nan
6320260501010007,hofu,2026-05-01,7,注4 ▲5 △1 ×2 ○3 ◎7,6-7  180円(1),6-7-1  370円(1),1=6=7  210円(1),1=6  120円(2)  1=7  240円(6)  6=7  100円(1) / 1=6  120円(2)  1=7  240円(6)  6=7  100円(1),5,成海 綾香  沖,縄,25,128,L1,両,3.77,46.57,▲,3,0.0,0.0,0.0,0,0,6,10.8,nan,８車身,nan
6320260501010007,hofu,2026-05-01,7,注4 ▲5 △1 ×2 ○3 ◎7,6-7  180円(1),6-7-1  370円(1),1=6=7  210円(1),1=6  120円(2)  1=7  240円(6)  6=7  100円(1) / 1=6  120円(2)  1=7  240円(6)  6=7  100円(1),6,山原 さくら  山,口,33,104,L1,両,3.77,57.50,◎,6,83.3,91.6,95.8,7,13,1,10.3,逃,nan,nan
6320260501010007,hofu,2026-05-01,7,注4 ▲5 △1 ×2 ○3 ◎7,6-7  180円(1),6-7-1  370円(1),1=6=7  210円(1),1=6  120円(2)  1=7  240円(6)  6=7  100円(1) / 1=6  120円(2)  1=7  240円(6)  6=7  100円(1),7,細田 愛未  埼,玉,30,108,L1,両,3.79,53.71,○,5,21.4,64.2,71.4,2,1,2,10.2,ク,１/２車身,nan
7520260501010001,matsuyama,2026-05-01,1,×1 △3 ▲5 ○4 ◎2 注7,,,,,1,里見 恒平  千,葉,49,99,A3,逃,3.92,72.25,×,1,25.0,50.0,50.0,1,6,,,,,
7520260501010001,matsuyama,2026-05-01,1,×1 △3 ▲5 ○4 ◎2 注7,,,,,2,龍門 慎太郎  岡,山,40,96,A3,追,3.92,69.86,◎,6,13.7,31.0,37.9,1,2,,,,,
7520260501010001,matsuyama,2026-05-01,1,×1 △3 ▲5 ○4 ◎2 注7,,,,,3,志村 正洋,神奈川,51,77,A3,追,3.85,69.59,△,4,7.6,26.9,34.6,0,0,,,,,
7520260501010001,matsuyama,2026-05-01,1,×1 △3 ▲5 ○4 ◎2 注7,,,,,4,中岡 海  愛,媛,23,123,A3,逃,3.92,67.69,○,5,17.3,34.7,39.1,5,3,,,,,
7520260501010001,matsuyama,2026-05-01,1,×1 △3 ▲5 ○4 ◎2 注7,,,,,5,長岡 豪  群,馬,42,91,A3,追,3.92,67.50,▲,3,0.0,0.0,25.0,0,0,,,,,
7520260501010001,matsuyama,2026-05-01,1,×1 △3 ▲5 ○4 ◎2 注7,,,,,6,村上 順規  新,潟,49,80,A3,追,3.85,67.11,注,2,0.0,0.0,22.2,0,0,,,,,
7520260501010001,matsuyama,2026-05-01,1,×1 △3 ▲5 ○4 ◎2 注7,,,,,7,屋宜 浩二  沖,縄,40,97,A3,追,3.92,63.94,nan,0,0.0,0.0,22.2,0,0,,,,,
7520260501010002,matsuyama,2026-05-01,2,◎2 ○1 ▲6 △4 ×3 注5,,,,,1,田中 孝法  福,岡,44,91,A3,追,3.92,72.84,○,5,21.0,47.3,57.8,0,0,,,,,
7520260501010002,matsuyama,2026-05-01,2,◎2 ○1 ▲6 △4 ×3 注5,,,,,2,高鍋 邦彰  福,岡,39,95,A3,両,3.92,72.55,◎,6,29.6,51.8,59.2,6,2,,,,,
7520260501010002,matsuyama,2026-05-01,2,◎2 ○1 ▲6 △4 ×3 注5,,,,,3,齋藤 昌太  栃,木,39,93,A3,追,3.92,70.96,×,1,11.1,29.6,48.1,0,0,,,,,
7520260501010002,matsuyama,2026-05-01,2,◎2 ○1 ▲6 △4 ×3 注5,,,,,4,相川 巧  埼,玉,36,98,A3,両,3.92,69.51,△,4,13.7,27.5,44.8,5,2,,,,,
7520260501010002,matsuyama,2026-05-01,2,◎2 ○1 ▲6 △4 ×3 注5,,,,,5,石川 英昭  静,岡,54,75,A3,追,3.93,68.29,注,2,8.3,25.0,37.5,0,0,,,,,
7520260501010002,matsuyama,2026-05-01,2,◎2 ○1 ▲6 △4 ×3 注5,,,,,6,大山 泰伸  香,川,54,68,A3,追,3.85,65.93,▲,3,0.0,0.0,13.3,0,0,,,,,
7520260501010002,matsuyama,2026-05-01,2,◎2 ○1 ▲6 △4 ×3 注5,,,,,7,吉竹 雄城  千,葉,36,99,A3,追,3.92,61.92,nan,0,0.0,0.0,4.0,0,0,,,,,
7520260501010003,matsuyama,2026-05-01,3,○5 ◎1 注2 △3 ×4 ▲7,,,,,1,旭 啓介,神奈川,47,86,A3,追,3.92,73.44,◎,6,22.2,33.3,44.4,0,0,,,,,
7520260501010003,matsuyama,2026-05-01,3,○5 ◎1 注2 △3 ×4 ▲7,,,,,2,鈴木 規純  福,島,51,75,A3,追,3.93,69.48,注,2,12.0,24.0,32.0,0,1,,,,,
7520260501010003,matsuyama,2026-05-01,3,○5 ◎1 注2 △3 ×4 ▲7,,,,,3,菅原 洋輔  岩,手,44,98,A3,両,3.92,69.44,△,4,7.6,26.9,46.1,3,2,,,,,
7520260501010003,matsuyama,2026-05-01,3,○5 ◎1 注2 △3 ×4 ▲7,,,,,4,岡田 哲夫  福,島,43,92,A3,追,3.92,69.04,nan,0,4.7,14.2,38.0,0,0,,,,,
7520260501010003,matsuyama,2026-05-01,3,○5 ◎1 注2 △3 ×4 ▲7,,,,,5,野口 修平,神奈川,37,105,A3,逃,3.85,68.00,○,5,22.7,22.7,31.8,5,0,,,,,
7520260501010003,matsuyama,2026-05-01,3,○5 ◎1 注2 △3 ×4 ▲7,,,,,6,小野 祐作  岡,山,53,72,A3,追,3.93,66.58,▲,3,0.0,5.5,16.6,0,0,,,,,
7520260501010003,matsuyama,2026-05-01,3,○5 ◎1 注2 △3 ×4 ▲7,,,,,7,柏野 健吾  岡,山,23,127,A3,逃,3.92,64.90,×,1,0.0,0.0,0.0,0,0,,,,,
7520260501010004,matsuyama,2026-05-01,4,◎2 ○1 △3 ×4 注5 ▲7,,,,,1,高嶋 一朗  岡,山,58,62,A3,追,3.86,75.33,○,5,33.3,61.1,66.6,0,0,,,,,
7520260501010004,matsuyama,2026-05-01,4,◎2 ○1 △3 ×4 注5 ▲7,,,,,2,右近 陸人  山,口,26,127,A3,逃,3.92,71.70,◎,6,8.3,33.3,45.8,5,1,,,,,
7520260501010004,matsuyama,2026-05-01,4,◎2 ○1 △3 ×4 注5 ▲7,,,,,3,松木 竜也  愛,媛,56,65,A3,追,3.93,69.52,△,4,5.2,10.5,31.5,0,0,,,,,
7520260501010004,matsuyama,2026-05-01,4,◎2 ○1 △3 ×4 注5 ▲7,,,,,4,吉川 誠,神奈川,44,86,A3,両,3.93,68.88,×,1,0.0,16.6,27.7,1,1,,,,,
7520260501010004,matsuyama,2026-05-01,4,◎2 ○1 △3 ×4 注5 ▲7,,,,,5,戸ノ下 太郎  千,葉,50,76,A3,追,3.85,68.69,注,2,8.6,21.7,34.7,0,0,,,,,
7520260501010004,matsuyama,2026-05-01,4,◎2 ○1 △3 ×4 注5 ▲7,,,,,6,橋本 祐司  青,森,41,95,A3,追,3.92,66.57,▲,3,4.7,14.2,28.5,0,0,,,,,
7520260501010004,matsuyama,2026-05-01,4,◎2 ○1 △3 ×4 注5 ▲7,,,,,7,三浦 平志郎  秋,田,37,100,A3,逃,3.85,63.50,nan,0,4.7,4.7,14.2,1,0,,,,,
7520260501010005,matsuyama,2026-05-01,5,◎1 ○2 注5 ▲6 △3 ×4,,,,,1,畑崎 大輝  青,森,24,127,A3,逃,3.85,78.14,◎,6,61.9,80.9,85.7,13,4,,,,,
7520260501010005,matsuyama,2026-05-01,5,◎1 ○2 注5 ▲6 △3 ×4,,,,,2,榊枝 輝文  福,島,49,79,A3,追,3.93,70.11,○,5,11.5,34.6,46.1,0,2,,,,,
7520260501010005,matsuyama,2026-05-01,5,◎1 ○2 注5 ▲6 △3 ×4,,,,,3,吉田 悟  熊,本,32,119,A3,逃,3.92,69.50,△,4,11.1,33.3,44.4,4,2,,,,,
7520260501010005,matsuyama,2026-05-01,5,◎1 ○2 注5 ▲6 △3 ×4,,,,,4,仙石 淳  沖,縄,53,73,A3,追,3.85,69.00,×,1,7.6,15.3,30.7,0,0,,,,,
7520260501010005,matsuyama,2026-05-01,5,◎1 ○2 注5 ▲6 △3 ×4,,,,,5,水野 悟志  静,岡,42,94,A3,追,3.92,68.95,注,2,9.5,23.8,33.3,0,0,,,,,
7520260501010005,matsuyama,2026-05-01,5,◎1 ○2 注5 ▲6 △3 ×4,,,,,6,黒瀬 浩一  静,岡,60,57,A3,追,3.92,65.11,▲,3,0.0,11.1,14.8,0,0,,,,,
7520260501010005,matsuyama,2026-05-01,5,◎1 ○2 注5 ▲6 △3 ×4,,,,,7,鈴木 龍之介  栃,木,48,81,A3,追,3.92,61.58,nan,0,0.0,0.0,0.0,0,0,,,,,
7520260501010006,matsuyama,2026-05-01,6,◎1 ○2 ×7 △4 注3 ▲6,,,,,1,木村 優駿  埼,玉,20,127,A3,逃,3.77,78.33,◎,6,58.3,87.5,87.5,19,0,,,,,
7520260501010006,matsuyama,2026-05-01,6,◎1 ○2 ×7 △4 注3 ▲6,,,,,2,伊藤 一貴  栃,木,54,72,A3,追,3.83,75.55,○,5,11.1,59.2,77.7,0,0,,,,,
7520260501010006,matsuyama,2026-05-01,6,◎1 ○2 ×7 △4 注3 ▲6,,,,,3,杉浦 康一,北海道,61,58,A3,追,3.92,69.40,△,4,14.8,29.6,48.1,0,0,,,,,
7520260501010006,matsuyama,2026-05-01,6,◎1 ○2 ×7 △4 注3 ▲6,,,,,4,佐藤 康恭  福,島,40,94,A3,両,3.85,68.20,×,1,12.5,16.6,37.5,0,2,,,,,
7520260501010006,matsuyama,2026-05-01,6,◎1 ○2 ×7 △4 注3 ▲6,,,,,5,穴井 利久  福,岡,55,65,A3,追,3.92,67.75,▲,3,0.0,0.0,33.3,0,0,,,,,
7520260501010006,matsuyama,2026-05-01,6,◎1 ○2 ×7 △4 注3 ▲6,,,,,6,真崎 章徳  佐,賀,30,113,A3,逃,3.92,67.08,注,2,8.0,24.0,24.0,2,3,,,,,
7520260501010006,matsuyama,2026-05-01,6,◎1 ○2 ×7 △4 注3 ▲6,,,,,7,中山 善仁  新,潟,52,73,A3,追,3.85,64.46,nan,0,0.0,7.1,10.7,0,0,,,,,
7520260501010007,matsuyama,2026-05-01,7,◎1 ○2 ×6 △3 ▲4 注7,,,,,1,邊見 竜馬  福,島,24,127,A3,逃,3.92,79.66,◎,6,100.0,100.0,100.0,4,1,,,,,
7520260501010007,matsuyama,2026-05-01,7,◎1 ○2 ×6 △3 ▲4 注7,,,,,2,大澤 哉太,北海道,37,95,A3,両,3.92,71.91,○,5,16.6,37.5,54.1,1,0,,,,,
7520260501010007,matsuyama,2026-05-01,7,◎1 ○2 ×6 △3 ▲4 注7,,,,,3,今村 俊雄  山,梨,46,99,A3,追,3.92,68.83,△,4,11.1,16.6,38.8,0,0,,,,,
7520260501010007,matsuyama,2026-05-01,7,◎1 ○2 ×6 △3 ▲4 注7,,,,,4,高橋 由記  群,馬,46,88,A3,追,3.92,68.58,▲,3,16.6,20.8,29.1,0,0,,,,,
7520260501010007,matsuyama,2026-05-01,7,◎1 ○2 ×6 △3 ▲4 注7,,,,,5,横瀬 聡  福,岡,54,69,A3,追,3.92,67.07,注,2,11.5,11.5,26.9,0,0,,,,,
7520260501010007,matsuyama,2026-05-01,7,◎1 ○2 ×6 △3 ▲4 注7,,,,,6,藤本 龍也  長,野,42,98,A3,両,3.92,66.75,×,1,12.5,18.7,37.5,3,0,,,,,
7520260501010007,matsuyama,2026-05-01,7,◎1 ○2 ×6 △3 ▲4 注7,,,,,7,ラモス レオ  沖,縄,28,113,A3,逃,3.92,64.20,nan,0,0.0,8.3,8.3,0,0,,,,,
8320260501010001,kurume,2026-05-01,1,◎1 ○3 ×4 ▲2 △5 注7,,,,,1,加藤 駿  愛,知,28,127,A3,逃,3.92,75.40,◎,6,29.6,51.8,66.6,9,3,,,,,
8320260501010001,kurume,2026-05-01,1,◎1 ○3 ×4 ▲2 △5 注7,,,,,2,安谷屋 将志  沖,縄,37,96,A3,両,3.93,74.84,×,1,42.1,42.1,57.8,0,0,,,,,
8320260501010001,kurume,2026-05-01,1,◎1 ○3 ×4 ▲2 △5 注7,,,,,3,小塚 潤  愛,知,46,86,A3,追,3.92,69.79,○,5,6.8,20.6,34.4,0,1,,,,,
8320260501010001,kurume,2026-05-01,1,◎1 ○3 ×4 ▲2 △5 注7,,,,,4,梶原 秀庸  大,阪,52,77,A3,追,3.92,69.68,nan,0,5.2,26.3,36.8,0,0,,,,,
8320260501010001,kurume,2026-05-01,1,◎1 ○3 ×4 ▲2 △5 注7,,,,,5,松丸 裕紀  福,岡,45,86,A3,追,3.92,68.95,▲,3,4.5,18.1,31.8,0,0,,,,,
8320260501010001,kurume,2026-05-01,1,◎1 ○3 ×4 ▲2 △5 注7,,,,,6,青木 亮太  群,馬,42,89,A3,追,3.85,68.86,注,2,0.0,6.6,26.6,0,0,,,,,
8320260501010001,kurume,2026-05-01,1,◎1 ○3 ×4 ▲2 △5 注7,,,,,7,星野 京旺  新,潟,26,127,A3,逃,3.92,66.83,△,4,5.5,16.6,33.3,3,0,,,,,
8320260501010002,kurume,2026-05-01,2,×2 △3 ▲5 ◎1 ○4 注6,,,,,1,大本 隆也,神奈川,27,127,A3,逃,3.92,75.58,◎,6,41.6,58.3,66.6,12,1,,,,,
8320260501010002,kurume,2026-05-01,2,×2 △3 ▲5 ◎1 ○4 注6,,,,,2,布居 翼,和歌山,29,109,A3,逃,3.92,74.09,×,1,28.5,38.0,76.1,0,3,,,,,
8320260501010002,kurume,2026-05-01,2,×2 △3 ▲5 ◎1 ○4 注6,,,,,3,大川 栄二,和歌山,53,70,A3,追,3.86,73.92,△,4,11.1,40.7,70.3,0,0,,,,,
8320260501010002,kurume,2026-05-01,2,×2 △3 ▲5 ◎1 ○4 注6,,,,,4,安坂 洋一,神奈川,50,79,A3,追,3.92,69.87,○,5,0.0,12.0,36.0,0,0,,,,,
8320260501010002,kurume,2026-05-01,2,×2 △3 ▲5 ◎1 ○4 注6,,,,,5,柴田 昌樹  愛,知,50,79,A3,追,3.92,69.77,▲,3,8.6,21.7,34.7,0,0,,,,,
8320260501010002,kurume,2026-05-01,2,×2 △3 ▲5 ◎1 ○4 注6,,,,,6,丸山 勝也  静,岡,46,85,A3,追,3.92,68.00,注,2,0.0,19.0,38.0,0,0,,,,,
8320260501010002,kurume,2026-05-01,2,×2 △3 ▲5 ◎1 ○4 注6,,,,,7,藤原 義晴  岩,手,45,88,A3,追,3.92,65.00,nan,0,0.0,8.6,13.0,0,0,,,,,
8320260501010003,kurume,2026-05-01,3,◎1 ○3 注4 △5 ×2 ▲6,,,,,1,田村 純一  福,島,39,92,A3,両,3.92,76.23,◎,6,42.8,57.1,71.4,1,8,,,,,
8320260501010003,kurume,2026-05-01,3,◎1 ○3 注4 △5 ×2 ▲6,,,,,2,米原 大輔  沖,縄,45,86,A3,追,3.86,73.79,×,1,16.6,45.8,62.5,0,0,,,,,
8320260501010003,kurume,2026-05-01,3,◎1 ○3 注4 △5 ×2 ▲6,,,,,3,亀井 道佳  宮,城,48,83,A3,追,3.92,71.87,○,5,0.0,12.5,45.8,0,0,,,,,
8320260501010003,kurume,2026-05-01,3,◎1 ○3 注4 △5 ×2 ▲6,,,,,4,前川 裕希,北海道,49,95,A3,追,3.92,69.25,注,2,0.0,16.6,33.3,0,0,,,,,
8320260501010003,kurume,2026-05-01,3,◎1 ○3 注4 △5 ×2 ▲6,,,,,5,楠本 政明  福,岡,30,123,A3,逃,3.92,68.42,△,4,11.5,34.6,46.1,7,1,,,,,
8320260501010003,kurume,2026-05-01,3,◎1 ○3 注4 △5 ×2 ▲6,,,,,6,森下 忠夫  高,知,53,69,A3,追,3.92,67.95,▲,3,0.0,8.6,34.7,0,0,,,,,
8320260501010003,kurume,2026-05-01,3,◎1 ○3 注4 △5 ×2 ▲6,,,,,7,山内 大作  静,岡,50,75,A3,追,3.85,65.77,nan,0,0.0,0.0,3.7,0,0,,,,,
8320260501010004,kurume,2026-05-01,4,◎1 ○2 注4 ×3 △5 ▲7,,,,,1,土生 智徳  大,阪,29,127,A3,逃,3.92,76.93,◎,6,46.6,80.0,83.3,12,10,,,,,
8320260501010004,kurume,2026-05-01,4,◎1 ○2 注4 ×3 △5 ▲7,,,,,2,吉川 悟  大,阪,49,79,A3,追,3.92,74.41,○,5,16.6,41.6,66.6,0,0,,,,,
8320260501010004,kurume,2026-05-01,4,◎1 ○2 注4 ×3 △5 ▲7,,,,,3,山口 直樹,神奈川,30,123,A3,逃,3.85,70.38,×,1,22.2,38.8,50.0,6,1,,,,,
8320260501010004,kurume,2026-05-01,4,◎1 ○2 注4 ×3 △5 ▲7,,,,,4,川本 恵二  兵,庫,50,78,A3,追,3.92,69.82,注,2,8.6,17.3,30.4,0,0,,,,,
8320260501010004,kurume,2026-05-01,4,◎1 ○2 注4 ×3 △5 ▲7,,,,,5,石川 一浩  静,岡,59,57,A3,追,3.92,68.72,△,4,0.0,13.0,26.0,0,0,,,,,
8320260501010004,kurume,2026-05-01,4,◎1 ○2 注4 ×3 △5 ▲7,,,,,6,吉田 英二  東,京,52,76,A3,追,3.92,66.62,▲,3,12.5,20.8,20.8,0,0,,,,,
8320260501010004,kurume,2026-05-01,4,◎1 ○2 注4 ×3 △5 ▲7,,,,,7,小林 高志  東,京,52,79,A3,追,3.92,66.57,nan,0,0.0,0.0,14.2,0,0,,,,,
8320260501010005,kurume,2026-05-01,5,×3 △2 注5 ◎1 ○4 ▲6,,,,,1,関口 朗斗  群,馬,22,127,A3,逃,3.92,77.33,◎,6,33.3,50.0,100.0,1,1,,,,,
8320260501010005,kurume,2026-05-01,5,×3 △2 注5 ◎1 ○4 ▲6,,,,,2,藤縄 洋介  兵,庫,45,89,A3,両,3.92,73.12,△,4,8.0,44.0,60.0,0,0,,,,,
8320260501010005,kurume,2026-05-01,5,×3 △2 注5 ◎1 ○4 ▲6,,,,,3,大中 拓磨  兵,庫,37,111,A3,逃,3.93,71.92,×,1,25.9,51.8,59.2,7,2,,,,,
8320260501010005,kurume,2026-05-01,5,×3 △2 注5 ◎1 ○4 ▲6,,,,,4,飯田 威文  埼,玉,54,67,A3,追,3.92,69.59,○,5,3.7,14.8,44.4,0,0,,,,,
8320260501010005,kurume,2026-05-01,5,×3 △2 注5 ◎1 ○4 ▲6,,,,,5,南 蓮,和歌山,26,115,A3,追,3.93,69.41,注,2,11.1,16.6,33.3,0,0,,,,,
8320260501010005,kurume,2026-05-01,5,×3 △2 注5 ◎1 ○4 ▲6,,,,,6,桂馬 将人  福,島,44,89,A3,両,3.92,68.85,▲,3,9.5,23.8,33.3,0,0,,,,,
8320260501010005,kurume,2026-05-01,5,×3 △2 注5 ◎1 ○4 ▲6,,,,,7,清水 広幸  愛,知,59,57,A3,追,3.85,62.00,nan,0,0.0,0.0,0.0,0,0,,,,,
8320260501010006,kurume,2026-05-01,6,◎1 ○2 △4 ▲7 ×6 注5,,,,,1,邊見 祐太  新,潟,29,119,A3,逃,3.92,77.70,◎,6,57.1,76.1,80.9,13,2,,,,,
8320260501010006,kurume,2026-05-01,6,◎1 ○2 △4 ▲7 ×6 注5,,,,,2,中村 淳  栃,木,54,69,A3,追,3.85,71.92,○,5,18.5,44.4,55.5,0,0,,,,,
8320260501010006,kurume,2026-05-01,6,◎1 ○2 △4 ▲7 ×6 注5,,,,,3,高田 大輔  岡,山,36,97,A3,追,3.93,68.86,注,2,13.3,26.6,40.0,0,1,,,,,
8320260501010006,kurume,2026-05-01,6,◎1 ○2 △4 ▲7 ×6 注5,,,,,4,佐川 拓也  福,島,36,99,A3,両,3.86,68.84,△,4,7.1,14.2,28.5,0,0,,,,,
8320260501010006,kurume,2026-05-01,6,◎1 ○2 △4 ▲7 ×6 注5,,,,,5,三登 誉哲  広,島,39,100,A3,両,3.83,65.66,×,1,0.0,0.0,11.1,0,0,,,,,
8320260501010006,kurume,2026-05-01,6,◎1 ○2 △4 ▲7 ×6 注5,,,,,6,田村 裕也  徳,島,30,113,A3,逃,3.92,65.64,▲,3,10.7,21.4,32.1,3,1,,,,,
8320260501010006,kurume,2026-05-01,6,◎1 ○2 △4 ▲7 ×6 注5,,,,,7,齋藤 明,北海道,58,61,A3,追,3.92,63.71,nan,0,0.0,0.0,4.7,0,0,,,,,
8320260501010007,kurume,2026-05-01,7,◎1 ○2 ×4 ▲7 △6 注3,,,,,1,吉野 太晟  岡,山,24,127,A3,逃,3.92,78.66,◎,6,66.6,83.3,87.5,18,2,,,,,
8320260501010007,kurume,2026-05-01,7,◎1 ○2 ×4 ▲7 △6 注3,,,,,2,山原 利秀  高,知,57,63,A3,追,3.92,74.33,○,5,8.3,41.6,58.3,0,0,,,,,
8320260501010007,kurume,2026-05-01,7,◎1 ○2 ×4 ▲7 △6 注3,,,,,3,鈴木 広人,神奈川,42,99,A3,両,3.93,70.95,△,4,20.8,45.8,50.0,0,4,,,,,
8320260501010007,kurume,2026-05-01,7,◎1 ○2 ×4 ▲7 △6 注3,,,,,4,近藤 直幹  徳,島,52,75,A3,追,3.92,70.83,×,1,10.0,30.0,60.0,0,0,,,,,
8320260501010007,kurume,2026-05-01,7,◎1 ○2 ×4 ▲7 △6 注3,,,,,5,石井 孝  千,葉,54,68,A3,追,3.85,68.75,注,2,4.1,12.5,33.3,0,0,,,,,
8320260501010007,kurume,2026-05-01,7,◎1 ○2 ×4 ▲7 △6 注3,,,,,6,高森 圭介  栃,木,48,83,A3,追,3.92,68.14,nan,0,14.8,22.2,33.3,0,0,,,,,
8320260501010007,kurume,2026-05-01,7,◎1 ○2 ×4 ▲7 △6 注3,,,,,7,駒井 大輔  東,京,51,98,A3,両,3.93,63.10,▲,3,0.0,0.0,0.0,0,0,,,,,
