race_id,venue_slug,date,race_no,lineup,ni_sha_tan,san_ren_tan,banum,player_name,pref,age,term,player_class,running_style,gear,race_score,rank,agari,finish_type,margin,win_lose
1320230101010001,iwakitaira,2023-01-01,1,◎1 ○3 ▲6 △5 ×2 注4,"1-5  1,220円(4)","1-5-2  2,480円(9)",1,菊池 翔  福,島,28,119,A1,逃,3.92,88.23,1,11.8,捲,nan,立直し捲る
1320230101010001,iwakitaira,2023-01-01,1,◎1 ○3 ▲6 △5 ×2 注4,"1-5  1,220円(4)","1-5-2  2,480円(9)",2,佐山 俊樹  埼,玉,32,97,A1,両,3.92,86.39,3,12.0,nan,１/４車輪,番手流込み
1320230101010001,iwakitaira,2023-01-01,1,◎1 ○3 ▲6 △5 ×2 注4,"1-5  1,220円(4)","1-5-2  2,480円(9)",3,及川 裕奨  岩,手,41,86,A2,両,3.85,85.88,4,11.8,nan,３/４車身,離れ直線外
1320230101010001,iwakitaira,2023-01-01,1,◎1 ○3 ▲6 △5 ×2 注4,"1-5  1,220円(4)","1-5-2  2,480円(9)",4,瀧野 勝太  群,馬,36,92,A2,追,3.92,82.70,5,11.8,nan,１/４車輪,口空割込れ
1320230101010001,iwakitaira,2023-01-01,1,◎1 ○3 ▲6 △5 ×2 注4,"1-5  1,220円(4)","1-5-2  2,480円(9)",5,鈴木 雄一朗  東,京,38,94,A1,逃,3.93,85.66,2,12.1,逃,３車身,内抜先行し
1320230101010001,iwakitaira,2023-01-01,1,◎1 ○3 ▲6 △5 ×2 注4,"1-5  1,220円(4)","1-5-2  2,480円(9)",6,柴田 健,神奈川,52,71,A2,追,3.92,81.66,6,11.8,nan,２車身,前が離れて
1320230101010002,iwakitaira,2023-01-01,2,○5 ◎1 △4 ×3 注2 ▲6,3-2  240円(1),3-2-1  490円(1),1,遠藤 勝行  静,岡,48,73,A1,追,3.92,88.90,3,12.1,nan,３/４車身,３番手飛付
1320230101010002,iwakitaira,2023-01-01,2,○5 ◎1 △4 ×3 注2 ▲6,3-2  240円(1),3-2-1  490円(1),2,石川 恭規  福,島,45,93,A2,追,3.92,84.77,2,12.2,ク,１/２車身,番手で続き
1320230101010002,iwakitaira,2023-01-01,2,○5 ◎1 △4 ×3 注2 ▲6,3-2  240円(1),3-2-1  490円(1),3,緑川 修平  福,島,39,95,A1,逃,3.93,85.19,1,12.2,逃,nan,ＨＳ逃切り
1320230101010002,iwakitaira,2023-01-01,2,○5 ◎1 △4 ×3 注2 ▲6,3-2  240円(1),3-2-1  490円(1),4,石川 英昭  静,岡,51,75,A2,追,3.92,83.81,5,12.4,nan,１車身１/２,掬れ続けず
1320230101010002,iwakitaira,2023-01-01,2,○5 ◎1 △4 ×3 注2 ▲6,3-2  240円(1),3-2-1  490円(1),5,石田 拓真  愛,知,21,119,A2,逃,3.85,87.33,欠,nan,nan,nan,当日欠場
1320230101010002,iwakitaira,2023-01-01,2,○5 ◎1 △4 ×3 注2 ▲6,3-2  240円(1),3-2-1  490円(1),6,玉木 英典,北海道,37,95,A2,追,3.92,70.26,4,12.2,nan,３車身,前に続けず
1320230101010003,iwakitaira,2023-01-01,3,注6 ◎1 ○2 ▲7 △4 ×5,7-2  420円(2),7-2-4  940円(2),1,乾 庄平  滋,賀,36,95,A2,追,3.92,85.53,6,11.8,nan,１/４車輪,目標が後手
1320230101010003,iwakitaira,2023-01-01,3,注6 ◎1 ○2 ▲7 △4 ×5,7-2  420円(2),7-2-4  940円(2),2,土田 武志  茨,城,23,115,A2,逃,3.92,88.04,2,12.2,逃,１/４車輪,打鐘逃残り
1320230101010003,iwakitaira,2023-01-01,3,注6 ◎1 ○2 ▲7 △4 ×5,7-2  420円(2),7-2-4  940円(2),3,赤塚 悠人  山,形,36,97,A2,両,3.92,83.65,4,11.9,nan,１/４車輪,前不発外踏
1320230101010003,iwakitaira,2023-01-01,3,注6 ◎1 ○2 ▲7 △4 ×5,7-2  420円(2),7-2-4  940円(2),4,渡邊 恭典  栃,木,49,75,A2,追,3.85,82.25,3,12.2,nan,１車身,先行３番手
1320230101010003,iwakitaira,2023-01-01,3,注6 ◎1 ○2 ▲7 △4 ×5,7-2  420円(2),7-2-4  940円(2),5,荻原 寿嗣,北海道,28,119,A2,逃,3.85,82.92,5,11.9,nan,１車輪,中団動けず
1320230101010003,iwakitaira,2023-01-01,3,注6 ◎1 ○2 ▲7 △4 ×5,7-2  420円(2),7-2-4  940円(2),6,中村 泰輔,和歌山,29,117,A2,逃,3.92,81.05,7,12.4,nan,５車身,後方で不発
1320230101010003,iwakitaira,2023-01-01,3,注6 ◎1 ○2 ▲7 △4 ×5,7-2  420円(2),7-2-4  940円(2),7,鈴木 龍之介  栃,木,44,81,A2,追,3.92,84.00,1,12.1,差,nan,番手寸差し
1320230101010004,iwakitaira,2023-01-01,4,◎1 ○7 ▲4 注3 △2 ×6,1-7  160円(1),"1-7-2  2,180円(6)",1,五十嵐 綾  福,島,22,121,A2,逃,3.85,90.04,1,12.7,逃,nan,正攻法逃げ
1320230101010004,iwakitaira,2023-01-01,4,◎1 ○7 ▲4 注3 △2 ×6,1-7  160円(1),"1-7-2  2,180円(6)",2,福森 慎太郎  千,葉,46,84,A2,逃,3.92,81.61,3,12.2,nan,１/４車輪,３角捲追込
1320230101010004,iwakitaira,2023-01-01,4,◎1 ○7 ▲4 注3 △2 ×6,1-7  160円(1),"1-7-2  2,180円(6)",3,中村 淳  栃,木,51,69,A1,追,3.92,82.45,5,12.4,nan,１車身,先手追走し
1320230101010004,iwakitaira,2023-01-01,4,◎1 ○7 ▲4 注3 △2 ×6,1-7  160円(1),"1-7-2  2,180円(6)",4,関根 崇人  福,島,36,94,A2,両,3.92,81.77,4,12.5,nan,１/２車輪,先行３番手
1320230101010004,iwakitaira,2023-01-01,4,◎1 ○7 ▲4 注3 △2 ×6,1-7  160円(1),"1-7-2  2,180円(6)",5,倉田 紘希  三,重,21,117,A1,逃,3.92,83.37,7,13.1,nan,４車身,カマシ併れ
1320230101010004,iwakitaira,2023-01-01,4,◎1 ○7 ▲4 注3 △2 ×6,1-7  160円(1),"1-7-2  2,180円(6)",6,長崎 達也,神奈川,41,89,A2,追,3.93,68.05,6,12.4,nan,３車身,直線付切ず
1320230101010004,iwakitaira,2023-01-01,4,◎1 ○7 ▲4 注3 △2 ×6,1-7  160円(1),"1-7-2  2,180円(6)",7,宇佐見 裕輝  福,島,37,94,A1,両,3.92,86.17,2,12.6,ク,１/８車輪,牽制し迫る
1320230101010005,iwakitaira,2023-01-01,5,▲6 ○3 ◎4 △7 ×1 注5,"2-6  8,440円(29)","2-6-5  27,160円(109)",1,佐藤 雅彦  宮,城,41,87,A1,追,3.85,92.61,5,12.1,nan,３/４車身,前落車切替
1320230101010005,iwakitaira,2023-01-01,5,▲6 ○3 ◎4 △7 ×1 注5,"2-6  8,440円(29)","2-6-5  27,160円(109)",2,山本 健也  千,葉,41,89,A1,追,3.92,93.73,1,12.0,差,nan,番手追上交
1320230101010005,iwakitaira,2023-01-01,5,▲6 ○3 ◎4 △7 ×1 注5,"2-6  8,440円(29)","2-6-5  27,160円(109)",3,上田 裕和  三,重,41,86,A1,追,3.92,93.00,落,nan,nan,nan,ＨＳで落車
1320230101010005,iwakitaira,2023-01-01,5,▲6 ○3 ◎4 △7 ×1 注5,"2-6  8,440円(29)","2-6-5  27,160円(109)",4,阿部 架惟都  宮,城,23,115,A1,逃,3.92,93.11,4,12.3,nan,１車身,立直捲上も
1320230101010005,iwakitaira,2023-01-01,5,▲6 ○3 ◎4 △7 ×1 注5,"2-6  8,440円(29)","2-6-5  27,160円(109)",5,金野 俊秋  千,葉,39,92,A1,逃,3.92,92.85,3,12.1,nan,３/４車輪,中団競合い
1320230101010005,iwakitaira,2023-01-01,5,▲6 ○3 ◎4 △7 ×1 注5,"2-6  8,440円(29)","2-6-5  27,160円(109)",6,福元 啓太  大,阪,26,119,A1,逃,3.92,90.00,2,12.4,逃,２車身,打鐘逃粘り
1320230101010005,iwakitaira,2023-01-01,5,▲6 ○3 ◎4 △7 ×1 注5,"2-6  8,440円(29)","2-6-5  27,160円(109)",7,小酒 大勇  福,島,28,103,A1,追,3.92,98.56,落,nan,nan,nan,落車巻込れ
1320230101010006,iwakitaira,2023-01-01,6,◎1 ○5 注3 △4 ×2 ▲6,"3-2  6,460円(17)","3-2-5  27,470円(61)",1,橋本 智昭  宮,城,40,99,S2,逃,3.92,101.92,4,12.3,nan,１/２車輪,突張り末欠
1320230101010006,iwakitaira,2023-01-01,6,◎1 ○5 注3 △4 ×2 ▲6,"3-2  6,460円(17)","3-2-5  27,470円(61)",2,中田 健太  埼,玉,32,99,S2,追,3.92,107.47,2,12.1,差,１/４車輪,伊藤慶乗り
1320230101010006,iwakitaira,2023-01-01,6,◎1 ○5 注3 △4 ×2 ▲6,"3-2  6,460円(17)","3-2-5  27,470円(61)",3,川口 直人,神奈川,46,84,S2,追,3.92,93.68,1,12.0,差,nan,直線外鋭く
1320230101010006,iwakitaira,2023-01-01,6,◎1 ○5 注3 △4 ×2 ▲6,"3-2  6,460円(17)","3-2-5  27,470円(61)",4,伊藤 慶太郎  埼,玉,29,107,S2,逃,3.92,100.57,5,12.3,nan,１/４車輪,叩き切れず
1320230101010006,iwakitaira,2023-01-01,6,◎1 ○5 注3 △4 ×2 ▲6,"3-2  6,460円(17)","3-2-5  27,470円(61)",5,小野 大介  福,島,38,91,S2,追,3.92,99.61,3,12.2,nan,３/４車身,橋本智利し
1320230101010006,iwakitaira,2023-01-01,6,◎1 ○5 注3 △4 ×2 ▲6,"3-2  6,460円(17)","3-2-5  27,470円(61)",6,丸山 直樹  埼,玉,37,93,S2,両,3.92,89.19,6,12.2,nan,３/４車身,前追い一杯
1320230101010007,iwakitaira,2023-01-01,7,×4 ◎1 △3 ▲7 ○5 注2,2-5  940円(4),"2-5-1  2,310円(6)",1,青森 伸也  福,島,45,87,S2,追,3.92,104.05,3,12.3,nan,１/２車身,番手絶好も
1320230101010007,iwakitaira,2023-01-01,7,×4 ◎1 △3 ▲7 ○5 注2,2-5  940円(4),"2-5-1  2,310円(6)",2,岡本 大嗣  東,京,42,88,S2,追,3.92,99.76,1,12.0,差,nan,中割り鋭く
1320230101010007,iwakitaira,2023-01-01,7,×4 ◎1 △3 ▲7 ○5 注2,2-5  940円(4),"2-5-1  2,310円(6)",3,藤田 大輔  千,葉,38,91,S2,両,3.92,99.43,6,12.7,nan,２車身,切り叩かれ
1320230101010007,iwakitaira,2023-01-01,7,×4 ◎1 △3 ▲7 ○5 注2,2-5  940円(4),"2-5-1  2,310円(6)",4,伊東 翔貴  福,島,32,100,S2,逃,3.92,98.42,4,12.5,nan,３/４車身,先行末欠き
1320230101010007,iwakitaira,2023-01-01,7,×4 ◎1 △3 ▲7 ○5 注2,2-5  940円(4),"2-5-1  2,310円(6)",5,阿部 大樹  埼,玉,33,94,S1,両,3.92,104.73,2,12.2,差,１/４車輪,３番手伸び
1320230101010007,iwakitaira,2023-01-01,7,×4 ◎1 △3 ▲7 ○5 注2,2-5  940円(4),"2-5-1  2,310円(6)",6,大薗 宏  茨,城,48,71,S2,追,3.86,92.50,7,nan,nan,大差,踏出し離れ
1320230101010007,iwakitaira,2023-01-01,7,×4 ◎1 △3 ▲7 ○5 注2,2-5  940円(4),"2-5-1  2,310円(6)",7,江守 昇  千,葉,47,73,S2,追,3.92,99.94,5,12.4,nan,７車身,目標と一緒
1320230101010008,iwakitaira,2023-01-01,8,◎1 ○4 注3 △7 ×6 ▲2,"5-2  9,160円(26)","5-2-3  67,700円(137)",1,近藤 隆司  千,葉,38,90,S2,逃,3.92,105.35,5,11.4,nan,１/２車輪,後方置かれ
1320230101010008,iwakitaira,2023-01-01,8,◎1 ○4 注3 △7 ×6 ▲2,"5-2  9,160円(26)","5-2-3  67,700円(137)",2,小林 大介  群,馬,45,79,S1,追,3.92,101.20,2,12.0,差,１/８車輪,番手交すも
1320230101010008,iwakitaira,2023-01-01,8,◎1 ○4 注3 △7 ×6 ▲2,"5-2  9,160円(26)","5-2-3  67,700円(137)",3,坂本 紘規  青,森,26,117,S2,逃,3.92,99.22,3,11.9,nan,１/２車身,Ｂ捲り上げ
1320230101010008,iwakitaira,2023-01-01,8,◎1 ○4 注3 △7 ×6 ▲2,"5-2  9,160円(26)","5-2-3  67,700円(137)",4,石毛 克幸  千,葉,45,84,S2,追,3.93,103.43,4,11.3,nan,１/４車輪,目標が後手
1320230101010008,iwakitaira,2023-01-01,8,◎1 ○4 注3 △7 ×6 ▲2,"5-2  9,160円(26)","5-2-3  67,700円(137)",5,尾崎 剛  埼,玉,45,79,S2,追,3.92,96.40,1,11.9,差,nan,３番手伸び
1320230101010008,iwakitaira,2023-01-01,8,◎1 ○4 注3 △7 ×6 ▲2,"5-2  9,160円(26)","5-2-3  67,700円(137)",6,宮下 一歩  長,野,30,115,S2,逃,3.92,96.30,7,12.3,nan,微差,先行粘れず
1320230101010008,iwakitaira,2023-01-01,8,◎1 ○4 注3 △7 ×6 ▲2,"5-2  9,160円(26)","5-2-3  67,700円(137)",7,佐藤 康紀  青,森,48,73,S2,追,3.92,100.47,6,11.8,nan,１/２車身,コース迷い
1320230101010009,iwakitaira,2023-01-01,9,注1 ×7 ▲5 ○3 ◎4 △2,"1-4  6,590円(20)","1-4-7  23,320円(59)",1,蕗澤 鴻太郎  群,馬,27,111,S2,逃,3.92,96.65,1,11.6,捲,nan,後方捲って
1320230101010009,iwakitaira,2023-01-01,9,注1 ×7 ▲5 ○3 ◎4 △2,"1-4  6,590円(20)","1-4-7  23,320円(59)",2,佐藤 龍二,神奈川,34,94,S1,両,3.92,105.19,5,12.2,nan,１/８車輪,番手も不伸
1320230101010009,iwakitaira,2023-01-01,9,注1 ×7 ▲5 ○3 ◎4 △2,"1-4  6,590円(20)","1-4-7  23,320円(59)",3,中村 敏之輔,北海道,36,91,S2,追,3.92,94.32,7,12.1,nan,３車身,踏出し離れ
1320230101010009,iwakitaira,2023-01-01,9,注1 ×7 ▲5 ○3 ◎4 △2,"1-4  6,590円(20)","1-4-7  23,320円(59)",4,齋木 翔多  静,岡,24,115,S2,逃,3.93,103.05,2,12.3,逃,１車身,捲れ逃残り
1320230101010009,iwakitaira,2023-01-01,9,注1 ×7 ▲5 ○3 ◎4 △2,"1-4  6,590円(20)","1-4-7  23,320円(59)",5,小原 丈一郎  青,森,24,115,S2,逃,3.92,100.88,4,12.1,nan,３/４車輪,中団捲不発
1320230101010009,iwakitaira,2023-01-01,9,注1 ×7 ▲5 ○3 ◎4 △2,"1-4  6,590円(20)","1-4-7  23,320円(59)",6,成清 謙二郎  千,葉,39,90,S2,追,3.92,90.00,6,12.1,nan,１/４車輪,先行３番手
1320230101010009,iwakitaira,2023-01-01,9,注1 ×7 ▲5 ○3 ◎4 △2,"1-4  6,590円(20)","1-4-7  23,320円(59)",7,関 貴之  茨,城,39,93,S2,追,3.92,97.26,3,11.5,nan,１/４車輪,捲りマーク
1320230101010010,iwakitaira,2023-01-01,10,◎3 ○5 △2 注6 ×4 ▲7,"6-7  4,500円(17)","6-7-2  21,400円(69)",1,勝瀬 卓也,神奈川,45,84,S2,追,3.92,98.73,6,11.8,nan,１/８車輪,前は２着も
1320230101010010,iwakitaira,2023-01-01,10,◎3 ○5 △2 注6 ×4 ▲7,"6-7  4,500円(17)","6-7-2  21,400円(69)",2,田口 勇介  秋,田,22,119,S2,逃,3.92,91.83,3,11.8,nan,３/４車身,後方捲上げ
1320230101010010,iwakitaira,2023-01-01,10,◎3 ○5 △2 注6 ×4 ▲7,"6-7  4,500円(17)","6-7-2  21,400円(69)",3,末木 浩二  山,梨,31,109,S1,逃,3.92,104.66,5,12.1,nan,１/８車輪,突張末欠き
1320230101010010,iwakitaira,2023-01-01,10,◎3 ○5 △2 注6 ×4 ▲7,"6-7  4,500円(17)","6-7-2  21,400円(69)",4,望月 一成  静,岡,26,111,S2,逃,3.93,98.04,7,12.5,nan,６車身,叩けず後退
1320230101010010,iwakitaira,2023-01-01,10,◎3 ○5 △2 注6 ×4 ▲7,"6-7  4,500円(17)","6-7-2  21,400円(69)",5,中川 貴徳  栃,木,38,91,S2,追,3.92,103.00,4,12.0,nan,１/２車身,牽制できず
1320230101010010,iwakitaira,2023-01-01,10,◎3 ○5 △2 注6 ×4 ▲7,"6-7  4,500円(17)","6-7-2  21,400円(69)",6,板垣 昴  福,島,30,115,S2,逃,3.92,91.21,1,11.6,差,nan,捲乗り強襲
1320230101010010,iwakitaira,2023-01-01,10,◎3 ○5 △2 注6 ×4 ▲7,"6-7  4,500円(17)","6-7-2  21,400円(69)",7,近藤 保  千,葉,40,95,S1,追,3.92,104.84,2,11.8,差,１/２車輪,切替中伸び
1320230101010011,iwakitaira,2023-01-01,11,注1 ○4 ◎5 △2 ×6 ▲3,2-5  260円(1),2-5-3  570円(1),1,磯川 勝裕  東,京,28,113,S2,逃,3.92,96.18,6,11.8,nan,１/４車輪,後方捲上も
1320230101010011,iwakitaira,2023-01-01,11,注1 ○4 ◎5 △2 ×6 ▲3,2-5  260円(1),2-5-3  570円(1),2,阿部 拓真  宮,城,32,107,S2,両,3.93,105.95,1,11.9,差,nan,捲乗り交し
1320230101010011,iwakitaira,2023-01-01,11,注1 ○4 ◎5 △2 ×6 ▲3,2-5  260円(1),2-5-3  570円(1),3,近藤 俊明,神奈川,44,87,S2,追,3.92,101.76,3,11.8,nan,３/４車身,番手牽制も
1320230101010011,iwakitaira,2023-01-01,11,注1 ○4 ◎5 △2 ×6 ▲3,2-5  260円(1),2-5-3  570円(1),4,相川 永伍  埼,玉,39,95,S2,追,3.92,98.42,5,11.7,nan,１/２車輪,目標と一緒
1320230101010011,iwakitaira,2023-01-01,11,注1 ○4 ◎5 △2 ×6 ▲3,2-5  260円(1),2-5-3  570円(1),5,木村 弘  青,森,30,100,S1,逃,3.92,102.35,2,12.0,捲,３/４車輪,牽制乗越え
1320230101010011,iwakitaira,2023-01-01,11,注1 ○4 ◎5 △2 ×6 ▲3,2-5  260円(1),2-5-3  570円(1),6,新村 穣,神奈川,29,119,S2,逃,3.92,93.09,7,12.3,nan,２車身,先行捲られ
1320230101010011,iwakitaira,2023-01-01,11,注1 ○4 ◎5 △2 ×6 ▲3,2-5  260円(1),2-5-3  570円(1),7,大木 雅也  静,岡,47,83,S2,追,3.92,95.46,4,11.8,nan,１車身,前に続いて
1320230101010012,iwakitaira,2023-01-01,12,注6 ◎1 ○3 ▲7 ×4 △2,"1-2  1,510円(5)","1-2-4  14,620円(34)",1,山崎 芳仁  福,島,43,88,S1,両,3.92,110.95,1,11.9,差,nan,絶好の番手
1320230101010012,iwakitaira,2023-01-01,12,注6 ◎1 ○3 ▲7 ×4 △2,"1-2  1,510円(5)","1-2-4  14,620円(34)",2,岩本 俊介  千,葉,38,94,S1,逃,3.93,113.69,2,11.6,捲,３/４車身,脚溜め捲上
1320230101010012,iwakitaira,2023-01-01,12,注6 ◎1 ○3 ▲7 ×4 △2,"1-2  1,510円(5)","1-2-4  14,620円(34)",3,佐々木 雄一  福,島,42,83,S1,追,3.93,109.90,4,11.9,nan,１/２車身,先行３番手
1320230101010012,iwakitaira,2023-01-01,12,注6 ◎1 ○3 ▲7 ×4 △2,"1-2  1,510円(5)","1-2-4  14,620円(34)",4,大森 慶一,北海道,41,88,S1,追,3.92,107.76,3,11.6,nan,３/４車輪,３半内突き
1320230101010012,iwakitaira,2023-01-01,12,注6 ◎1 ○3 ▲7 ×4 △2,"1-2  1,510円(5)","1-2-4  14,620円(34)",5,小原 太樹,神奈川,34,95,S1,追,3.92,113.38,5,11.6,nan,３/４車輪,捲りに続き
1320230101010012,iwakitaira,2023-01-01,12,注6 ◎1 ○3 ▲7 ×4 △2,"1-2  1,510円(5)","1-2-4  14,620円(34)",6,嵯峨 昇喜郎  青,森,24,113,S1,逃,3.92,105.38,6,11.6,nan,３/４車輪,後ろ引出し
1320230101010012,iwakitaira,2023-01-01,12,注6 ◎1 ○3 ▲7 ×4 △2,"1-2  1,510円(5)","1-2-4  14,620円(34)",7,伏見 俊昭  福,島,46,75,S1,追,3.92,107.28,7,11.9,nan,１/４車輪,コース無く
2320230101010001,toride,2023-01-01,1,○3 ◎1 △5 注4 ▲6 ×2,1-3  240円(2),"1-3-2  2,550円(6)",1,丸山 貴秀  秋,田,42,89,A1,追,3.92,91.33,1,12.3,差,nan,絶好で差す
2320230101010001,toride,2023-01-01,1,○3 ◎1 △5 注4 ▲6 ×2,1-3  240円(2),"1-3-2  2,550円(6)",2,佐藤 有輝,神奈川,44,85,A2,追,3.93,83.59,3,12.1,nan,１車身１/２,直線ひと伸
2320230101010001,toride,2023-01-01,1,○3 ◎1 △5 注4 ▲6 ×2,1-3  240円(2),"1-3-2  2,550円(6)",3,上遠野 拓馬  宮,城,29,119,A2,逃,3.92,89.41,2,12.4,逃,１車輪,正攻法逃げ
2320230101010001,toride,2023-01-01,1,○3 ◎1 △5 注4 ▲6 ×2,1-3  240円(2),"1-3-2  2,550円(6)",4,若林 耕司  群,馬,42,87,A2,追,3.92,83.42,6,12.3,nan,タイヤ差,コースなく
2320230101010001,toride,2023-01-01,1,○3 ◎1 △5 注4 ▲6 ×2,1-3  240円(2),"1-3-2  2,550円(6)",5,土屋 仁  茨,城,47,84,A1,追,3.92,83.73,4,12.4,nan,３/４車身,流れ込めず
2320230101010001,toride,2023-01-01,1,○3 ◎1 △5 注4 ▲6 ×2,1-3  240円(2),"1-3-2  2,550円(6)",6,渡邉 直弥  静,岡,26,113,A1,逃,3.85,77.88,5,12.3,nan,１車輪,突っ張られ
2320230101010002,toride,2023-01-01,2,◎3 ○1 ▲6 △2 ×5 注4,"3-2  1,000円(6)","3-2-5  2,120円(7)",1,黒田 大介  愛,媛,48,77,A2,追,3.92,81.96,4,11.9,nan,１車身１/２,捲りに口空
2320230101010002,toride,2023-01-01,2,◎3 ○1 ▲6 △2 ×5 注4,"3-2  1,000円(6)","3-2-5  2,120円(7)",2,齋藤 宗徳  千,葉,37,100,A1,逃,3.92,83.87,2,12.1,逃,５車身,捲られ逃粘
2320230101010002,toride,2023-01-01,2,◎3 ○1 ▲6 △2 ×5 注4,"3-2  1,000円(6)","3-2-5  2,120円(7)",3,宮崎 一彰  高,知,47,99,A1,両,3.92,86.85,1,11.5,捲,nan,捲り千切る
2320230101010002,toride,2023-01-01,2,◎3 ○1 ▲6 △2 ×5 注4,"3-2  1,000円(6)","3-2-5  2,120円(7)",4,佐藤 学  栃,木,35,93,A2,追,3.92,83.93,5,12.1,nan,１車身１/２,先手３番手
2320230101010002,toride,2023-01-01,2,◎3 ○1 ▲6 △2 ×5 注4,"3-2  1,000円(6)","3-2-5  2,120円(7)",5,小室 貴広  茨,城,48,75,A2,追,3.79,84.84,3,12.0,nan,１/２車輪,案外伸びず
2320230101010002,toride,2023-01-01,2,◎3 ○1 ▲6 △2 ×5 注4,"3-2  1,000円(6)","3-2-5  2,120円(7)",6,澤亀 浩司  福,岡,54,60,A2,追,3.92,79.65,6,11.8,nan,１車身,徐々に離れ
2320230101010003,toride,2023-01-01,3,△3 ×1 ▲6 ◎5 ○2 注4,5-2  150円(1),5-2-4  230円(1),1,松永 真太  福,岡,40,92,A1,追,3.92,84.47,4,12.2,nan,５車身,目標共倒れ
2320230101010003,toride,2023-01-01,3,△3 ×1 ▲6 ◎5 ○2 注4,5-2  150円(1),5-2-4  230円(1),2,栗田 雄矢  静,岡,36,96,A2,追,3.92,86.14,2,12.1,ク,１/２車輪,離れ立直し
2320230101010003,toride,2023-01-01,3,△3 ×1 ▲6 ◎5 ○2 注4,5-2  150円(1),5-2-4  230円(1),3,土居 佑次  高,知,25,113,A2,逃,3.92,80.18,5,12.5,nan,３/４車身,叩かれ不発
2320230101010003,toride,2023-01-01,3,△3 ×1 ▲6 ◎5 ○2 注4,5-2  150円(1),5-2-4  230円(1),4,野間 司  茨,城,36,94,A2,追,3.93,83.23,3,12.1,nan,３/４車身,３番手３着
2320230101010003,toride,2023-01-01,3,△3 ×1 ▲6 ◎5 ○2 注4,5-2  150円(1),5-2-4  230円(1),5,荒川 仁  千,葉,24,121,A2,逃,3.92,79.44,1,12.2,逃,nan,早め巻返し
2320230101010003,toride,2023-01-01,3,△3 ×1 ▲6 ◎5 ○2 注4,5-2  150円(1),5-2-4  230円(1),6,佐々木 浩三  佐,賀,60,50,A2,追,3.92,68.23,6,12.4,nan,２車身,展開向かず
2320230101010004,toride,2023-01-01,4,×3 注1 △6 ◎2 ○7 ▲4,7-4  190円(1),"7-4-6  3,470円(12)",1,金子 周一郎  埼,玉,46,78,A1,追,3.92,84.84,6,11.6,nan,１車輪,目標と後方
2320230101010004,toride,2023-01-01,4,×3 注1 △6 ◎2 ○7 ▲4,7-4  190円(1),"7-4-6  3,470円(12)",2,井手 尚治,神奈川,53,65,A2,追,3.92,82.09,4,11.9,nan,１/２車身,前追込み策
2320230101010004,toride,2023-01-01,4,×3 注1 △6 ◎2 ○7 ▲4,7-4  190円(1),"7-4-6  3,470円(12)",3,樋口 瑛土  東,京,31,109,A2,追,3.92,85.25,5,11.7,nan,１/２車輪,後方厳しく
2320230101010004,toride,2023-01-01,4,×3 注1 △6 ◎2 ○7 ▲4,7-4  190円(1),"7-4-6  3,470円(12)",4,高橋 秀吉  秋,田,39,88,A2,追,3.92,87.56,2,12.0,ク,１/２車輪,絶好で迫る
2320230101010004,toride,2023-01-01,4,×3 注1 △6 ◎2 ○7 ▲4,7-4  190円(1),"7-4-6  3,470円(12)",5,千澤 大輔  青,森,35,95,A2,追,3.85,84.03,7,13.7,nan,大差,カマシ離れ
2320230101010004,toride,2023-01-01,4,×3 注1 △6 ◎2 ○7 ▲4,7-4  190円(1),"7-4-6  3,470円(12)",6,田中 勝仁  千,葉,37,93,A2,両,3.92,81.25,3,11.9,nan,１車身１/２,叩れ３番手
2320230101010004,toride,2023-01-01,4,×3 注1 △6 ◎2 ○7 ▲4,7-4  190円(1),"7-4-6  3,470円(12)",7,後藤 悠  岩,手,27,115,A1,逃,3.92,93.77,1,12.1,逃,nan,完封の逃げ
2320230101010005,toride,2023-01-01,5,○2 ◎5 △7 注4 ×6 ▲3,"2-6  7,430円(20)","2-6-5  33,810円(84)",1,太刀川 一成  千,葉,42,100,A1,追,3.92,97.38,5,11.5,nan,３/４車輪,捲りライン
2320230101010005,toride,2023-01-01,5,○2 ◎5 △7 注4 ×6 ▲3,"2-6  7,430円(20)","2-6-5  33,810円(84)",2,佐伯 亮輔  岡,山,28,113,A1,逃,3.92,96.22,1,11.7,逃,nan,堂々の逃げ
2320230101010005,toride,2023-01-01,5,○2 ◎5 △7 注4 ×6 ▲3,"2-6  7,430円(20)","2-6-5  33,810円(84)",3,牛山 貴広  茨,城,41,92,A1,追,3.92,98.20,4,11.6,nan,１/４車輪,鈴木謙追走
2320230101010005,toride,2023-01-01,5,○2 ◎5 △7 注4 ×6 ▲3,"2-6  7,430円(20)","2-6-5  33,810円(84)",4,坂田 章  高,知,37,93,A1,追,3.92,94.46,7,11.6,nan,３/４車身,先手追って
2320230101010005,toride,2023-01-01,5,○2 ◎5 △7 注4 ×6 ▲3,"2-6  7,430円(20)","2-6-5  33,810円(84)",5,工藤 文彦  岡,山,40,97,A1,両,3.92,96.18,3,11.7,nan,１車輪,番手前続く
2320230101010005,toride,2023-01-01,5,○2 ◎5 △7 注4 ×6 ▲3,"2-6  7,430円(20)","2-6-5  33,810円(84)",6,鈴木 謙太郎  茨,城,38,90,A1,両,3.92,93.95,2,11.6,捲,３/４車身,捲り上げて
2320230101010005,toride,2023-01-01,5,○2 ◎5 △7 注4 ×6 ▲3,"2-6  7,430円(20)","2-6-5  33,810円(84)",7,近藤 修康  岡,山,51,67,A1,追,3.92,95.83,6,11.7,nan,１/２車身,前を追って
2320230101010006,toride,2023-01-01,6,○7 ▲1 △2 ×3 ◎4 注6,4-3  430円(2),4-3-7  830円(2),1,戸田 瑞姫  茨,城,19,122,L1,両,3.77,48.16,4,12.7,nan,３/４車輪,後方になり
2320230101010006,toride,2023-01-01,6,○7 ▲1 △2 ×3 ◎4 注6,4-3  430円(2),4-3-7  830円(2),2,高木 佑真,神奈川,24,116,L1,両,3.77,51.32,6,13.4,nan,３/４車身,カマシ逃げ
2320230101010006,toride,2023-01-01,6,○7 ▲1 △2 ×3 ◎4 注6,4-3  430円(2),4-3-7  830円(2),3,中野 咲  愛,知,25,110,L1,両,3.79,52.74,2,12.6,差,３/４車身,直線外強襲
2320230101010006,toride,2023-01-01,6,○7 ▲1 △2 ×3 ◎4 注6,4-3  430円(2),4-3-7  830円(2),4,野本 怜菜  埼,玉,24,114,L1,両,3.77,54.50,1,12.8,差,nan,直線一気に
2320230101010006,toride,2023-01-01,6,○7 ▲1 △2 ×3 ◎4 注6,4-3  430円(2),4-3-7  830円(2),5,渡辺 ゆかり  山,梨,41,102,L1,両,3.71,47.62,7,12.8,nan,１車身,追ずこぼれ
2320230101010006,toride,2023-01-01,6,○7 ▲1 △2 ×3 ◎4 注6,4-3  430円(2),4-3-7  830円(2),6,高橋 智香  愛,知,25,112,L1,両,3.77,50.79,5,12.7,nan,１車身１/２,流れ込みで
2320230101010006,toride,2023-01-01,6,○7 ▲1 △2 ×3 ◎4 注6,4-3  430円(2),4-3-7  830円(2),7,篠崎 新純  千,葉,38,102,L1,両,3.77,51.50,3,12.9,nan,３/４車身,飛付き一杯
2320230101010007,toride,2023-01-01,7,▲1 △2 ◎5 ○4 注6 ×3,5-3  500円(3),"5-3-4  1,100円(5)",1,中西 叶美  愛,知,26,112,L1,両,3.77,48.75,5,12.1,nan,１車輪,流れ込みで
2320230101010007,toride,2023-01-01,7,▲1 △2 ◎5 ○4 注6 ×3,5-3  500円(3),"5-3-4  1,100円(5)",2,小泉 夢菜  埼,玉,23,122,L1,両,3.71,52.89,4,12.2,nan,３/４車身,外に浮いて
2320230101010007,toride,2023-01-01,7,▲1 △2 ◎5 ○4 注6 ×3,5-3  500円(3),"5-3-4  1,100円(5)",3,荒川 ひかり  茨,城,28,110,L1,両,3.77,51.28,2,12.3,ク,３/４車身,久米マーク
2320230101010007,toride,2023-01-01,7,▲1 △2 ◎5 ○4 注6 ×3,5-3  500円(3),"5-3-4  1,100円(5)",4,高橋 梨香  埼,玉,43,106,L1,両,3.69,52.29,3,12.1,nan,３/４車身,飛び付いて
2320230101010007,toride,2023-01-01,7,▲1 △2 ◎5 ○4 注6 ×3,5-3  500円(3),"5-3-4  1,100円(5)",5,久米 詩  静,岡,23,116,L1,両,3.79,54.25,1,12.3,捲,nan,バック捲る
2320230101010007,toride,2023-01-01,7,▲1 △2 ◎5 ○4 注6 ×3,5-3  500円(3),"5-3-4  1,100円(5)",6,藤巻 絵里佳  福,島,27,110,L1,両,3.79,47.84,7,12.5,nan,２車身,ドン尻では
2320230101010007,toride,2023-01-01,7,▲1 △2 ◎5 ○4 注6 ×3,5-3  500円(3),"5-3-4  1,100円(5)",7,浦部 郁里  滋,賀,35,102,L1,両,3.77,46.53,6,12.2,nan,２車身,見せ場無く
2320230101010008,toride,2023-01-01,8,×4 注1 ▲6 ○2 ◎7 △3,7-3  910円(3),"7-3-5  2,880円(6)",1,稲吉 悠大  福,岡,36,92,S2,追,3.92,100.10,6,11.4,nan,１/２車輪,島川将共倒
2320230101010008,toride,2023-01-01,8,×4 注1 ▲6 ○2 ◎7 △3,7-3  910円(3),"7-3-5  2,880円(6)",2,大矢 将大  埼,玉,43,81,S2,追,3.92,94.13,5,11.3,nan,３/４車身,和田共倒れ
2320230101010008,toride,2023-01-01,8,×4 注1 ▲6 ○2 ◎7 △3,7-3  910円(3),"7-3-5  2,880円(6)",3,新田 康仁  静,岡,48,74,S2,両,3.92,104.51,2,11.5,ク,１/２車輪,佐藤マーク
2320230101010008,toride,2023-01-01,8,×4 注1 ▲6 ○2 ◎7 △3,7-3  910円(3),"7-3-5  2,880円(6)",4,島川 将貴  徳,島,28,109,S1,逃,3.92,101.22,4,11.4,nan,１/２車身,内に詰まり
2320230101010008,toride,2023-01-01,8,×4 注1 ▲6 ○2 ◎7 △3,7-3  910円(3),"7-3-5  2,880円(6)",5,岡本 英之  千,葉,43,85,S2,追,3.93,94.55,3,11.5,nan,３/４車身,３番手続く
2320230101010008,toride,2023-01-01,8,×4 注1 ▲6 ○2 ◎7 △3,7-3  910円(3),"7-3-5  2,880円(6)",6,和田 禎嗣  埼,玉,37,99,S2,両,3.92,92.38,7,11.5,nan,３/４車輪,終始外フタ
2320230101010008,toride,2023-01-01,8,×4 注1 ▲6 ○2 ◎7 △3,7-3  910円(3),"7-3-5  2,880円(6)",7,佐藤 一伸  福,島,35,94,S1,両,3.92,101.70,1,11.7,逃,nan,ペース駆け
2320230101010009,toride,2023-01-01,9,◎1 ○4 ▲6 ×2 注5 △7,"7-3  1,620円(9)","7-3-1  6,570円(30)",1,月森 亮輔  岡,山,30,101,S2,逃,3.92,101.76,3,11.4,nan,３/４車身,捲りを追い
2320230101010009,toride,2023-01-01,9,◎1 ○4 ▲6 ×2 注5 △7,"7-3  1,620円(9)","7-3-1  6,570円(30)",2,齋藤 登志信  宮,城,50,80,S1,追,3.92,103.73,5,11.7,nan,１車身,番手回りも
2320230101010009,toride,2023-01-01,9,◎1 ○4 ▲6 ×2 注5 △7,"7-3  1,620円(9)","7-3-1  6,570円(30)",3,恩田 淳平  群,馬,32,100,S1,両,3.92,105.12,2,11.4,ク,１/２車輪,小林泰追走
2320230101010009,toride,2023-01-01,9,◎1 ○4 ▲6 ×2 注5 △7,"7-3  1,620円(9)","7-3-1  6,570円(30)",4,橋本 勝弘  愛,媛,40,89,S2,追,3.92,96.43,6,11.8,nan,４車身,月森に離れ
2320230101010009,toride,2023-01-01,9,◎1 ○4 ▲6 ×2 注5 △7,"7-3  1,620円(9)","7-3-1  6,570円(30)",5,五十嵐 力,神奈川,43,87,S2,追,3.92,101.33,4,11.6,nan,２車身,先制ライン
2320230101010009,toride,2023-01-01,9,◎1 ○4 ▲6 ×2 注5 △7,"7-3  1,620円(9)","7-3-1  6,570円(30)",6,木村 佑来  宮,城,21,119,S2,逃,3.92,91.00,7,13.1,nan,７車身,小林捲られ
2320230101010009,toride,2023-01-01,9,◎1 ○4 ▲6 ×2 注5 △7,"7-3  1,620円(9)","7-3-1  6,570円(30)",7,小林 泰正  群,馬,28,113,S1,両,3.92,99.12,1,11.5,捲,nan,木村を捲る
2320230101010010,toride,2023-01-01,10,△6 ×1 ▲4 注2 ○5 ◎3,7-3  470円(1),"7-3-2  4,590円(17)",1,河野 通孝  茨,城,39,88,S1,追,3.93,101.04,4,11.6,nan,２車身,木村皆共倒
2320230101010010,toride,2023-01-01,10,△6 ×1 ▲4 注2 ○5 ◎3,7-3  470円(1),"7-3-2  4,590円(17)",2,佐々木 堅次  福,島,28,113,S2,逃,3.93,94.07,3,11.3,nan,２車身,捲りを追い
2320230101010010,toride,2023-01-01,10,△6 ×1 ▲4 注2 ○5 ◎3,7-3  470円(1),"7-3-2  4,590円(17)",3,渡邉 雅也  静,岡,21,117,S2,逃,3.92,102.20,2,11.4,捲,微差,捲り上げて
2320230101010010,toride,2023-01-01,10,△6 ×1 ▲4 注2 ○5 ◎3,7-3  470円(1),"7-3-2  4,590円(17)",4,朝倉 佳弘  東,京,42,90,S2,追,3.92,98.88,6,11.5,nan,３/４車身,先制ライン
2320230101010010,toride,2023-01-01,10,△6 ×1 ▲4 注2 ○5 ◎3,7-3  470円(1),"7-3-2  4,590円(17)",5,伊藤 大志  青,森,43,86,S2,追,3.92,95.41,7,11.5,nan,１/２車身,佐々木追走
2320230101010010,toride,2023-01-01,10,△6 ×1 ▲4 注2 ○5 ◎3,7-3  470円(1),"7-3-2  4,590円(17)",6,木村 皆斗  茨,城,21,119,S2,逃,3.92,92.85,5,11.8,nan,１/２車輪,簡単捲られ
2320230101010010,toride,2023-01-01,10,△6 ×1 ▲4 注2 ○5 ◎3,7-3  470円(1),"7-3-2  4,590円(17)",7,大塚 玲,神奈川,41,89,S2,追,3.92,104.68,1,11.3,差,nan,寸前交わす
2320230101010011,toride,2023-01-01,11,◎1 ○4 △5 注6 ×3 ▲7,4-1  240円(1),"4-1-7  1,790円(5)",1,菅田 壱道  宮,城,36,91,S2,両,3.92,109.05,2,11.8,捲,３/４車輪,捲り追込み
2320230101010011,toride,2023-01-01,11,◎1 ○4 △5 注6 ×3 ▲7,4-1  240円(1),"4-1-7  1,790円(5)",2,山本 紳貴  千,葉,37,107,S2,逃,3.93,98.64,5,12.0,nan,１/２車輪,先制３番手
2320230101010011,toride,2023-01-01,11,◎1 ○4 △5 注6 ×3 ▲7,4-1  240円(1),"4-1-7  1,790円(5)",3,藤田 周磨  埼,玉,25,117,S2,逃,3.92,93.66,7,12.3,nan,１/８車輪,上手く逃げ
2320230101010011,toride,2023-01-01,11,◎1 ○4 △5 注6 ×3 ▲7,4-1  240円(1),"4-1-7  1,790円(5)",4,佐藤 友和  岩,手,39,88,S2,両,3.92,111.76,1,11.6,差,nan,菅田を差す
2320230101010011,toride,2023-01-01,11,◎1 ○4 △5 注6 ×3 ▲7,4-1  240円(1),"4-1-7  1,790円(5)",5,田中 晴基  千,葉,36,90,S1,追,3.92,103.50,4,11.6,nan,３/４車身,前を追って
2320230101010011,toride,2023-01-01,11,◎1 ○4 △5 注6 ×3 ▲7,4-1  240円(1),"4-1-7  1,790円(5)",6,野口 大誠  熊,本,33,105,S2,両,3.92,91.76,6,11.6,nan,３/４車身,単騎ドン尻
2320230101010011,toride,2023-01-01,11,◎1 ○4 △5 注6 ×3 ▲7,4-1  240円(1),"4-1-7  1,790円(5)",7,小林 圭介  茨,城,46,83,S2,追,3.92,99.50,3,12.0,nan,３/４車輪,番手前残り
2320230101010012,toride,2023-01-01,12,注3 ×6 ▲1 ○4 ◎7 △2,7-2  570円(3),7-2-5  760円(3),1,松谷 秀幸,神奈川,40,96,S1,追,3.92,110.89,4,11.5,nan,１車身１/２,切り替えて
2320230101010012,toride,2023-01-01,12,注3 ×6 ▲1 ○4 ◎7 △2,7-2  570円(3),7-2-5  760円(3),2,吉澤 純平  茨,城,37,101,S1,逃,3.92,113.46,2,11.6,ク,１/２車身,競勝ち続く
2320230101010012,toride,2023-01-01,12,注3 ×6 ▲1 ○4 ◎7 △2,7-2  570円(3),7-2-5  760円(3),3,片岡 迪之  岡,山,36,93,S1,逃,3.92,105.30,7,12.0,nan,２車身,飛び付きも
2320230101010012,toride,2023-01-01,12,注3 ×6 ▲1 ○4 ◎7 △2,7-2  570円(3),7-2-5  760円(3),4,内藤 宣彦  秋,田,51,67,S1,追,3.92,106.65,6,11.6,nan,１/２車輪,単騎で後方
2320230101010012,toride,2023-01-01,12,注3 ×6 ▲1 ○4 ◎7 △2,7-2  570円(3),7-2-5  760円(3),5,諸橋 愛  新,潟,45,79,S1,追,3.92,114.76,3,11.5,nan,１/２車輪,前を追って
2320230101010012,toride,2023-01-01,12,注3 ×6 ▲1 ○4 ◎7 △2,7-2  570円(3),7-2-5  760円(3),6,堤 洋  徳,島,47,75,S1,追,3.92,105.29,5,11.6,nan,２車身,流れ込みで
2320230101010012,toride,2023-01-01,12,注3 ×6 ▲1 ○4 ◎7 △2,7-2  570円(3),7-2-5  760円(3),7,眞杉 匠  栃,木,23,113,S1,逃,3.92,112.08,1,11.7,逃,nan,叩きペース
2720230101010001,keiokaku,2023-01-01,1,◎4 ○1 △2 ×7 ▲6 注3,1-4  440円(2),"1-4-5  2,160円(7)",1,斯波 雅貴  静,岡,53,64,A3,追,3.93,82.05,1,11.7,差,nan,捲乗り差す
2720230101010001,keiokaku,2023-01-01,1,◎4 ○1 △2 ×7 ▲6 注3,1-4  440円(2),"1-4-5  2,160円(7)",2,駒井 大輔  東,京,47,98,A3,逃,3.93,69.62,6,12.3,nan,１/８車輪,志佐捲られ
2720230101010001,keiokaku,2023-01-01,1,◎4 ○1 △2 ×7 ▲6 注3,1-4  440円(2),"1-4-5  2,160円(7)",3,阿部 利光  宮,城,47,77,A3,追,3.86,73.11,4,12.0,nan,３車身,捲り乗換え
2720230101010001,keiokaku,2023-01-01,1,◎4 ○1 △2 ×7 ▲6 注3,1-4  440円(2),"1-4-5  2,160円(7)",4,志佐 明,神奈川,33,107,A3,逃,3.93,82.00,2,11.9,捲,３/４車輪,駒井捲るも
2720230101010001,keiokaku,2023-01-01,1,◎4 ○1 △2 ×7 ▲6 注3,1-4  440円(2),"1-4-5  2,160円(7)",5,石田 岳彦  岩,手,41,89,A3,追,3.92,67.80,3,11.7,nan,１車身,捲り３番手
2720230101010001,keiokaku,2023-01-01,1,◎4 ○1 △2 ×7 ▲6 注3,1-4  440円(2),"1-4-5  2,160円(7)",6,佐川 拓也  福,島,33,99,A3,逃,3.93,65.12,7,12.2,nan,２車身,３番手入り
2720230101010001,keiokaku,2023-01-01,1,◎4 ○1 △2 ×7 ▲6 注3,1-4  440円(2),"1-4-5  2,160円(7)",7,乙川 高徳  東,京,52,65,A3,追,3.93,68.77,5,12.2,nan,３/４車身,駒井捲られ
2720230101010002,keiokaku,2023-01-01,2,○4 ◎3 △7 注5 ×1 ▲6,3-4  250円(1),3-4-7  330円(1),1,浦崎 貴史,北海道,51,75,A3,追,3.92,81.50,4,12.5,nan,１/４車輪,乗換え外を
2720230101010002,keiokaku,2023-01-01,2,○4 ◎3 △7 注5 ×1 ▲6,3-4  250円(1),3-4-7  330円(1),2,出口 眞浩,神奈川,53,63,A3,追,3.92,71.23,5,12.2,nan,１/４車輪,中突き迫る
2720230101010002,keiokaku,2023-01-01,2,○4 ◎3 △7 注5 ×1 ▲6,3-4  250円(1),3-4-7  330円(1),3,松田 優一  茨,城,37,90,A3,追,3.92,85.29,1,12.7,差,nan,余裕の差し
2720230101010002,keiokaku,2023-01-01,2,○4 ◎3 △7 注5 ×1 ▲6,3-4  250円(1),3-4-7  330円(1),4,早川 成矢  埼,玉,46,78,A3,両,3.92,81.95,2,12.8,逃,３/４車身,早め巻返し
2720230101010002,keiokaku,2023-01-01,2,○4 ◎3 △7 注5 ×1 ▲6,3-4  250円(1),3-4-7  330円(1),5,薮下 直輝,北海道,34,95,A3,逃,3.92,68.95,7,12.9,nan,１車身,早川叩かれ
2720230101010002,keiokaku,2023-01-01,2,○4 ◎3 △7 注5 ×1 ▲6,3-4  250円(1),3-4-7  330円(1),6,黒川 将俊  千,葉,36,92,A3,両,3.92,62.70,6,12.6,nan,４車身,後手踏んで
2720230101010002,keiokaku,2023-01-01,2,○4 ◎3 △7 注5 ×1 ▲6,3-4  250円(1),3-4-7  330円(1),7,黒田 充  栃,木,48,73,A3,追,3.86,74.77,3,12.6,nan,１/２車輪,本線３番手
2720230101010003,keiokaku,2023-01-01,3,◎3 ○1 ×5 ▲7 注2 △4,"1-4  23,050円(17)","1-4-3  83,490円(59)",1,廣川 貞治  東,京,55,61,A3,追,3.92,77.65,1,13.3,差,nan,巧追差切る
2720230101010003,keiokaku,2023-01-01,3,◎3 ○1 ×5 ▲7 注2 △4,"1-4  23,050円(17)","1-4-3  83,490円(59)",2,善方 政美  福,島,47,82,A3,逃,3.85,68.03,7,14.8,nan,大差,叩けず後方
2720230101010003,keiokaku,2023-01-01,3,◎3 ○1 ×5 ▲7 注2 △4,"1-4  23,050円(17)","1-4-3  83,490円(59)",3,滝本 幸正  新,潟,24,121,A3,逃,3.85,76.23,3,13.4,nan,３/４車輪,突張り失速
2720230101010003,keiokaku,2023-01-01,3,◎3 ○1 ×5 ▲7 注2 △4,"1-4  23,050円(17)","1-4-3  83,490円(59)",4,三上 隆幸  青,森,45,85,A3,追,3.93,67.14,2,12.9,差,微差,切換え直鋭
2720230101010003,keiokaku,2023-01-01,3,◎3 ○1 ×5 ▲7 注2 △4,"1-4  23,050円(17)","1-4-3  83,490円(59)",5,井上 善裕  埼,玉,47,75,A3,追,3.86,77.44,5,13.2,nan,１/２車身,内突き伸欠
2720230101010003,keiokaku,2023-01-01,3,◎3 ○1 ×5 ▲7 注2 △4,"1-4  23,050円(17)","1-4-3  83,490円(59)",6,三谷 幸宏,北海道,56,67,A3,追,3.92,64.33,6,12.8,nan,３/４車輪,三上追って
2720230101010003,keiokaku,2023-01-01,3,◎3 ○1 ×5 ▲7 注2 △4,"1-4  23,050円(17)","1-4-3  83,490円(59)",7,高橋 京治  埼,玉,59,51,A3,追,3.86,70.33,4,13.0,nan,１/４車輪,４番手外踏
2720230101010004,keiokaku,2023-01-01,4,×1 注4 ◎6 ○2 △5 ▲3,2-5  130円(1),2-5-3  190円(1),1,武藤 貴志  千,葉,47,81,A3,逃,3.92,71.18,7,14.2,nan,大差,堀に捲られ
2720230101010004,keiokaku,2023-01-01,4,×1 注4 ◎6 ○2 △5 ▲3,2-5  130円(1),2-5-3  190円(1),2,堀 航輝  青,森,27,121,A3,逃,3.92,78.16,1,11.3,捲,nan,車下げ捲る
2720230101010004,keiokaku,2023-01-01,4,×1 注4 ◎6 ○2 △5 ▲3,2-5  130円(1),2-5-3  190円(1),3,佐藤 謙  栃,木,37,90,A3,追,3.83,81.38,3,11.2,nan,３/４車身,３番手巧追
2720230101010004,keiokaku,2023-01-01,4,×1 注4 ◎6 ○2 △5 ▲3,2-5  130円(1),2-5-3  190円(1),4,吉竹 雄城  千,葉,32,99,A3,逃,3.92,68.90,5,12.1,nan,６車身,目標捲られ
2720230101010004,keiokaku,2023-01-01,4,×1 注4 ◎6 ○2 △5 ▲3,2-5  130円(1),2-5-3  190円(1),5,橋本 祐司  青,森,38,95,A3,追,3.92,81.48,2,11.4,ク,１車身１/２,捲りを巧追
2720230101010004,keiokaku,2023-01-01,4,×1 注4 ◎6 ○2 △5 ▲3,2-5  130円(1),2-5-3  190円(1),6,北澤 育夫,神奈川,52,74,A3,追,3.92,65.16,6,12.2,nan,１車身１/２,一緒捲られ
2720230101010004,keiokaku,2023-01-01,4,×1 注4 ◎6 ○2 △5 ▲3,2-5  130円(1),2-5-3  190円(1),7,山田 武  群,馬,45,87,A3,追,3.93,71.12,4,11.3,nan,２車身,捲り４番手
2720230101010005,keiokaku,2023-01-01,5,◎4 ○1 注7 ▲3 △5 ×2,"4-5  1,120円(5)","4-5-2  2,070円(7)",1,金辺 雄介  東,京,40,97,A3,両,3.92,79.14,6,12.6,nan,１/８車輪,捲りに離れ
2720230101010005,keiokaku,2023-01-01,5,◎4 ○1 注7 ▲3 △5 ×2,"4-5  1,120円(5)","4-5-2  2,070円(7)",2,長田 彰人  宮,城,36,95,A3,追,3.85,71.27,3,12.4,nan,１/４車輪,真船迫るも
2720230101010005,keiokaku,2023-01-01,5,◎4 ○1 注7 ▲3 △5 ×2,"4-5  1,120円(5)","4-5-2  2,070円(7)",3,進藤 浩行  千,葉,60,57,A3,追,3.92,66.42,7,12.2,nan,１/２車輪,前遅れ気味
2720230101010005,keiokaku,2023-01-01,5,◎4 ○1 注7 ▲3 △5 ×2,"4-5  1,120円(5)","4-5-2  2,070円(7)",4,安倍 大成  東,京,24,121,A3,逃,3.92,78.42,1,11.4,捲,nan,４番手捲り
2720230101010005,keiokaku,2023-01-01,5,◎4 ○1 注7 ▲3 △5 ×2,"4-5  1,120円(5)","4-5-2  2,070円(7)",5,真船 拓磨  福,島,36,96,A3,逃,3.92,69.09,2,12.6,逃,大差,捲られ逃粘
2720230101010005,keiokaku,2023-01-01,5,◎4 ○1 注7 ▲3 △5 ×2,"4-5  1,120円(5)","4-5-2  2,070円(7)",6,松江 健一  静,岡,50,72,A3,追,3.93,65.46,4,12.4,nan,１車身,先制３番手
2720230101010005,keiokaku,2023-01-01,5,◎4 ○1 注7 ▲3 △5 ×2,"4-5  1,120円(5)","4-5-2  2,070円(7)",7,中山 善仁  新,潟,48,73,A3,追,3.92,79.16,5,12.5,nan,１車身１/２,前が離れて
2720230101010006,keiokaku,2023-01-01,6,○6 △3 ◎1 注2 ▲4 ×5,"5-1  1,680円(7)","5-1-6  3,530円(12)",1,加瀬 加奈子  新,潟,42,102,L1,両,3.77,53.70,2,12.9,ク,１/２車身,叩かれ番手
2720230101010006,keiokaku,2023-01-01,6,○6 △3 ◎1 注2 ▲4 ×5,"5-1  1,680円(7)","5-1-6  3,530円(12)",2,野崎 菜美  山,口,26,118,L1,両,3.79,47.05,4,13.2,nan,１/２車身,加瀬と併走
2720230101010006,keiokaku,2023-01-01,6,○6 △3 ◎1 注2 ▲4 ×5,"5-1  1,680円(7)","5-1-6  3,530円(12)",3,塩田 日海,神奈川,24,122,L1,両,3.77,49.14,5,12.9,nan,１/２車輪,山口真乗り
2720230101010006,keiokaku,2023-01-01,6,○6 △3 ◎1 注2 ▲4 ×5,"5-1  1,680円(7)","5-1-6  3,530円(12)",4,佐々木 綾  福,島,23,116,L1,両,3.77,48.00,6,13.3,nan,１車身１/２,岩崎捲れず
2720230101010006,keiokaku,2023-01-01,6,○6 △3 ◎1 注2 ▲4 ×5,"5-1  1,680円(7)","5-1-6  3,530円(12)",5,岩崎 ゆみこ  茨,城,26,116,L1,両,3.79,50.57,1,13.1,逃,nan,叩き逃切る
2720230101010006,keiokaku,2023-01-01,6,○6 △3 ◎1 注2 ▲4 ×5,"5-1  1,680円(7)","5-1-6  3,530円(12)",6,山口 真未  静,岡,31,120,L1,両,3.71,51.71,3,13.0,nan,３/４車身,捲乗り外を
2720230101010006,keiokaku,2023-01-01,6,○6 △3 ◎1 注2 ▲4 ×5,"5-1  1,680円(7)","5-1-6  3,530円(12)",7,中村 鈴花  熊,本,21,120,L1,両,3.77,46.80,7,13.0,nan,微差,内々踏んで
2720230101010007,keiokaku,2023-01-01,7,×4 △7 ▲1 ◎2 ○3 注5,2-7  210円(1),"2-7-6  3,580円(11)",1,三森 彩桜  福,島,22,116,L1,両,3.69,47.95,5,12.5,nan,１車身１/２,藤原春乗り
2720230101010007,keiokaku,2023-01-01,7,×4 △7 ▲1 ◎2 ○3 注5,2-7  210円(1),"2-7-6  3,580円(11)",2,鈴木 美教  静,岡,28,112,L1,両,3.77,56.36,1,12.4,捲,nan,乗換え捲る
2720230101010007,keiokaku,2023-01-01,7,×4 △7 ▲1 ◎2 ○3 注5,2-7  210円(1),"2-7-6  3,580円(11)",3,藤原 春陽  徳,島,20,122,L1,両,3.71,51.23,4,12.5,nan,２車身,Ｓも捌けず
2720230101010007,keiokaku,2023-01-01,7,×4 △7 ▲1 ◎2 ○3 注5,2-7  210円(1),"2-7-6  3,580円(11)",4,畠山 ひすい,北海道,20,122,L1,両,3.71,48.90,6,12.9,nan,１/２車輪,捲り捲られ
2720230101010007,keiokaku,2023-01-01,7,×4 △7 ▲1 ◎2 ○3 注5,2-7  210円(1),"2-7-6  3,580円(11)",5,保立 沙織,神奈川,39,118,L1,両,3.77,48.72,7,13.2,nan,５車身,叩き捲られ
2720230101010007,keiokaku,2023-01-01,7,×4 △7 ▲1 ◎2 ○3 注5,2-7  210円(1),"2-7-6  3,580円(11)",6,青木 美優  栃,木,28,106,L1,両,3.71,46.40,3,12.4,nan,１車身１/２,増茂追って
2720230101010007,keiokaku,2023-01-01,7,×4 △7 ▲1 ◎2 ○3 注5,2-7  210円(1),"2-7-6  3,580円(11)",7,増茂 るるこ  東,京,31,102,L1,両,3.77,51.33,2,12.3,ク,１車身１/２,鈴木に追上
2720230101010008,keiokaku,2023-01-01,8,△1 ×4 注2 ▲6 ◎3 ○5,4-1  600円(2),"4-1-5  2,030円(7)",1,大畑 裕貴  埼,玉,38,92,A2,両,3.92,85.81,2,12.5,逃,３/４車身,カマシ逃げ
2720230101010008,keiokaku,2023-01-01,8,△1 ×4 注2 ▲6 ◎3 ○5,4-1  600円(2),"4-1-5  2,030円(7)",2,野口 修平,神奈川,34,105,A2,逃,3.85,70.09,4,12.4,nan,１/８車輪,３番手入り
2720230101010008,keiokaku,2023-01-01,8,△1 ×4 注2 ▲6 ◎3 ○5,4-1  600円(2),"4-1-5  2,030円(7)",3,徳丸 泰教  兵,庫,37,95,A2,追,3.92,90.87,6,12.1,nan,３/４車身,後方で不発
2720230101010008,keiokaku,2023-01-01,8,△1 ×4 注2 ▲6 ◎3 ○5,4-1  600円(2),"4-1-5  2,030円(7)",4,渡辺 航平  東,京,45,79,A1,追,3.93,88.29,1,12.3,差,nan,絶好で差す
2720230101010008,keiokaku,2023-01-01,8,△1 ×4 注2 ▲6 ◎3 ○5,4-1  600円(2),"4-1-5  2,030円(7)",5,中村 美千隆  兵,庫,46,80,A2,両,3.92,83.44,3,11.8,nan,１車身,直線内伸び
2720230101010008,keiokaku,2023-01-01,8,△1 ×4 注2 ▲6 ◎3 ○5,4-1  600円(2),"4-1-5  2,030円(7)",6,丸山 勝也  静,岡,43,85,A2,追,3.86,67.29,5,12.4,nan,３/４車身,野口修続く
2720230101010009,keiokaku,2023-01-01,9,△1 注6 ▲4 ◎5 ○3 ×7,"6-3  5,710円(18)","6-3-4  30,210円(84)",1,楠野 史尭  埼,玉,34,105,A1,逃,3.92,81.28,4,12.2,nan,１/４車輪,一気カマシ
2720230101010009,keiokaku,2023-01-01,9,△1 注6 ▲4 ◎5 ○3 ×7,"6-3  5,710円(18)","6-3-4  30,210円(84)",2,高谷 進太郎  三,重,43,85,A2,両,3.92,84.55,6,11.7,nan,１車輪,展開向かず
2720230101010009,keiokaku,2023-01-01,9,△1 注6 ▲4 ◎5 ○3 ×7,"6-3  5,710円(18)","6-3-4  30,210円(84)",3,伊藤 彰規,神奈川,32,96,A1,両,3.92,87.94,2,11.8,差,１/２車身,直線内伸び
2720230101010009,keiokaku,2023-01-01,9,△1 注6 ▲4 ◎5 ○3 ×7,"6-3  5,710円(18)","6-3-4  30,210円(84)",4,寺林 正秋  宮,城,38,93,A2,追,3.92,85.83,3,12.0,nan,タイヤ差,１着マーク
2720230101010009,keiokaku,2023-01-01,9,△1 注6 ▲4 ◎5 ○3 ×7,"6-3  5,710円(18)","6-3-4  30,210円(84)",5,堂村 知哉  福,井,40,88,A2,追,3.92,83.75,7,11.9,nan,２車身,位置が悪く
2720230101010009,keiokaku,2023-01-01,9,△1 注6 ▲4 ◎5 ○3 ×7,"6-3  5,710円(18)","6-3-4  30,210円(84)",6,飯島 淳  東,京,46,78,A2,追,3.92,80.47,1,12.1,差,nan,絶好差切る
2720230101010009,keiokaku,2023-01-01,9,△1 注6 ▲4 ◎5 ○3 ×7,"6-3  5,710円(18)","6-3-4  30,210円(84)",7,對馬 太陽,神奈川,43,85,A2,追,3.92,81.18,5,11.9,nan,１車身１/２,伊藤彰半端
2720230101010010,keiokaku,2023-01-01,10,◎1 ○4 △5 ×2 ▲7 注6,1-4  140円(1),"1-4-6  2,570円(8)",1,長屋 秀明  岐,阜,22,117,A1,逃,3.92,91.06,1,11.9,逃,nan,安達突張る
2720230101010010,keiokaku,2023-01-01,10,◎1 ○4 △5 ×2 ▲7 注6,1-4  140円(1),"1-4-6  2,570円(8)",2,川上 真吾  東,京,36,98,A2,両,3.92,79.72,5,11.7,nan,１/２車身,安達行けず
2720230101010010,keiokaku,2023-01-01,10,◎1 ○4 △5 ×2 ▲7 注6,1-4  140円(1),"1-4-6  2,570円(8)",3,野木 義規,北海道,50,72,A1,追,3.92,86.76,4,11.6,nan,１/２車身,目標抜けず
2720230101010010,keiokaku,2023-01-01,10,◎1 ○4 △5 ×2 ▲7 注6,1-4  140円(1),"1-4-6  2,570円(8)",4,竹内 一暢  滋,賀,45,84,A1,追,3.92,89.00,2,11.8,ク,１/４車輪,大名迫って
2720230101010010,keiokaku,2023-01-01,10,◎1 ○4 △5 ×2 ▲7 注6,1-4  140円(1),"1-4-6  2,570円(8)",5,安達 隆己  栃,木,26,117,A2,逃,3.77,80.44,7,12.3,nan,２車身,長屋叩けず
2720230101010010,keiokaku,2023-01-01,10,◎1 ○4 △5 ×2 ▲7 注6,1-4  140円(1),"1-4-6  2,570円(8)",6,加美山 隆行  宮,城,36,92,A2,両,3.92,71.59,3,11.7,nan,１車身１/２,俊敏捲上げ
2720230101010010,keiokaku,2023-01-01,10,◎1 ○4 △5 ×2 ▲7 注6,1-4  140円(1),"1-4-6  2,570円(8)",7,本田 拓也  新,潟,40,92,A2,追,3.92,84.25,6,11.7,nan,２車身,２車拾って
2720230101010011,keiokaku,2023-01-01,11,△1 注7 ◎6 ○5 ×2 ▲4,5-2  130円(1),"5-2-7  3,100円(6)",1,田中 誇士  静,岡,29,103,A1,両,3.86,83.33,4,12.4,nan,３/４車輪,第２先行で
2720230101010011,keiokaku,2023-01-01,11,△1 注7 ◎6 ○5 ×2 ▲4,5-2  130円(1),"5-2-7  3,100円(6)",2,野口 正則  奈,良,32,105,A1,両,3.92,91.04,2,12.2,ク,１車輪,巧追迫るも
2720230101010011,keiokaku,2023-01-01,11,△1 注7 ◎6 ○5 ×2 ▲4,5-2  130円(1),"5-2-7  3,100円(6)",3,根本 雄紀  茨,城,45,80,A2,追,3.92,81.73,6,12.3,nan,１車身１/２,前が離れて
2720230101010011,keiokaku,2023-01-01,11,△1 注7 ◎6 ○5 ×2 ▲4,5-2  130円(1),"5-2-7  3,100円(6)",4,鎌田 聡  宮,城,45,81,A2,追,3.92,83.11,7,13.7,nan,大差,カマシ離れ
2720230101010011,keiokaku,2023-01-01,11,△1 注7 ◎6 ○5 ×2 ▲4,5-2  130円(1),"5-2-7  3,100円(6)",5,村田 祐樹  富,山,24,121,A2,逃,3.93,92.91,1,12.2,逃,nan,一気カマシ
2720230101010011,keiokaku,2023-01-01,11,△1 注7 ◎6 ○5 ×2 ▲4,5-2  130円(1),"5-2-7  3,100円(6)",6,工藤 考生  埼,玉,41,90,A2,追,3.92,69.00,5,12.2,nan,３/４車身,切り換え策
2720230101010011,keiokaku,2023-01-01,11,△1 注7 ◎6 ○5 ×2 ▲4,5-2  130円(1),"5-2-7  3,100円(6)",7,鶴岡 與之  千,葉,45,81,A2,追,3.92,81.33,3,12.2,nan,６車身,田中誇抜く
2720230101010012,keiokaku,2023-01-01,12,○4 ◎6 ×2 △5 ▲1 注3,6-4  520円(2),6-4-2  950円(3),1,伊藤 世哉  三,重,41,87,A1,追,3.92,91.87,6,11.9,nan,１/２車身,先手に乗り
2720230101010012,keiokaku,2023-01-01,12,○4 ◎6 ×2 △5 ▲1 注3,6-4  520円(2),6-4-2  950円(3),2,長井 妙樹  東,京,34,96,A1,両,3.93,96.58,3,12.0,nan,１/２車身,内締め踏む
2720230101010012,keiokaku,2023-01-01,12,○4 ◎6 ×2 △5 ▲1 注3,6-4  520円(2),6-4-2  950円(3),3,太田 将成  宮,城,26,113,A1,逃,3.92,93.21,4,12.1,nan,３/４車輪,振られ一杯
2720230101010012,keiokaku,2023-01-01,12,○4 ◎6 ×2 △5 ▲1 注3,6-4  520円(2),6-4-2  950円(3),4,梁島 邦友  茨,城,23,117,A1,逃,3.85,91.25,2,12.4,逃,１/２車身,正攻法逃げ
2720230101010012,keiokaku,2023-01-01,12,○4 ◎6 ×2 △5 ▲1 注3,6-4  520円(2),6-4-2  950円(3),5,伊藤 亮  埼,玉,40,92,A1,追,3.92,92.16,6,12.0,nan,１/２車身,先制４番手
2720230101010012,keiokaku,2023-01-01,12,○4 ◎6 ×2 △5 ▲1 注3,6-4  520円(2),6-4-2  950円(3),6,柿本 大貴  東,京,27,113,A1,逃,3.92,91.18,1,12.1,差,nan,仕事し抜く
2720230101010012,keiokaku,2023-01-01,12,○4 ◎6 ×2 △5 ▲1 注3,6-4  520円(2),6-4-2  950円(3),7,川崎 健次,神奈川,43,88,A1,追,3.92,91.58,5,12.0,nan,３/４車輪,太田捲れず
4420230101010001,ogaki,2023-01-01,1,△4 ×1 注5 ▲3 ◎2 ○6,"3-1  5,590円(16)","3-1-2  28,030円(68)",1,石坂 永伍  岡,山,36,93,A2,両,3.93,88.04,2,12.5,差,３/４車輪,番手前残り
4420230101010001,ogaki,2023-01-01,1,△4 ×1 注5 ▲3 ◎2 ○6,"3-1  5,590円(16)","3-1-2  28,030円(68)",2,中川 繁樹  京,都,36,93,A1,逃,3.93,87.91,3,12.0,nan,１/２車輪,立直し外迫
4420230101010001,ogaki,2023-01-01,1,△4 ×1 注5 ▲3 ◎2 ○6,"3-1  5,590円(16)","3-1-2  28,030円(68)",3,瀧本 匡平  愛,知,38,97,A2,逃,3.92,73.93,1,12.1,差,nan,脚溜め捲る
4420230101010001,ogaki,2023-01-01,1,△4 ×1 注5 ▲3 ◎2 ○6,"3-1  5,590円(16)","3-1-2  28,030円(68)",4,船瀬 惇平  広,島,28,111,A1,逃,3.93,88.29,4,12.7,nan,３/４車身,突張り失速
4420230101010001,ogaki,2023-01-01,1,△4 ×1 注5 ▲3 ◎2 ○6,"3-1  5,590円(16)","3-1-2  28,030円(68)",5,小磯 知也  徳,島,48,76,A2,追,3.83,81.40,5,12.4,nan,１/８車輪,先制３番手
4420230101010001,ogaki,2023-01-01,1,△4 ×1 注5 ▲3 ◎2 ○6,"3-1  5,590円(16)","3-1-2  28,030円(68)",6,井上 将志  兵,庫,38,100,A2,両,3.92,87.91,6,11.9,nan,１/２車輪,目標が失敗
4420230101010002,ogaki,2023-01-01,2,▲1 注5 ×4 △2 ○3 ◎6,"5-6  9,390円(24)","5-6-1  41,700円(88)",1,村瀬 大和  岐,阜,20,119,A2,逃,3.92,80.41,3,12.0,nan,１/４車輪,中団もつれ
4420230101010002,ogaki,2023-01-01,2,▲1 注5 ×4 △2 ○3 ◎6,"5-6  9,390円(24)","5-6-1  41,700円(88)",2,有馬 雄二  奈,良,40,90,A2,追,3.92,83.43,5,11.6,nan,１/２車身,江端と共倒
4420230101010002,ogaki,2023-01-01,2,▲1 注5 ×4 △2 ○3 ◎6,"5-6  9,390円(24)","5-6-1  41,700円(88)",3,佐藤 健太  福,岡,34,101,A1,両,3.92,88.80,4,11.8,nan,１/４車輪,３番手取合
4420230101010002,ogaki,2023-01-01,2,▲1 注5 ×4 △2 ○3 ◎6,"5-6  9,390円(24)","5-6-1  41,700円(88)",4,江端 隆司  福,井,30,103,A2,逃,3.92,84.66,6,11.9,nan,１車身,３番手取合
4420230101010002,ogaki,2023-01-01,2,▲1 注5 ×4 △2 ○3 ◎6,"5-6  9,390円(24)","5-6-1  41,700円(88)",5,岩見 潤  三,重,49,71,A1,追,3.92,82.50,1,11.9,差,nan,番手無風で
4420230101010002,ogaki,2023-01-01,2,▲1 注5 ×4 △2 ○3 ◎6,"5-6  9,390円(24)","5-6-1  41,700円(88)",6,井手 健  長,崎,49,79,A2,追,3.85,91.00,2,11.7,差,１/２車輪,前不発突込
4420230101010003,ogaki,2023-01-01,3,◎1 ○4 注5 ▲2 △6 ×3,1-4  140円(2)  4-1  140円(1),"1-4-6  1,110円(6)  4-1-6  970円(5)",1,疋田 力也  愛,知,21,119,A2,逃,3.92,88.50,1,11.7,逃,nan,ペース駆け
4420230101010003,ogaki,2023-01-01,3,◎1 ○4 注5 ▲2 △6 ×3,1-4  140円(2)  4-1  140円(1),"1-4-6  1,110円(6)  4-1-6  970円(5)",2,秋永 昂人  福,岡,36,98,A2,両,3.92,69.55,5,11.4,nan,１車身１/２,単騎先手乗
4420230101010003,ogaki,2023-01-01,3,◎1 ○4 注5 ▲2 △6 ×3,1-4  140円(2)  4-1  140円(1),"1-4-6  1,110円(6)  4-1-6  970円(5)",3,葛西 雄太郎  愛,媛,43,85,A2,両,3.92,85.28,4,11.3,nan,１/２車身,前が捲りで
4420230101010003,ogaki,2023-01-01,3,◎1 ○4 注5 ▲2 △6 ×3,1-4  140円(2)  4-1  140円(1),"1-4-6  1,110円(6)  4-1-6  970円(5)",4,上田 隼  岐,阜,33,97,A1,追,3.92,89.20,1,11.6,差,nan,外振り差す
4420230101010003,ogaki,2023-01-01,3,◎1 ○4 注5 ▲2 △6 ×3,1-4  140円(2)  4-1  140円(1),"1-4-6  1,110円(6)  4-1-6  970円(5)",5,山村 慮太  大,阪,36,97,A2,両,3.92,74.00,6,11.5,nan,１/４車輪,追走で一杯
4420230101010003,ogaki,2023-01-01,3,◎1 ○4 注5 ▲2 △6 ×3,1-4  140円(2)  4-1  140円(1),"1-4-6  1,110円(6)  4-1-6  970円(5)",6,山崎 航  山,口,27,119,A2,逃,3.92,85.54,3,11.4,nan,１車身,牽制受るも
4420230101010004,ogaki,2023-01-01,4,注6 ×1 △3 ◎2 ○5 ▲4,5-2  230円(1),"5-2-1  1,400円(4)",1,菊谷 信一  大,阪,37,90,A1,両,3.92,78.16,3,11.9,nan,３/４車輪,内決め切替
4420230101010004,ogaki,2023-01-01,4,注6 ×1 △3 ◎2 ○5 ▲4,5-2  230円(1),"5-2-1  1,400円(4)",2,下岡 優季  愛,知,32,105,A1,逃,3.92,88.84,2,12.1,逃,１/４車輪,突張り逃残
4420230101010004,ogaki,2023-01-01,4,注6 ×1 △3 ◎2 ○5 ▲4,5-2  230円(1),"5-2-1  1,400円(4)",3,片山 直人  福,岡,41,87,A2,両,3.92,0.00,5,11.9,nan,１車身,捲り進まず
4420230101010004,ogaki,2023-01-01,4,注6 ×1 △3 ◎2 ○5 ▲4,5-2  230円(1),"5-2-1  1,400円(4)",4,富安 保充  愛,知,40,91,A1,追,3.83,84.62,4,11.8,nan,１/２車身,競負け後退
4420230101010004,ogaki,2023-01-01,4,注6 ×1 △3 ◎2 ○5 ▲4,5-2  230円(1),"5-2-1  1,400円(4)",5,渡邊 健  愛,知,49,76,A1,追,3.93,88.09,1,12.0,差,nan,仕事し差す
4420230101010004,ogaki,2023-01-01,4,注6 ×1 △3 ◎2 ○5 ▲4,5-2  230円(1),"5-2-1  1,400円(4)",6,藤縄 洋介  兵,庫,42,89,A2,両,3.92,74.00,6,12.4,nan,５車身,叩けず不発
4420230101010005,ogaki,2023-01-01,5,△5 ○3 ◎6 注2 ×1 ▲4,"4-5  3,160円(11)","4-5-1  24,440円(81)",1,高比良 豪  福,岡,42,84,A1,両,3.92,97.53,3,11.4,nan,１/２車身,最後外伸び
4420230101010005,ogaki,2023-01-01,5,△5 ○3 ◎6 注2 ×1 ▲4,"4-5  3,160円(11)","4-5-1  24,440円(81)",2,森川 大輔  岐,阜,35,92,A1,両,3.92,103.30,4,11.7,nan,１/４車輪,仕事できず
4420230101010005,ogaki,2023-01-01,5,△5 ○3 ◎6 注2 ×1 ▲4,"4-5  3,160円(11)","4-5-1  24,440円(81)",3,三谷 政史  奈,良,40,93,A1,追,3.92,97.42,5,11.6,nan,１車身,捲りに離れ
4420230101010005,ogaki,2023-01-01,5,△5 ○3 ◎6 注2 ×1 ▲4,"4-5  3,160円(11)","4-5-1  24,440円(81)",4,久田 裕也  徳,島,23,117,A1,逃,3.92,99.64,1,11.5,捲,nan,乗換交わす
4420230101010005,ogaki,2023-01-01,5,△5 ○3 ◎6 注2 ×1 ▲4,"4-5  3,160円(11)","4-5-1  24,440円(81)",5,伊藤 成紀  大,阪,40,90,A1,逃,3.92,95.43,2,11.6,捲,３/４車輪,捲り切るも
4420230101010005,ogaki,2023-01-01,5,△5 ○3 ◎6 注2 ×1 ▲4,"4-5  3,160円(11)","4-5-1  24,440円(81)",6,長谷部 龍一  岐,阜,26,117,A1,逃,3.92,92.11,6,12.0,nan,１車身,簡単捲られ
4420230101010005,ogaki,2023-01-01,5,△5 ○3 ◎6 注2 ×1 ▲4,"4-5  3,160円(11)","4-5-1  24,440円(81)",7,守谷 陽介  岡,山,42,87,A1,両,3.92,95.35,7,11.6,nan,１車身,前に離れて
4420230101010006,ogaki,2023-01-01,6,△1 注5 ×2 ◎3 ○4,"4-5  3,630円(17)","4-5-1  14,300円(53)",1,三浦 貴大  岐,阜,23,115,S2,逃,3.92,90.91,3,12.0,nan,１/４車輪,カマシ逃残
4420230101010006,ogaki,2023-01-01,6,△1 注5 ×2 ◎3 ○4,"4-5  3,630円(17)","4-5-1  14,300円(53)",2,佐方 良行  熊,本,42,97,S2,追,3.92,99.85,5,11.5,nan,１/２車身,最後方捲上
4420230101010006,ogaki,2023-01-01,6,△1 注5 ×2 ◎3 ○4,"4-5  3,630円(17)","4-5-1  14,300円(53)",3,三登 誉哲  広,島,36,100,S2,逃,3.92,97.53,4,11.6,nan,１/２車身,叩かれ一杯
4420230101010006,ogaki,2023-01-01,6,△1 注5 ×2 ◎3 ○4,"4-5  3,630円(17)","4-5-1  14,300円(53)",4,宮崎 大空  熊,本,23,115,S2,両,3.92,99.04,1,11.4,差,nan,前不発突込
4420230101010006,ogaki,2023-01-01,6,△1 注5 ×2 ◎3 ○4,"4-5  3,630円(17)","4-5-1  14,300円(53)",5,山口 智弘  愛,知,32,99,S2,両,3.93,93.68,2,11.8,差,１/２車輪,番手絶好も
4420230101010007,ogaki,2023-01-01,7,×1 △5 ◎3 ○2 注4,2-3  700円(3),"2-3-4  1,310円(5)",1,林 昌幸  愛,媛,20,119,S2,逃,3.92,93.90,5,12.5,nan,２車身,本線叩かれ
4420230101010007,ogaki,2023-01-01,7,×1 △5 ◎3 ○2 注4,2-3  700円(3),"2-3-4  1,310円(5)",2,筒井 裕哉  兵,庫,41,89,S2,両,3.92,97.30,1,12.0,差,nan,巧追し差す
4420230101010007,ogaki,2023-01-01,7,×1 △5 ◎3 ○2 注4,2-3  700円(3),"2-3-4  1,310円(5)",3,福永 大智  大,阪,24,113,S2,逃,3.92,106.15,2,12.1,逃,１/８車輪,ＨＳカマシ
4420230101010007,ogaki,2023-01-01,7,×1 △5 ◎3 ○2 注4,2-3  700円(3),"2-3-4  1,310円(5)",4,後藤 彰仁  岐,阜,37,92,S2,追,3.92,88.61,3,12.0,nan,１車身１/２,前ワンツー
4420230101010007,ogaki,2023-01-01,7,×1 △5 ◎3 ○2 注4,2-3  700円(3),"2-3-4  1,310円(5)",5,廣川 泰昭  愛,媛,39,90,S2,追,3.92,96.33,4,12.1,nan,２車身,林昌と共倒
4420230101010008,ogaki,2023-01-01,8,◎3 ○4 △5 ×1 注2,3-4  170円(1),3-4-2  570円(2),1,大屋 健司  広,島,41,87,S2,追,3.92,98.95,4,11.6,nan,１車身１/２,前競負切替
4420230101010008,ogaki,2023-01-01,8,◎3 ○4 △5 ×1 注2,3-4  170円(1),3-4-2  570円(2),2,山崎 光展  京,都,36,93,S2,両,3.92,91.50,3,11.6,nan,１/２車身,単騎３番手
4420230101010008,ogaki,2023-01-01,8,◎3 ○4 △5 ×1 注2,3-4  170円(1),3-4-2  570円(2),3,伊藤 旭  熊,本,22,117,S2,逃,3.92,108.35,1,11.8,逃,nan,後位競合い
4420230101010008,ogaki,2023-01-01,8,◎3 ○4 △5 ×1 注2,3-4  170円(1),3-4-2  570円(2),4,市橋 司優人  福,岡,30,103,S2,両,3.85,101.80,2,11.7,ク,１/２車輪,死守し迫る
4420230101010008,ogaki,2023-01-01,8,◎3 ○4 △5 ×1 注2,3-4  170円(1),3-4-2  570円(2),5,藤井 將  広,島,28,113,S2,逃,3.92,88.33,5,14.6,nan,大差,二度競負け
4420230101010009,ogaki,2023-01-01,9,◎5 ○1 注3 ×2 △4,5-1  190円(1),5-1-2  630円(3),1,金子 貴志  愛,知,47,75,S2,両,3.92,100.64,2,11.4,ク,３/４車身,何とか前続
4420230101010009,ogaki,2023-01-01,9,◎5 ○1 注3 ×2 △4,5-1  190円(1),5-1-2  630円(3),2,中村 一将  兵,庫,46,86,S2,両,3.92,96.53,3,11.7,nan,タイヤ差,突張るも裸
4420230101010009,ogaki,2023-01-01,9,◎5 ○1 注3 ×2 △4,5-1  190円(1),5-1-2  630円(3),3,坂上 忠克  石,川,49,71,S2,追,3.92,90.22,4,11.6,nan,４車身,前ワンツー
4420230101010009,ogaki,2023-01-01,9,◎5 ○1 注3 ×2 △4,5-1  190円(1),5-1-2  630円(3),4,内山 貴裕  京,都,34,95,S2,追,3.92,91.70,5,11.8,nan,２車身,自然と口空
4420230101010009,ogaki,2023-01-01,9,◎5 ○1 注3 ×2 △4,5-1  190円(1),5-1-2  630円(3),5,山田 諒  岐,阜,23,113,S2,逃,3.86,104.00,1,11.5,差,nan,番手入一気
4420230101010010,ogaki,2023-01-01,10,◎5 ○1 ×3 注2 △4,1-5  300円(2),1-5-3  560円(3),1,長尾 拳太  岐,阜,29,103,S1,逃,3.92,101.15,1,11.4,差,nan,番手楽差し
4420230101010010,ogaki,2023-01-01,10,◎5 ○1 ×3 注2 △4,1-5  300円(2),1-5-3  560円(3),2,小林 史也,和歌山,37,107,S2,逃,3.93 3.92,93.60,5,13.7,nan,大差,簡単叩かれ
4420230101010010,ogaki,2023-01-01,10,◎5 ○1 ×3 注2 △4,1-5  300円(2),1-5-3  560円(3),3,小川 賢人  福,岡,37,103,S2,両,3.93,98.76,3,11.5,nan,１車身,本線追って
4420230101010010,ogaki,2023-01-01,10,◎5 ○1 ×3 注2 △4,1-5  300円(2),1-5-3  560円(3),4,藤木 裕  京,都,38,89,S2,両,3.92,93.84,4,11.6,nan,２車身,前捨て乗換
4420230101010010,ogaki,2023-01-01,10,◎5 ○1 ×3 注2 △4,1-5  300円(2),1-5-3  560円(3),5,志田 龍星  岐,阜,25,119,S2,逃,3.92,106.68,2,11.6,逃,１/２車輪,ＨＳカマシ
4420230101010011,ogaki,2023-01-01,11,△1 ×6 注3 ◎4 ○2 ▲5,4-2  140円(1),"4-2-1  1,240円(4)",1,古賀 勝大,和歌山,31,115,S2,逃,3.93,92.41,3,11.6,nan,２車身,叩ず拾われ
4420230101010011,ogaki,2023-01-01,11,△1 ×6 注3 ◎4 ○2 ▲5,4-2  140円(1),"4-2-1  1,240円(4)",2,宮越 孝治  富,山,43,82,S2,追,3.92,104.85,2,11.5,ク,１/２車輪,番手無風も
4420230101010011,ogaki,2023-01-01,11,△1 ×6 注3 ◎4 ○2 ▲5,4-2  140円(1),"4-2-1  1,240円(4)",3,越智 展孝  愛,媛,41,88,S2,追,3.92,92.30,5,11.5,nan,３車身,単騎最後方
4420230101010011,ogaki,2023-01-01,11,△1 ×6 注3 ◎4 ○2 ▲5,4-2  140円(1),"4-2-1  1,240円(4)",4,谷口 遼平  三,重,28,103,S2,逃,3.92,107.43,1,11.6,逃,nan,突張り快勝
4420230101010011,ogaki,2023-01-01,11,△1 ×6 注3 ◎4 ○2 ▲5,4-2  140円(1),"4-2-1  1,240円(4)",5,松尾 淳  岐,阜,48,77,S2,追,3.92,91.46,6,11.7,nan,１/８車輪,踏遅割込れ
4420230101010011,ogaki,2023-01-01,11,△1 ×6 注3 ◎4 ○2 ▲5,4-2  140円(1),"4-2-1  1,240円(4)",6,元砂 勇雪  奈,良,31,103,S2,両,3.92,96.69,4,11.5,nan,１/２車身,前拾い流込
4420230101010012,ogaki,2023-01-01,12,◎5 △1 注3 ○4 ▲6 ×7,"2-3  3,480円(18)","2-3-5  13,270円(53)",1,坂本 健太郎  福,岡,42,86,S1,両,3.85,107.48,4,11.3,nan,１車身１/２,単騎で苦戦
4420230101010012,ogaki,2023-01-01,12,◎5 △1 注3 ○4 ▲6 ×7,"2-3  3,480円(18)","2-3-5  13,270円(53)",2,東口 善朋,和歌山,43,85,S1,追,3.92,113.15,1,11.3,差,nan,乗換え差す
4420230101010012,ogaki,2023-01-01,12,◎5 △1 注3 ○4 ▲6 ×7,"2-3  3,480円(18)","2-3-5  13,270円(53)",3,竹内 翼  広,島,31,109,S1,逃,3.92,104.60,2,11.4,捲,３/４車輪,Ｈ仕掛け捲
4420230101010012,ogaki,2023-01-01,12,◎5 △1 注3 ○4 ▲6 ×7,"2-3  3,480円(18)","2-3-5  13,270円(53)",4,阿竹 智史  徳,島,40,90,S1,両,3.92,110.00,6,11.3,nan,３/４車身,竹内に切れ
4420230101010012,ogaki,2023-01-01,12,◎5 △1 注3 ○4 ▲6 ×7,"2-3  3,480円(18)","2-3-5  13,270円(53)",5,村上 博幸  京,都,43,86,S1,追,3.92,111.68,3,11.3,nan,１車輪,先手追って
4420230101010012,ogaki,2023-01-01,12,◎5 △1 注3 ○4 ▲6 ×7,"2-3  3,480円(18)","2-3-5  13,270円(53)",6,北村 信明  徳,島,37,93,S1,追,3.92,103.25,7,11.5,nan,１/２車輪,前離れ一緒
4420230101010012,ogaki,2023-01-01,12,◎5 △1 注3 ○4 ▲6 ×7,"2-3  3,480円(18)","2-3-5  13,270円(53)",7,中井 太祐  奈,良,33,97,S1,両,3.92,104.04,5,11.8,nan,１車身,簡単捲られ
5420230101010001,mukomachi,2023-01-01,1,×1 △4 注5 ◎3 ○2 ▲6,3-2  330円(2),3-2-1  830円(3),1,大越 啓介  栃,木,33,97,A3,両,3.92,82.84,3,12.2,nan,１/２車身,nan
5420230101010001,mukomachi,2023-01-01,1,×1 △4 注5 ◎3 ○2 ▲6,3-2  330円(2),3-2-1  830円(3),2,服部 正継  岐,阜,44,86,A3,追,3.86,76.66,2,12.3,ク,１/２車輪,nan
5420230101010001,mukomachi,2023-01-01,1,×1 △4 注5 ◎3 ○2 ▲6,3-2  330円(2),3-2-1  830円(3),3,南儀 拓海  富,山,24,121,A3,逃,3.85,74.84,1,12.5,逃,nan,nan
5420230101010001,mukomachi,2023-01-01,1,×1 △4 注5 ◎3 ○2 ▲6,3-2  330円(2),3-2-1  830円(3),4,高橋 由記  群,馬,43,88,A3,追,3.92,72.26,6,12.3,nan,２車身,nan
5420230101010001,mukomachi,2023-01-01,1,×1 △4 注5 ◎3 ○2 ▲6,3-2  330円(2),3-2-1  830円(3),5,小峰 一貴  埼,玉,53,64,A3,追,3.86,67.76,5,12.0,nan,１/２車輪,nan
5420230101010001,mukomachi,2023-01-01,1,×1 △4 注5 ◎3 ○2 ▲6,3-2  330円(2),3-2-1  830円(3),6,田島 高志  三,重,45,79,A3,追,3.92,65.40,4,12.4,nan,１/２車身,nan
5420230101010002,mukomachi,2023-01-01,2,◎2 ○1 ▲4 △5 ×6 注3,2-1  170円(1),2-1-4  230円(1),1,吉村 文隆  京,都,50,70,A3,追,3.92,82.19,2,12.3,ク,１/２車身,nan
5420230101010002,mukomachi,2023-01-01,2,◎2 ○1 ▲4 △5 ×6 注3,2-1  170円(1),2-1-4  230円(1),2,近谷 涼  富,山,30,121,A3,逃,3.92,77.33,1,12.4,逃,nan,nan
5420230101010002,mukomachi,2023-01-01,2,◎2 ○1 ▲4 △5 ×6 注3,2-1  170円(1),2-1-4  230円(1),3,木村 健司  埼,玉,45,85,A3,追,3.92,71.84,4,11.9,nan,３/４車身,nan
5420230101010002,mukomachi,2023-01-01,2,◎2 ○1 ▲4 △5 ×6 注3,2-1  170円(1),2-1-4  230円(1),4,塚本 諭  福,島,46,85,A3,追,3.77,70.43,3,12.3,nan,３/４車身,nan
5420230101010002,mukomachi,2023-01-01,2,◎2 ○1 ▲4 △5 ×6 注3,2-1  170円(1),2-1-4  230円(1),5,片岡 昌彰  千,葉,46,85,A3,追,3.92,69.50,5,12.3,nan,１車身,nan
5420230101010002,mukomachi,2023-01-01,2,◎2 ○1 ▲4 △5 ×6 注3,2-1  170円(1),2-1-4  230円(1),6,三木 翔太  群,馬,34,95,A3,両,3.92,67.66,6,12.4,nan,２車身,nan
5420230101010003,mukomachi,2023-01-01,3,◎1 ○3 ×2 注4 ▲6 △5,2-5  870円(5),"2-5-7  6,320円(22)",1,國井 裕樹,神奈川,38,113,A3,逃,3.85,78.28,6,13.6,nan,３車身,nan
5420230101010003,mukomachi,2023-01-01,3,◎1 ○3 ×2 注4 ▲6 △5,2-5  870円(5),"2-5-7  6,320円(22)",2,照井 力斗  岩,手,20,121,A3,逃,3.92,76.08,1,12.8,捲,nan,nan
5420230101010003,mukomachi,2023-01-01,3,◎1 ○3 ×2 注4 ▲6 △5,2-5  870円(5),"2-5-7  6,320円(22)",3,村本 慎吾  静,岡,41,94,A3,追,3.92,72.10,7,15.1,nan,大差,nan
5420230101010003,mukomachi,2023-01-01,3,◎1 ○3 ×2 注4 ▲6 △5,2-5  870円(5),"2-5-7  6,320円(22)",4,須々田 大昇  青,森,50,80,A3,追,3.92,71.44,4,13.1,nan,１/８車輪,nan
5420230101010003,mukomachi,2023-01-01,3,◎1 ○3 ×2 注4 ▲6 △5,2-5  870円(5),"2-5-7  6,320円(22)",5,永橋 武司  大,阪,40,90,A3,両,3.93,69.84,2,12.7,差,４車身,nan
5420230101010003,mukomachi,2023-01-01,3,◎1 ○3 ×2 注4 ▲6 △5,2-5  870円(5),"2-5-7  6,320円(22)",6,高本 旭  大,阪,33,121,A3,逃,3.92,69.09,5,13.0,nan,１車輪,nan
5420230101010003,mukomachi,2023-01-01,3,◎1 ○3 ×2 注4 ▲6 △5,2-5  870円(5),"2-5-7  6,320円(22)",7,若原 英伸  岐,阜,51,68,A3,追,3.92,66.64,3,12.7,nan,１車身,nan
5420230101010004,mukomachi,2023-01-01,4,◎1 ○2 △5 ×3 ▲7 注6,"6-3  5,360円(18)","6-3-4  12,560円(40)",1,布居 翼,和歌山,26,109,A3,逃,3.92,79.58,5,13.2,nan,１車身１/２,nan
5420230101010004,mukomachi,2023-01-01,4,◎1 ○2 △5 ×3 ▲7 注6,"6-3  5,360円(18)","6-3-4  12,560円(40)",2,大川 栄二,和歌山,49,70,A3,追,3.86,78.45,4,12.6,nan,３/４車身,nan
5420230101010004,mukomachi,2023-01-01,4,◎1 ○2 △5 ×3 ▲7 注6,"6-3  5,360円(18)","6-3-4  12,560円(40)",3,加藤 正法  愛,知,33,96,A3,両,3.86,73.10,2,12.3,差,１/４車輪,nan
5420230101010004,mukomachi,2023-01-01,4,◎1 ○2 △5 ×3 ▲7 注6,"6-3  5,360円(18)","6-3-4  12,560円(40)",4,本間 慎吾  新,潟,35,91,A3,追,3.92,71.33,3,12.6,nan,１/２車身,nan
5420230101010004,mukomachi,2023-01-01,4,◎1 ○2 △5 ×3 ▲7 注6,"6-3  5,360円(18)","6-3-4  12,560円(40)",5,伊藤 嘉浩  岐,阜,45,79,A3,両,3.92,67.42,6,12.6,nan,３/４車輪,nan
5420230101010004,mukomachi,2023-01-01,4,◎1 ○2 △5 ×3 ▲7 注6,"6-3  5,360円(18)","6-3-4  12,560円(40)",6,内田 淳  千,葉,30,111,A3,逃,3.92,66.33,1,12.7,差,nan,nan
5420230101010004,mukomachi,2023-01-01,4,◎1 ○2 △5 ×3 ▲7 注6,"6-3  5,360円(18)","6-3-4  12,560円(40)",7,浅見 敏也  愛,知,52,65,A3,追,3.92,66.31,7,12.4,nan,１車輪,nan
5420230101010005,mukomachi,2023-01-01,5,○2 ◎1 △5 ▲6 ×3 注4,2-1  500円(2),"2-1-3  1,060円(3)",1,鰐淵 圭佑  群,馬,39,90,A2,追,3.92,88.75,2,11.8,ク,１/２車身,nan
5420230101010005,mukomachi,2023-01-01,5,○2 ◎1 △5 ▲6 ×3 注4,2-1  500円(2),"2-1-3  1,060円(3)",2,井上 公利  宮,城,41,93,A1,逃,3.93,85.30,1,11.9,逃,nan,nan
5420230101010005,mukomachi,2023-01-01,5,○2 ◎1 △5 ▲6 ×3 注4,2-1  500円(2),"2-1-3  1,060円(3)",3,片山 弘城  大,阪,47,75,A2,追,3.92,84.18,3,12.0,nan,７車身,nan
5420230101010005,mukomachi,2023-01-01,5,○2 ◎1 △5 ▲6 ×3 注4,2-1  500円(2),"2-1-3  1,060円(3)",4,中澤 孝之  大,阪,57,56,A2,追,3.92,81.71,5,11.9,nan,１/８車輪,nan
5420230101010005,mukomachi,2023-01-01,5,○2 ◎1 △5 ▲6 ×3 注4,2-1  500円(2),"2-1-3  1,060円(3)",5,勝俣 亮,神奈川,45,82,A2,両,3.92,81.20,6,12.2,nan,４車身,nan
5420230101010005,mukomachi,2023-01-01,5,○2 ◎1 △5 ▲6 ×3 注4,2-1  500円(2),"2-1-3  1,060円(3)",6,武田 和也  奈,良,35,92,A2,両,3.92,80.61,4,12.2,nan,１車身,nan
5420230101010006,mukomachi,2023-01-01,6,○3 ◎1 △5 ×2 注4 ▲6,1-3  280円(1),1-3-5  750円(2),1,平沼 由充  福,島,47,83,A2,追,3.92,93.68,1,12.0,差,nan,nan
5420230101010006,mukomachi,2023-01-01,6,○3 ◎1 △5 ×2 注4 ▲6,1-3  280円(1),1-3-5  750円(2),2,倉野 隆太郎  三,重,38,91,A2,両,3.92,87.90,4,12.0,nan,１車身１/２,nan
5420230101010006,mukomachi,2023-01-01,6,○3 ◎1 △5 ×2 注4 ▲6,1-3  280円(1),1-3-5  750円(2),3,大高 彰馬  福,島,23,119,A2,逃,3.92,85.71,2,12.1,逃,１/４車輪,nan
5420230101010006,mukomachi,2023-01-01,6,○3 ◎1 △5 ×2 注4 ▲6,1-3  280円(1),1-3-5  750円(2),4,鮒田 博文  三,重,44,79,A1,追,3.93,81.70,5,11.9,nan,１車身,nan
5420230101010006,mukomachi,2023-01-01,6,○3 ◎1 △5 ×2 注4 ▲6,1-3  280円(1),1-3-5  750円(2),5,柳澤 達也  兵,庫,50,72,A2,追,3.92,81.12,3,11.9,nan,１/２車身,nan
5420230101010006,mukomachi,2023-01-01,6,○3 ◎1 △5 ×2 注4 ▲6,1-3  280円(1),1-3-5  750円(2),6,奥出 健士郎  福,井,33,99,A2,両,3.92,79.93,6,12.2,nan,４車身,nan
5420230101010007,mukomachi,2023-01-01,7,○3 ◎1 △5 注4 ×2 ▲6,"2-1  1,410円(7)","2-1-5  6,680円(22)",1,河村 章憲  京,都,45,83,A1,追,3.92,86.12,2,12.6,差,１/４車輪,nan
5420230101010007,mukomachi,2023-01-01,7,○3 ◎1 △5 注4 ×2 ▲6,"2-1  1,410円(7)","2-1-5  6,680円(22)",2,小佐野 文秀  山,梨,46,83,A1,追,3.93,85.50,1,12.9,差,nan,nan
5420230101010007,mukomachi,2023-01-01,7,○3 ◎1 △5 注4 ×2 ▲6,"2-1  1,410円(7)","2-1-5  6,680円(22)",3,山崎 晃  石,川,37,95,A1,逃,3.85,84.66,6,13.9,nan,８車身,nan
5420230101010007,mukomachi,2023-01-01,7,○3 ◎1 △5 注4 ×2 ▲6,"2-1  1,410円(7)","2-1-5  6,680円(22)",4,中川 拓也  群,馬,36,94,A2,逃,3.92,83.12,5,13.2,nan,１/２車身,nan
5420230101010007,mukomachi,2023-01-01,7,○3 ◎1 △5 注4 ×2 ▲6,"2-1  1,410円(7)","2-1-5  6,680円(22)",5,薮 謙治  京,都,44,83,A2,追,3.92,81.58,3,12.6,nan,３/４車輪,nan
5420230101010007,mukomachi,2023-01-01,7,○3 ◎1 △5 注4 ×2 ▲6,"2-1  1,410円(7)","2-1-5  6,680円(22)",6,河合 康晴  静,岡,52,68,A2,追,3.85,70.42,4,12.9,nan,１車身,nan
5420230101010008,mukomachi,2023-01-01,8,◎1 ○2 ▲3 ×4 △5 注6,1-2  350円(1),1-2-3  590円(1),1,菅田 謙仁  宮,城,30,109,A2,逃,3.83,87.27,1,11.9,逃,nan,nan
5420230101010008,mukomachi,2023-01-01,8,◎1 ○2 ▲3 ×4 △5 注6,1-2  350円(1),1-2-3  590円(1),2,三澤 康人  宮,城,37,91,A1,追,3.92,86.44,2,11.8,ク,１/８車輪,nan
5420230101010008,mukomachi,2023-01-01,8,◎1 ○2 ▲3 ×4 △5 注6,1-2  350円(1),1-2-3  590円(1),3,橋本 紀彰  茨,城,42,90,A2,追,3.92,83.04,3,11.7,nan,３/４車輪,nan
5420230101010008,mukomachi,2023-01-01,8,◎1 ○2 ▲3 ×4 △5 注6,1-2  350円(1),1-2-3  590円(1),4,吉竹 尚城  静,岡,29,109,A1,逃,3.92,82.25,5,11.3,nan,３/４車輪,nan
5420230101010008,mukomachi,2023-01-01,8,◎1 ○2 ▲3 ×4 △5 注6,1-2  350円(1),1-2-3  590円(1),5,西川 弘資  三,重,54,66,A2,追,3.92,80.07,7,13.1,nan,大差,nan
5420230101010008,mukomachi,2023-01-01,8,◎1 ○2 ▲3 ×4 △5 注6,1-2  350円(1),1-2-3  590円(1),6,田村 風起  奈,良,27,107,A2,両,3.92,74.17,4,11.7,nan,２車身,nan
5420230101010008,mukomachi,2023-01-01,8,◎1 ○2 ▲3 ×4 △5 注6,1-2  350円(1),1-2-3  590円(1),7,黒川 渉  奈,良,35,103,A2,逃,3.92,74.00,6,11.9,nan,７車身,nan
5420230101010009,mukomachi,2023-01-01,9,△2 ×1 ▲5 注4 ◎6 ○7,2-1  640円(3),"2-1-7  3,830円(10)",1,伊原 弘幸  福,井,38,90,A1,追,3.93,96.41,2,11.8,ク,３/４車身,nan
5420230101010009,mukomachi,2023-01-01,9,△2 ×1 ▲5 注4 ◎6 ○7,2-1  640円(3),"2-1-7  3,830円(10)",2,石口 慶多  兵,庫,34,103,A1,逃,3.86,95.00,1,11.8,捲,nan,nan
5420230101010009,mukomachi,2023-01-01,9,△2 ×1 ▲5 注4 ◎6 ○7,2-1  640円(3),"2-1-7  3,830円(10)",3,星野 辰也  栃,木,36,95,A1,追,3.92,92.38,5,12.0,nan,１/２車輪,nan
5420230101010009,mukomachi,2023-01-01,9,△2 ×1 ▲5 注4 ◎6 ○7,2-1  640円(3),"2-1-7  3,830円(10)",4,小橋 秀幸  青,森,43,85,A1,追,3.93,92.33,6,11.9,nan,微差,nan
5420230101010009,mukomachi,2023-01-01,9,△2 ×1 ▲5 注4 ◎6 ○7,2-1  640円(3),"2-1-7  3,830円(10)",5,金子 浩貴  京,都,36,95,A1,追,3.92,90.60,4,11.8,nan,１車身,nan
5420230101010009,mukomachi,2023-01-01,9,△2 ×1 ▲5 注4 ◎6 ○7,2-1  640円(3),"2-1-7  3,830円(10)",6,秋本 耀太郎  栃,木,24,117,A1,逃,3.92,89.91,7,12.3,nan,３/４車輪,nan
5420230101010009,mukomachi,2023-01-01,9,△2 ×1 ▲5 注4 ◎6 ○7,2-1  640円(3),"2-1-7  3,830円(10)",7,小林 申太  茨,城,39,101,A1,両,3.92,87.96,3,12.0,nan,１車身,nan
5620221231020001,kishiwada,2022-12-31,1,×5 △1 注3 ◎4 ○2,4-5  650円(3),"4-5-2  1,490円(5)",1,太田 雅之  三,重,45,86,A2,追,3.93,80.90,4,12.2,nan,３/４車輪,先行の番手
5620221231020001,kishiwada,2022-12-31,1,×5 △1 注3 ◎4 ○2,4-5  650円(3),"4-5-2  1,490円(5)",2,山出 裕幸  福,井,39,90,A2,追,3.92,74.00,3,11.8,nan,１/２車輪,１着マーク
5620221231020001,kishiwada,2022-12-31,1,×5 △1 注3 ◎4 ○2,4-5  650円(3),"4-5-2  1,490円(5)",3,冨岡 健一  岐,阜,53,64,A2,追,3.92,80.33,5,12.2,nan,１/２車身,先制３番手
5620221231020001,kishiwada,2022-12-31,1,×5 △1 注3 ◎4 ○2,4-5  650円(3),"4-5-2  1,490円(5)",4,西谷 岳文  京,都,43,93,A1,両,3.92,86.03,1,11.8,捲,nan,脚溜め捲る
5620221231020001,kishiwada,2022-12-31,1,×5 △1 注3 ◎4 ○2,4-5  650円(3),"4-5-2  1,490円(5)",5,桜井 雄太  愛,知,31,100,A1,逃,3.92,83.00,2,12.3,逃,３/４車身,捲られ残る
5620221231020002,kishiwada,2022-12-31,2,×1 注2 ◎5 ○3 △4,"2-4  12,270円(19)","2-4-1  33,460円(44)",1,葉狩 伸泰  大,阪,48,78,A2,両,3.92,80.95,3,12.8,nan,３/４車身,ＨＳカマシ
5620221231020002,kishiwada,2022-12-31,2,×1 注2 ◎5 ○3 △4,"2-4  12,270円(19)","2-4-1  33,460円(44)",2,茅野 寛史,鹿児島,44,99,A2,両,3.92,79.92,1,12.5,差,nan,先手乗伸び
5620221231020002,kishiwada,2022-12-31,2,×1 注2 ◎5 ○3 △4,"2-4  12,270円(19)","2-4-1  33,460円(44)",3,大井 啓世  奈,良,57,58,A2,追,3.86,77.66,落,nan,nan,nan,体勢崩し落
5620221231020002,kishiwada,2022-12-31,2,×1 注2 ◎5 ○3 △4,"2-4  12,270円(19)","2-4-1  33,460円(44)",4,山本 宏明  徳,島,44,83,A2,追,3.92,82.05,2,12.2,差,３/４車身,前掬い伸び
5620221231020002,kishiwada,2022-12-31,2,×1 注2 ◎5 ○3 △4,"2-4  12,270円(19)","2-4-1  33,460円(44)",5,小浦 凪  岐,阜,23,117,A2,逃,3.92,88.00,4,12.6,nan,３/４車身,引いて不発
5620221231020003,kishiwada,2022-12-31,3,◎2 ○7 ▲4 注1 ×6 △5,7-2  500円(2),"7-2-3  1,690円(5)",1,白川 有司  福,岡,48,76,A2,追,3.93,83.95,6,12.3,nan,２車身,目標叩かれ
5620221231020003,kishiwada,2022-12-31,3,◎2 ○7 ▲4 注1 ×6 △5,7-2  500円(2),"7-2-3  1,690円(5)",2,松岡 晋乃介  岐,阜,26,109,A1,逃,3.92,92.71,2,11.8,捲,１/２車輪,捲りを捲る
5620221231020003,kishiwada,2022-12-31,3,◎2 ○7 ▲4 注1 ×6 △5,7-2  500円(2),"7-2-3  1,690円(5)",3,國武 耕二  佐,賀,53,66,A1,追,3.92,86.35,3,12.2,nan,６車身,外回し伸び
5620221231020003,kishiwada,2022-12-31,3,◎2 ○7 ▲4 注1 ×6 △5,7-2  500円(2),"7-2-3  1,690円(5)",4,原井 剣也  福,岡,28,119,A2,逃,3.92,82.33,7,12.5,nan,３/４車身,先行捲られ
5620221231020003,kishiwada,2022-12-31,3,◎2 ○7 ▲4 注1 ×6 △5,7-2  500円(2),"7-2-3  1,690円(5)",5,緒方 慎太朗  熊,本,23,115,A2,逃,3.92,87.86,5,12.4,nan,１/２車輪,捲るも末欠
5620221231020003,kishiwada,2022-12-31,3,◎2 ○7 ▲4 注1 ×6 △5,7-2  500円(2),"7-2-3  1,690円(5)",6,隅 直幸  山,口,44,84,A2,追,3.92,82.33,4,12.2,nan,１車身,単純前追い
5620221231020003,kishiwada,2022-12-31,3,◎2 ○7 ▲4 注1 ×6 △5,7-2  500円(2),"7-2-3  1,690円(5)",7,坂上 樹大  石,川,44,80,A1,追,3.92,90.91,1,11.6,差,nan,好追し差す
5620221231020004,kishiwada,2022-12-31,4,○4 ×1 ◎6 △2 ▲5 注3,2-4  690円(3),"2-4-7  6,260円(22)",1,櫻井 太士  岡,山,38,94,A1,追,3.93,96.40,5,11.8,nan,１/４車輪,前を追えず
5620221231020004,kishiwada,2022-12-31,4,○4 ×1 ◎6 △2 ▲5 注3,2-4  690円(3),"2-4-7  6,260円(22)",2,常次 勇人  大,阪,21,121,A2,逃,3.85,89.53,1,11.9,逃,nan,突張ペース
5620221231020004,kishiwada,2022-12-31,4,○4 ×1 ◎6 △2 ▲5 注3,2-4  690円(3),"2-4-7  6,260円(22)",3,東 鉄也  三,重,41,88,A2,両,3.92,85.88,7,12.0,nan,１車輪,キメられて
5620221231020004,kishiwada,2022-12-31,4,○4 ×1 ◎6 △2 ▲5 注3,2-4  690円(3),"2-4-7  6,260円(22)",4,今野 有樹  愛,媛,25,115,A1,逃,3.92,93.16,2,11.9,ク,３/４車身,番手追上げ
5620221231020004,kishiwada,2022-12-31,4,○4 ×1 ◎6 △2 ▲5 注3,2-4  690円(3),"2-4-7  6,260円(22)",5,藤野 一良  大,阪,46,77,A2,両,3.92,85.81,4,12.0,nan,１車輪,絡まれ失速
5620221231020004,kishiwada,2022-12-31,4,○4 ×1 ◎6 △2 ▲5 注3,2-4  690円(3),"2-4-7  6,260円(22)",6,細川 貴史  広,島,42,87,A2,追,3.92,82.05,6,11.8,nan,２車身,前が追えず
5620221231020004,kishiwada,2022-12-31,4,○4 ×1 ◎6 △2 ▲5 注3,2-4  690円(3),"2-4-7  6,260円(22)",7,村上 卓茂  愛,知,44,84,A1,追,3.92,88.29,3,11.9,nan,１車身１/２,前失敗切替
5620221231020005,kishiwada,2022-12-31,5,◎5 ○1 ▲4 注2 ×7 △3,7-3  290円(1),"7-3-1  1,020円(1)",1,四宮 哲郎  京,都,49,71,A1,追,3.92,88.66,3,12.6,nan,１車身,前失敗立直
5620221231020005,kishiwada,2022-12-31,5,◎5 ○1 ▲4 注2 ×7 △3,7-3  290円(1),"7-3-1  1,020円(1)",2,谷口 力也  熊,本,25,119,A2,逃,3.92,82.94,6,13.3,nan,２車身,正攻法突張
5620221231020005,kishiwada,2022-12-31,5,◎5 ○1 ▲4 注2 ×7 △3,7-3  290円(1),"7-3-1  1,020円(1)",3,前反 祐一郎  広,島,49,81,A1,追,3.92,91.14,2,12.6,ク,３/４車身,前に続いて
5620221231020005,kishiwada,2022-12-31,5,◎5 ○1 ▲4 注2 ×7 △3,7-3  290円(1),"7-3-1  1,020円(1)",4,川木 敬大  兵,庫,44,84,A2,追,3.92,82.56,5,12.7,nan,３/４車身,切替内降り
5620221231020005,kishiwada,2022-12-31,5,◎5 ○1 ▲4 注2 ×7 △3,7-3  290円(1),"7-3-1  1,020円(1)",5,丹波 孝佑  大,阪,34,98,A1,逃,3.92,89.61,7,13.7,nan,６車身,突っ張られ
5620221231020005,kishiwada,2022-12-31,5,◎5 ○1 ▲4 注2 ×7 △3,7-3  290円(1),"7-3-1  1,020円(1)",6,赤松 誠一  高,知,55,61,A2,追,3.93,80.56,4,12.4,nan,１/２車身,単騎で苦戦
5620221231020005,kishiwada,2022-12-31,5,◎5 ○1 ▲4 注2 ×7 △3,7-3  290円(1),"7-3-1  1,020円(1)",7,山本 奨  岡,山,34,94,A1,両,3.92,92.14,1,12.6,差,nan,番手で一気
5620221231020006,kishiwada,2022-12-31,6,△6 ×3 注2 ▲1 ◎5 ○4,"4-6  3,480円(10)","4-6-1  19,050円(51)",1,室井 竜二  徳,島,52,65,S2,追,3.92,95.28,3,11.6,nan,１車身１/２,直線伸びて
5620221231020006,kishiwada,2022-12-31,6,△6 ×3 注2 ▲1 ◎5 ○4,"4-6  3,480円(10)","4-6-1  19,050円(51)",2,布居 寛幸,和歌山,48,72,S2,追,3.93,94.75,4,12.1,nan,２車身,内締め伸欠
5620221231020006,kishiwada,2022-12-31,6,△6 ×3 注2 ▲1 ◎5 ○4,"4-6  3,480円(10)","4-6-1  19,050円(51)",3,山田 裕哉  岐,阜,36,98,S2,両,3.92,100.83,失,nan,nan,nan,押上げ失格
5620221231020006,kishiwada,2022-12-31,6,△6 ×3 注2 ▲1 ◎5 ○4,"4-6  3,480円(10)","4-6-1  19,050円(51)",4,阪本 和也  長,崎,27,115,S2,両,3.93,101.28,1,11.6,差,nan,立直し強襲
5620221231020006,kishiwada,2022-12-31,6,△6 ×3 注2 ▲1 ◎5 ○4,"4-6  3,480円(10)","4-6-1  19,050円(51)",5,松岡 孔明  熊,本,40,91,S2,両,3.92,99.33,5,13.7,nan,大差,絡まれ後退
5620221231020006,kishiwada,2022-12-31,6,△6 ×3 注2 ▲1 ◎5 ○4,"4-6  3,480円(10)","4-6-1  19,050円(51)",6,猪俣 康一  愛,知,46,99,S2,両,3.93,88.30,2,12.1,逃,１車身１/２,援護受残る
5620221231020007,kishiwada,2022-12-31,7,注5 ×1 ▲6 ◎3 ○4 △2,4-3  400円(2),"4-3-5  3,140円(7)",1,吉永 好宏  広,島,47,80,S2,追,3.92,100.90,6,11.4,nan,２車身,前遅仕掛け
5620221231020007,kishiwada,2022-12-31,7,注5 ×1 ▲6 ◎3 ○4 △2,4-3  400円(2),"4-3-5  3,140円(7)",2,島野 浩司  愛,知,53,62,S2,追,3.92,99.68,4,11.6,nan,１車輪,先制３番手
5620221231020007,kishiwada,2022-12-31,7,注5 ×1 ▲6 ◎3 ○4 △2,4-3  400円(2),"4-3-5  3,140円(7)",3,貴志 修己,和歌山,26,117,S2,逃,3.92,99.20,2,11.8,逃,１/２車輪,正攻法突張
5620221231020007,kishiwada,2022-12-31,7,注5 ×1 ▲6 ◎3 ○4 △2,4-3  400円(2),"4-3-5  3,140円(7)",4,伊代野 貴照  奈,良,42,101,S2,追,3.92,100.46,1,11.6,差,nan,車間詰差す
5620221231020007,kishiwada,2022-12-31,7,注5 ×1 ▲6 ◎3 ○4 △2,4-3  400円(2),"4-3-5  3,140円(7)",5,薦田 将伍  愛,媛,24,113,S2,逃,3.92,98.50,3,11.2,nan,１/２車輪,後方突込む
5620221231020007,kishiwada,2022-12-31,7,注5 ×1 ▲6 ◎3 ○4 △2,4-3  400円(2),"4-3-5  3,140円(7)",6,舛井 幹雄  三,重,50,71,S2,追,3.92,89.03,5,11.5,nan,３/４車輪,単騎切替策
5620221231020008,kishiwada,2022-12-31,8,△5 ▲1 ◎2 ○7 注6 ×3,"2-4  2,690円(10)","2-4-3  10,120円(37)",1,藤田 勝也,和歌山,34,94,S2,両,3.93,103.81,6,11.1,nan,３/４車輪,目標が後手
5620221231020008,kishiwada,2022-12-31,8,△5 ▲1 ◎2 ○7 注6 ×3,"2-4  2,690円(10)","2-4-3  10,120円(37)",2,小堺 浩二  石,川,40,91,S2,両,3.92,101.21,1,11.4,差,nan,追付き一気
5620221231020008,kishiwada,2022-12-31,8,△5 ▲1 ◎2 ○7 注6 ×3,"2-4  2,690円(10)","2-4-3  10,120円(37)",3,津村 洸次郎  福,岡,31,101,S2,両,3.93,99.73,3,11.9,nan,１/２車身,ＨＳカマシ
5620221231020008,kishiwada,2022-12-31,8,△5 ▲1 ◎2 ○7 注6 ×3,"2-4  2,690円(10)","2-4-3  10,120円(37)",4,森山 智徳  熊,本,39,98,S2,両,3.92,96.76,2,11.7,差,１/４車輪,絶好で差す
5620221231020008,kishiwada,2022-12-31,8,△5 ▲1 ◎2 ○7 注6 ×3,"2-4  2,690円(10)","2-4-3  10,120円(37)",5,中川 勝貴  福,井,27,109,S2,追,3.92,106.28,7,11.3,nan,１/２車身,後手捲れず
5620221231020008,kishiwada,2022-12-31,8,△5 ▲1 ◎2 ○7 注6 ×3,"2-4  2,690円(10)","2-4-3  10,120円(37)",6,松山 桂輔  愛,知,39,88,S2,追,3.92,96.76,5,11.2,nan,３/４車輪,前と一緒で
5620221231020008,kishiwada,2022-12-31,8,△5 ▲1 ◎2 ○7 注6 ×3,"2-4  2,690円(10)","2-4-3  10,120円(37)",7,柴崎 俊光  三,重,38,91,S2,追,3.92,101.27,4,11.3,nan,１/４車輪,前だけ届く
5620221231020009,kishiwada,2022-12-31,9,×2 注5 △6 ▲1 ○4 ◎7,2-5  630円(2),"2-5-1  2,480円(4)",1,川口 公太朗  岐,阜,32,98,S1,両,3.92,102.28,3,11.5,nan,１/２車身,外回し伸び
5620221231020009,kishiwada,2022-12-31,9,×2 注5 △6 ▲1 ○4 ◎7,2-5  630円(2),"2-5-1  2,480円(4)",2,金ヶ江 勇気  佐,賀,26,111,S2,逃,3.92,102.18,1,11.7,逃,nan,押さえ先行
5620221231020009,kishiwada,2022-12-31,9,×2 注5 △6 ▲1 ○4 ◎7,2-5  630円(2),"2-5-1  2,480円(4)",3,田尾 駿介  高,知,30,111,S2,追,3.92,104.37,5,11.7,nan,１/４車輪,目標捲れず
5620221231020009,kishiwada,2022-12-31,9,×2 注5 △6 ▲1 ○4 ◎7,2-5  630円(2),"2-5-1  2,480円(4)",4,北野 武史  石,川,50,78,S2,追,3.93,101.71,4,11.4,nan,３/４車輪,前遅仕掛け
5620221231020009,kishiwada,2022-12-31,9,×2 注5 △6 ▲1 ○4 ◎7,2-5  630円(2),"2-5-1  2,480円(4)",5,山口 貴弘  佐,賀,38,92,S2,追,3.92,101.76,2,11.6,ク,１/２車輪,番手で巧追
5620221231020009,kishiwada,2022-12-31,9,×2 注5 △6 ▲1 ○4 ◎7,2-5  630円(2),"2-5-1  2,480円(4)",6,池田 浩士  佐,賀,44,86,S2,追,3.92,96.25,6,11.6,nan,３/４車輪,先制３番手
5620221231020009,kishiwada,2022-12-31,9,×2 注5 △6 ▲1 ○4 ◎7,2-5  630円(2),"2-5-1  2,480円(4)",7,岡崎 景介  広,島,40,87,S2,逃,3.93,101.20,7,11.9,nan,１車身,捲り併され
5620221231020010,kishiwada,2022-12-31,10,注6 ○1 ◎5 △2 ▲7 ×3,"5-6  4,640円(16)","5-6-2  13,430円(34)",1,田中 誠  福,岡,39,89,S1,追,3.92,104.83,6,11.6,nan,５車身,前に千切れ
5620221231020010,kishiwada,2022-12-31,10,注6 ○1 ◎5 △2 ▲7 ×3,"5-6  4,640円(16)","5-6-2  13,430円(34)",2,隅田 洋介  岡,山,35,107,S1,逃,3.92,112.57,3,11.0,nan,３/４車身,捲りマーク
5620221231020010,kishiwada,2022-12-31,10,注6 ○1 ◎5 △2 ▲7 ×3,"5-6  4,640円(16)","5-6-2  13,430円(34)",3,上野 雅彦  香,川,21,119,S2,逃,3.92,103.00,5,11.5,nan,３/４車身,叩かれ追う
5620221231020010,kishiwada,2022-12-31,10,注6 ○1 ◎5 △2 ▲7 ×3,"5-6  4,640円(16)","5-6-2  13,430円(34)",4,高原 仁志  徳,島,42,85,S1,追,3.92,108.00,7,11.8,nan,３/４車身,絡まれ離れ
5620221231020010,kishiwada,2022-12-31,10,注6 ○1 ◎5 △2 ▲7 ×3,"5-6  4,640円(16)","5-6-2  13,430円(34)",5,取鳥 雄吾  岡,山,27,107,S1,逃,3.92,108.41,1,11.0,捲,nan,後手も届く
5620221231020010,kishiwada,2022-12-31,10,注6 ○1 ◎5 △2 ▲7 ×3,"5-6  4,640円(16)","5-6-2  13,430円(34)",6,南 潤,和歌山,25,111,S2,逃,3.92,100.75,2,11.7,逃,１/４車輪,ＨＳカマシ
5620221231020010,kishiwada,2022-12-31,10,注6 ○1 ◎5 △2 ▲7 ×3,"5-6  4,640円(16)","5-6-2  13,430円(34)",7,久保田 泰弘  山,口,27,111,S2,両,3.92,101.92,4,10.9,nan,１車身,捲り３番手
5620221231020011,kishiwada,2022-12-31,11,◎4 ○3 注6 △1 ×7 ▲5,3-4  430円(2),"3-4-6  1,140円(2)",1,河端 朋之  岡,山,37,95,S2,逃,3.93,103.30,5,11.3,nan,３/４車輪,構え過ぎて
5620221231020011,kishiwada,2022-12-31,11,◎4 ○3 注6 △1 ×7 ▲5,3-4  430円(2),"3-4-6  1,140円(2)",2,松村 友和  大,阪,42,88,S2,追,3.92,101.61,6,11.8,nan,１車身,目標捲られ
5620221231020011,kishiwada,2022-12-31,11,◎4 ○3 注6 △1 ×7 ▲5,3-4  430円(2),"3-4-6  1,140円(2)",3,園田 匠  福,岡,41,87,S1,追,3.92,111.12,1,11.4,差,nan,捲りを差す
5620221231020011,kishiwada,2022-12-31,11,◎4 ○3 注6 △1 ×7 ▲5,3-4  430円(2),"3-4-6  1,140円(2)",4,嘉永 泰斗  熊,本,24,113,S1,逃,3.92,109.86,2,11.6,捲,１/４車輪,３番手捲る
5620221231020011,kishiwada,2022-12-31,11,◎4 ○3 注6 △1 ×7 ▲5,3-4  430円(2),"3-4-6  1,140円(2)",5,中西 大,和歌山,32,107,S1,逃,3.93,105.91,7,12.0,nan,３/４車身,先行捲られ
5620221231020011,kishiwada,2022-12-31,11,◎4 ○3 注6 △1 ×7 ▲5,3-4  430円(2),"3-4-6  1,140円(2)",6,嶋田 誠也  福,岡,30,109,S2,両,3.79,100.65,3,11.5,nan,１車身１/２,捲り３番手
5620221231020011,kishiwada,2022-12-31,11,◎4 ○3 注6 △1 ×7 ▲5,3-4  430円(2),"3-4-6  1,140円(2)",7,池田 良  広,島,36,91,S1,追,3.92,107.62,4,11.1,nan,１/４車輪,目標が不発
5620221231020012,kishiwada,2022-12-31,12,○1 ◎5 ▲6 注2 △7 ×3,5-1  250円(1),5-1-4  660円(1),1,稲毛 健太,和歌山,33,97,S1,逃,3.92,107.92,2,11.5,捲,１/４車輪,牽制堪捲る
5620221231020012,kishiwada,2022-12-31,12,○1 ◎5 ▲6 注2 △7 ×3,5-1  250円(1),5-1-4  660円(1),2,柳詰 正宏  福,岡,35,97,S1,追,3.93,105.68,5,11.2,nan,３/４車身,目標が後手
5620221231020012,kishiwada,2022-12-31,12,○1 ◎5 ▲6 注2 △7 ×3,5-1  250円(1),5-1-4  660円(1),3,三宅 達也  岡,山,45,79,S2,追,3.92,106.69,4,11.5,nan,１/４車輪,牽制及ばず
5620221231020012,kishiwada,2022-12-31,12,○1 ◎5 ▲6 注2 △7 ×3,5-1  250円(1),5-1-4  660円(1),4,吉田 敏洋  愛,知,43,85,S1,両,3.92,105.11,3,11.4,nan,３/４車身,捲りに切替
5620221231020012,kishiwada,2022-12-31,12,○1 ◎5 ▲6 注2 △7 ×3,5-1  250円(1),5-1-4  660円(1),5,稲川 翔  大,阪,37,90,S1,両,3.92,113.83,1,11.4,差,nan,好追し差す
5620221231020012,kishiwada,2022-12-31,12,○1 ◎5 ▲6 注2 △7 ×3,5-1  250円(1),5-1-4  660円(1),6,青柳 靖起  佐,賀,22,117,S2,逃,3.92,102.92,6,11.3,nan,１/８車輪,中途半端で
5620221231020012,kishiwada,2022-12-31,12,○1 ◎5 ▲6 注2 △7 ×3,5-1  250円(1),5-1-4  660円(1),7,門田 凌  愛,媛,28,111,S2,両,3.92,103.37,7,11.8,nan,１車身,先行捲られ
6120230101010001,tamano,2023-01-01,1,△4 ▲6 ◎1 ○2 ×3 注5,1-3  410円(2),1-3-2  740円(3),1,太田 美穂  三,重,26,112,L1,両,3.77,54.04,1,13.3,逃,nan,nan
6120230101010001,tamano,2023-01-01,1,△4 ▲6 ◎1 ○2 ×3 注5,1-3  410円(2),1-3-2  740円(3),2,比嘉 真梨代  沖,縄,34,114,L1,両,3.77,51.36,3,13.2,nan,３/４車身,nan
6120230101010001,tamano,2023-01-01,1,△4 ▲6 ◎1 ○2 ×3 注5,1-3  410円(2),1-3-2  740円(3),3,田口 梓乃  山,口,30,102,L1,両,3.79,50.83,2,13.3,ク,１/２車身,nan
6120230101010001,tamano,2023-01-01,1,△4 ▲6 ◎1 ○2 ×3 注5,1-3  410円(2),1-3-2  740円(3),4,安東 莉奈  大,分,21,122,L1,両,3.77,50.00,7,13.6,nan,４車身,nan
6120230101010001,tamano,2023-01-01,1,△4 ▲6 ◎1 ○2 ×3 注5,1-3  410円(2),1-3-2  740円(3),5,橋本 佳耶  熊,本,26,114,L1,両,3.77,48.40,4,13.1,nan,３/４車輪,nan
6120230101010001,tamano,2023-01-01,1,△4 ▲6 ◎1 ○2 ×3 注5,1-3  410円(2),1-3-2  740円(3),6,佐々木 恵理  愛,知,33,110,L1,両,3.77,46.93,5,13.0,nan,３/４車輪,nan
6120230101010001,tamano,2023-01-01,1,△4 ▲6 ◎1 ○2 ×3 注5,1-3  410円(2),1-3-2  740円(3),7,森内 愛香  大,阪,23,118,L1,両,3.77,46.09,6,13.3,nan,２車身,nan
6120230101010002,tamano,2023-01-01,2,注5 ▲6 ◎1 ○2 ×3 △4,1-2  190円(1),1-2-3  360円(1),1,下条 未悠  富,山,22,118,L1,両,3.77,53.62,1,13.7,逃,nan,nan
6120230101010002,tamano,2023-01-01,2,注5 ▲6 ◎1 ○2 ×3 △4,1-2  190円(1),1-2-3  360円(1),2,南 円佳,鹿児島,23,116,L1,両,3.77,52.60,2,13.5,差,１/２車輪,nan
6120230101010002,tamano,2023-01-01,2,注5 ▲6 ◎1 ○2 ×3 △4,1-2  190円(1),1-2-3  360円(1),3,黒河内 由実  長,野,27,110,L1,両,3.79,50.43,3,13.7,nan,３/４車身,nan
6120230101010002,tamano,2023-01-01,2,注5 ▲6 ◎1 ○2 ×3 △4,1-2  190円(1),1-2-3  360円(1),4,三宅 玲奈  岡,山,27,108,L1,両,3.79,48.60,4,13.3,nan,１/８車輪,nan
6120230101010002,tamano,2023-01-01,2,注5 ▲6 ◎1 ○2 ×3 △4,1-2  190円(1),1-2-3  360円(1),5,佐藤 亜貴子,神奈川,40,108,L1,両,3.79,47.17,6,13.8,nan,１/２車身,nan
6120230101010002,tamano,2023-01-01,2,注5 ▲6 ◎1 ○2 ×3 △4,1-2  190円(1),1-2-3  360円(1),6,浜地 晴帆  三,重,21,122,L1,両,3.71,46.16,7,13.8,nan,３車身,nan
6120230101010002,tamano,2023-01-01,2,注5 ▲6 ◎1 ○2 ×3 △4,1-2  190円(1),1-2-3  360円(1),7,門脇 真由美  大,阪,50,102,L1,両,3.64,45.50,5,13.5,nan,１/２車身,nan
6120230101010003,tamano,2023-01-01,3,○5 ◎1 ×4 注3 △2 ▲6,1-5  300円(1),1-5-4  480円(1),1,柴田 竜史  静,岡,34,96,A1,追,3.92,88.46,1,12.1,差,nan,nan
6120230101010003,tamano,2023-01-01,3,○5 ◎1 ×4 注3 △2 ▲6,1-5  300円(1),1-5-4  480円(1),2,武田 良太  愛,媛,41,88,A2,追,3.92,86.90,4,11.8,nan,３/４車輪,nan
6120230101010003,tamano,2023-01-01,3,○5 ◎1 ×4 注3 △2 ▲6,1-5  300円(1),1-5-4  480円(1),3,板崎 佑矢  愛,媛,34,101,A1,逃,3.93,84.96,5,12.0,nan,１/２車身,nan
6120230101010003,tamano,2023-01-01,3,○5 ◎1 ×4 注3 △2 ▲6,1-5  300円(1),1-5-4  480円(1),4,川村 昭弘  新,潟,48,81,A1,追,3.92,84.71,3,12.1,nan,１車輪,nan
6120230101010003,tamano,2023-01-01,3,○5 ◎1 ×4 注3 △2 ▲6,1-5  300円(1),1-5-4  480円(1),5,大関 祐也  千,葉,28,107,A1,逃,3.93,83.94,2,12.3,逃,１車輪,nan
6120230101010003,tamano,2023-01-01,3,○5 ◎1 ×4 注3 △2 ▲6,1-5  300円(1),1-5-4  480円(1),6,中村 秀幸  高,知,55,60,A2,追,3.93,67.81,6,11.9,nan,２車身,nan
6120230101010004,tamano,2023-01-01,4,○4 ◎1 注6 ▲5 ×2 △3,"4-1  1,190円(5)","4-1-3  9,990円(28)",1,高木 竜司  熊,本,46,82,A1,追,3.92,88.66,2,11.8,ク,１/２車輪,nan
6120230101010004,tamano,2023-01-01,4,○4 ◎1 注6 ▲5 ×2 △3,"4-1  1,190円(5)","4-1-3  9,990円(28)",2,原岡 泰志郎  千,葉,33,100,A1,両,3.92,86.50,5,12.5,nan,２車身,nan
6120230101010004,tamano,2023-01-01,4,○4 ◎1 注6 ▲5 ×2 △3,"4-1  1,190円(5)","4-1-3  9,990円(28)",3,田口 裕一  千,葉,32,100,A2,追,3.92,83.16,3,12.1,nan,３車身,nan
6120230101010004,tamano,2023-01-01,4,○4 ◎1 注6 ▲5 ×2 △3,"4-1  1,190円(5)","4-1-3  9,990円(28)",4,下沖 功児  宮,崎,39,95,A2,両,3.93,81.64,1,12.0,捲,nan,nan
6120230101010004,tamano,2023-01-01,4,○4 ◎1 注6 ▲5 ×2 △3,"4-1  1,190円(5)","4-1-3  9,990円(28)",5,櫻井 利之,神奈川,35,101,A2,両,3.92,72.66,6,14.0,nan,大差,nan
6120230101010004,tamano,2023-01-01,4,○4 ◎1 注6 ▲5 ×2 △3,"4-1  1,190円(5)","4-1-3  9,990円(28)",6,鳥丸 晃順  岡,山,42,89,A2,追,3.92,71.84,4,12.1,nan,１車輪,nan
6120230101010005,tamano,2023-01-01,5,注5 ×2 ◎1 △4 ▲6 ○3,"1-5  1,580円(7)","1-5-3  7,840円(28)",1,是永 幸寛  福,岡,36,94,A2,追,3.92,85.75,1,12.4,捲,nan,nan
6120230101010005,tamano,2023-01-01,5,注5 ×2 ◎1 △4 ▲6 ○3,"1-5  1,580円(7)","1-5-3  7,840円(28)",2,薮田 貴幸  茨,城,35,94,A2,追,3.92,85.29,5,12.5,nan,１車身,nan
6120230101010005,tamano,2023-01-01,5,注5 ×2 ◎1 △4 ▲6 ○3,"1-5  1,580円(7)","1-5-3  7,840円(28)",3,山口 慎吾,北海道,39,93,A2,追,3.92,83.61,3,12.5,nan,１車身,nan
6120230101010005,tamano,2023-01-01,5,注5 ×2 ◎1 △4 ▲6 ○3,"1-5  1,580円(7)","1-5-3  7,840円(28)",4,南部 亮太  長,崎,38,93,A2,両,3.92,80.83,4,12.4,nan,１車輪,nan
6120230101010005,tamano,2023-01-01,5,注5 ×2 ◎1 △4 ▲6 ○3,"1-5  1,580円(7)","1-5-3  7,840円(28)",5,山崎 寛巳  新,潟,39,93,A1,逃,3.92,80.38,2,12.4,捲,３/４車身,nan
6120230101010005,tamano,2023-01-01,5,注5 ×2 ◎1 △4 ▲6 ○3,"1-5  1,580円(7)","1-5-3  7,840円(28)",6,門馬 琢麿,北海道,38,105,A2,逃,3.86,79.78,6,14.5,nan,大差,nan
6120230101010006,tamano,2023-01-01,6,○2 ◎1 △4 ▲5 ×6 注3,"6-1  1,280円(4)","6-1-4  6,030円(17)",1,須賀 和彦  茨,城,37,89,A1,追,3.85,88.75,2,12.2,差,１/２車輪,nan
6120230101010006,tamano,2023-01-01,6,○2 ◎1 △4 ▲5 ×6 注3,"6-1  1,280円(4)","6-1-4  6,030円(17)",2,新井 僚太郎  山,梨,30,100,A2,両,3.85,85.34,4,12.4,nan,１/２車輪,nan
6120230101010006,tamano,2023-01-01,6,○2 ◎1 △4 ▲5 ×6 注3,"6-1  1,280円(4)","6-1-4  6,030円(17)",3,時松 正  熊,本,51,67,A2,追,3.92,81.33,5,12.0,nan,１/２車身,nan
6120230101010006,tamano,2023-01-01,6,○2 ◎1 △4 ▲5 ×6 注3,"6-1  1,280円(4)","6-1-4  6,030円(17)",4,岡崎 徹,神奈川,50,70,A2,追,3.92,81.21,3,12.2,nan,３/４車身,nan
6120230101010006,tamano,2023-01-01,6,○2 ◎1 △4 ▲5 ×6 注3,"6-1  1,280円(4)","6-1-4  6,030円(17)",5,藤原 義晴  岩,手,41,88,A2,追,3.92,77.59,6,12.1,nan,２車身,nan
6120230101010006,tamano,2023-01-01,6,○2 ◎1 △4 ▲5 ×6 注3,"6-1  1,280円(4)","6-1-4  6,030円(17)",6,大竹野 裕樹,鹿児島,40,88,A2,両,3.92,73.77,1,11.9,差,nan,nan
6120230101010007,tamano,2023-01-01,7,◎1 ○2 注4 ▲6 ×3 △5,1-2  170円(1),1-2-4  240円(1),1,佐々木 吉徳  秋,田,35,100,A1,逃,3.92,86.40,1,12.2,逃,nan,nan
6120230101010007,tamano,2023-01-01,7,◎1 ○2 注4 ▲6 ×3 △5,1-2  170円(1),1-2-4  240円(1),2,外崎 一成,北海道,35,94,A1,追,3.93,84.03,2,12.1,ク,３/４車身,nan
6120230101010007,tamano,2023-01-01,7,◎1 ○2 注4 ▲6 ×3 △5,1-2  170円(1),1-2-4  240円(1),3,小竹 洋平  福,岡,33,97,A1,両,3.92,83.93,6,12.4,nan,３/４車身,nan
6120230101010007,tamano,2023-01-01,7,◎1 ○2 注4 ▲6 ×3 △5,1-2  170円(1),1-2-4  240円(1),4,佐藤 政利  新,潟,40,91,A1,追,3.92,83.50,3,12.1,nan,１車輪,nan
6120230101010007,tamano,2023-01-01,7,◎1 ○2 注4 ▲6 ×3 △5,1-2  170円(1),1-2-4  240円(1),5,仲松 勝太  沖,縄,44,96,A1,追,3.92,83.16,5,12.2,nan,１車身１/２,nan
6120230101010007,tamano,2023-01-01,7,◎1 ○2 注4 ▲6 ×3 △5,1-2  170円(1),1-2-4  240円(1),6,幸田 光博  栃,木,51,67,A2,追,3.85,81.16,4,12.1,nan,１/２車身,nan
6120230101010008,tamano,2023-01-01,8,◎1 ○2 △3 注5 ×4 ▲6,1-2  130円(1),1-2-3  160円(1),1,真鍋 智寛  愛,媛,24,121,A2,逃,3.92,94.53,1,12.8,逃,nan,nan
6120230101010008,tamano,2023-01-01,8,◎1 ○2 △3 注5 ×4 ▲6,1-2  130円(1),1-2-3  160円(1),2,高橋 清太郎  岡,山,37,97,A1,追,3.92,87.22,2,12.7,ク,３/４車輪,nan
6120230101010008,tamano,2023-01-01,8,◎1 ○2 △3 注5 ×4 ▲6,1-2  130円(1),1-2-3  160円(1),3,國廣 哲治  埼,玉,47,84,A1,追,3.92,83.06,3,12.6,nan,１車輪,nan
6120230101010008,tamano,2023-01-01,8,◎1 ○2 △3 注5 ×4 ▲6,1-2  130円(1),1-2-3  160円(1),4,小谷田 公則  福,島,41,88,A2,追,3.86,81.53,5,12.7,nan,３/４車身,nan
6120230101010008,tamano,2023-01-01,8,◎1 ○2 △3 注5 ×4 ▲6,1-2  130円(1),1-2-3  160円(1),5,中込 健太  秋,田,27,119,A2,逃,3.92,80.79,6,14.9,nan,大差,nan
6120230101010008,tamano,2023-01-01,8,◎1 ○2 △3 注5 ×4 ▲6,1-2  130円(1),1-2-3  160円(1),6,阿部 英光  宮,城,40,89,A2,追,3.92,80.25,4,12.5,nan,２車身,nan
6120230101010009,tamano,2023-01-01,9,注6 △2 ◎4 ×1 ○5 ▲3,1-3  370円(1),"1-3-6  2,630円(6)",1,坂本 修一  岡,山,35,99,A1,両,3.92,102.76,1,11.9,差,nan,nan
6120230101010009,tamano,2023-01-01,9,注6 △2 ◎4 ×1 ○5 ▲3,1-3  370円(1),"1-3-6  2,630円(6)",2,山田 幸司,神奈川,51,78,A1,追,3.85,96.95,5,12.1,nan,１/２車輪,nan
6120230101010009,tamano,2023-01-01,9,注6 △2 ◎4 ×1 ○5 ▲3,1-3  370円(1),"1-3-6  2,630円(6)",3,山崎 将幸  宮,城,35,92,A1,追,3.92,95.60,2,12.4,差,１車輪,nan
6120230101010009,tamano,2023-01-01,9,注6 △2 ◎4 ×1 ○5 ▲3,1-3  370円(1),"1-3-6  2,630円(6)",4,三住 博昭,神奈川,54,61,A1,追,3.92,95.17,6,12.0,nan,１車身,nan
6120230101010009,tamano,2023-01-01,9,注6 △2 ◎4 ×1 ○5 ▲3,1-3  370円(1),"1-3-6  2,630円(6)",5,鈴木 涼介  福,島,25,115,A1,逃,3.92,92.63,7,12.7,nan,３/４車輪,nan
6120230101010009,tamano,2023-01-01,9,注6 △2 ◎4 ×1 ○5 ▲3,1-3  370円(1),"1-3-6  2,630円(6)",6,上川 直紀  栃,木,26,117,A1,逃,3.92,91.50,3,12.2,nan,３/４車身,nan
6120230101010009,tamano,2023-01-01,9,注6 △2 ◎4 ×1 ○5 ▲3,1-3  370円(1),"1-3-6  2,630円(6)",7,小橋 明紀  青,森,49,73,A1,追,3.83,90.62,4,12.3,nan,１/８車輪,nan
6220221230030001,hiroshima,2022-12-30,1,△1 ×7 ▲5 ◎3 ○6 注4,6-3  730円(2),"6-3-4  1,370円(2)",1,矢田 晋  福,岡,44,94,A2,両,3.93,80.70,6,14.9,nan,大差,nan
6220221230030001,hiroshima,2022-12-30,1,△1 ×7 ▲5 ◎3 ○6 注4,6-3  730円(2),"6-3-4  1,370円(2)",2,岡田 雅也  高,知,43,88,A2,追,3.92,82.86,5,12.5,nan,６車身,nan
6220221230030001,hiroshima,2022-12-30,1,△1 ×7 ▲5 ◎3 ○6 注4,6-3  730円(2),"6-3-4  1,370円(2)",3,土田 栄二  茨,城,26,115,A2,逃,3.93,84.48,2,12.8,逃,３/４車身,nan
6220221230030001,hiroshima,2022-12-30,1,△1 ×7 ▲5 ◎3 ○6 注4,6-3  730円(2),"6-3-4  1,370円(2)",4,齋藤 仁  徳,島,43,83,A2,追,3.92,82.34,3,12.4,nan,１/８車輪,nan
6220221230030001,hiroshima,2022-12-30,1,△1 ×7 ▲5 ◎3 ○6 注4,6-3  730円(2),"6-3-4  1,370円(2)",5,荒木 真慈  熊,本,51,69,A2,追,3.85,81.53,4,12.2,nan,１/８車輪,nan
6220221230030001,hiroshima,2022-12-30,1,△1 ×7 ▲5 ◎3 ○6 注4,6-3  730円(2),"6-3-4  1,370円(2)",6,鈴木 達也  福,島,37,97,A2,追,3.92,80.62,1,12.5,差,nan,nan
6220221230030001,hiroshima,2022-12-30,1,△1 ×7 ▲5 ◎3 ○6 注4,6-3  730円(2),"6-3-4  1,370円(2)",7,松本 大地  熊,本,45,81,A1,追,3.86,86.07,失,nan,nan,nan,nan
6220221230030002,hiroshima,2022-12-30,2,◎1 ○5 注7 ▲2 △6 ×4,"3-7  9,030円(29)","3-7-1  45,110円(137)",1,隅田 幸助  広,島,39,91,A2,逃,3.92,82.50,3,13.4,nan,１車身,nan
6220221230030002,hiroshima,2022-12-30,2,◎1 ○5 注7 ▲2 △6 ×4,"3-7  9,030円(29)","3-7-1  45,110円(137)",2,田原 大広,北海道,43,87,A2,両,3.92,82.04,6,13.2,nan,１/２車輪,nan
6220221230030002,hiroshima,2022-12-30,2,◎1 ○5 注7 ▲2 △6 ×4,"3-7  9,030円(29)","3-7-1  45,110円(137)",3,山本 淳,神奈川,47,94,A2,追,3.92,80.48,1,13.0,差,nan,nan
6220221230030002,hiroshima,2022-12-30,2,◎1 ○5 注7 ▲2 △6 ×4,"3-7  9,030円(29)","3-7-1  45,110円(137)",4,湯浅 大輔  千,葉,37,96,A2,逃,3.92,80.63,7,13.6,nan,４車身,nan
6220221230030002,hiroshima,2022-12-30,2,◎1 ○5 注7 ▲2 △6 ×4,"3-7  9,030円(29)","3-7-1  45,110円(137)",5,小谷 文康  広,島,44,94,A2,追,3.92,79.28,5,13.4,nan,１車輪,nan
6220221230030002,hiroshima,2022-12-30,2,◎1 ○5 注7 ▲2 △6 ×4,"3-7  9,030円(29)","3-7-1  45,110円(137)",6,小酒 大司  福,島,36,94,A2,両,3.92,79.06,4,12.9,nan,３/４車身,nan
6220221230030002,hiroshima,2022-12-30,2,◎1 ○5 注7 ▲2 △6 ×4,"3-7  9,030円(29)","3-7-1  45,110円(137)",7,森岡 正臣  高,知,47,75,A2,追,3.92,83.75,2,13.0,差,３/４車身,nan
6220221230030003,hiroshima,2022-12-30,3,◎1 ○5 △2 ×4 注7 ▲3,"3-6  2,680円(11)","3-6-5  9,860円(35)",1,白井 優太朗  広,島,21,119,A2,逃,3.92,86.96,5,12.8,nan,１車身１/２,nan
6220221230030003,hiroshima,2022-12-30,3,◎1 ○5 △2 ×4 注7 ▲3,"3-6  2,680円(11)","3-6-5  9,860円(35)",2,佐々木 孝司  青,森,43,84,A2,逃,3.92,86.05,7,12.9,nan,３車身,nan
6220221230030003,hiroshima,2022-12-30,3,◎1 ○5 △2 ×4 注7 ▲3,"3-6  2,680円(11)","3-6-5  9,860円(35)",3,岡田 啓渡  愛,媛,32,100,A1,両,3.92,86.21,1,12.3,捲,nan,nan
6220221230030003,hiroshima,2022-12-30,3,◎1 ○5 △2 ×4 注7 ▲3,"3-6  2,680円(11)","3-6-5  9,860円(35)",4,飯尾 主税  静,岡,43,81,A1,追,3.92,90.39,6,12.5,nan,１/２車輪,nan
6220221230030003,hiroshima,2022-12-30,3,◎1 ○5 △2 ×4 注7 ▲3,"3-6  2,680円(11)","3-6-5  9,860円(35)",5,古城 英之  広,島,47,78,A1,追,3.92,82.25,3,12.4,nan,１/２車身,nan
6220221230030003,hiroshima,2022-12-30,3,◎1 ○5 △2 ×4 注7 ▲3,"3-6  2,680円(11)","3-6-5  9,860円(35)",6,武智 尚之  愛,媛,51,70,A2,追,3.85,79.44,2,12.3,ク,３/４車身,nan
6220221230030003,hiroshima,2022-12-30,3,◎1 ○5 △2 ×4 注7 ▲3,"3-6  2,680円(11)","3-6-5  9,860円(35)",7,山根 泰道  岡,山,53,64,A2,追,3.92,82.96,4,12.2,nan,１車身,nan
6220221230030004,hiroshima,2022-12-30,4,▲6 ×1 注5 ○2 ◎4 △7,"1-7  3,760円(14)","1-7-5  11,930円(35)",1,渡邉 高志  栃,木,45,84,A1,追,3.93,88.87,1,12.5,差,nan,nan
6220221230030004,hiroshima,2022-12-30,4,▲6 ×1 注5 ○2 ◎4 △7,"1-7  3,760円(14)","1-7-5  11,930円(35)",2,久樹 克門  徳,島,31,113,A1,逃,3.92,90.23,5,12.7,nan,３/４車輪,nan
6220221230030004,hiroshima,2022-12-30,4,▲6 ×1 注5 ○2 ◎4 △7,"1-7  3,760円(14)","1-7-5  11,930円(35)",3,宮崎 康司  香,川,34,94,A2,逃,3.92,85.46,7,12.3,nan,１/８車輪,nan
6220221230030004,hiroshima,2022-12-30,4,▲6 ×1 注5 ○2 ◎4 △7,"1-7  3,760円(14)","1-7-5  11,930円(35)",4,玉村 元気  香,川,33,101,A2,両,3.92,83.90,4,12.5,nan,３/４車身,nan
6220221230030004,hiroshima,2022-12-30,4,▲6 ×1 注5 ○2 ◎4 △7,"1-7  3,760円(14)","1-7-5  11,930円(35)",5,堀 政美  茨,城,53,65,A2,追,3.93,87.46,3,12.5,nan,１/８車輪,nan
6220221230030004,hiroshima,2022-12-30,4,▲6 ×1 注5 ○2 ◎4 △7,"1-7  3,760円(14)","1-7-5  11,930円(35)",6,市川 健太  東,京,47,82,A1,両,3.92,83.87,6,12.9,nan,１/２車輪,nan
6220221230030004,hiroshima,2022-12-30,4,▲6 ×1 注5 ○2 ◎4 △7,"1-7  3,760円(14)","1-7-5  11,930円(35)",7,谷口 幸司  高,知,29,111,A1,両,3.85,88.09,2,12.3,差,２車身,nan
6220221230030005,hiroshima,2022-12-30,5,▲6 ×3 注4 ○1 ◎7 △5,"7-5  1,140円(6)","7-5-6  12,250円(40)",1,峠 祐介  埼,玉,47,78,A1,追,3.92,85.48,7,11.9,nan,３/４車身,nan
6220221230030005,hiroshima,2022-12-30,5,▲6 ×3 注4 ○1 ◎7 △5,"7-5  1,140円(6)","7-5-6  12,250円(40)",2,守安 政雄  岡,山,44,94,A1,追,3.92,85.48,5,12.0,nan,１/２車身,nan
6220221230030005,hiroshima,2022-12-30,5,▲6 ×3 注4 ○1 ◎7 △5,"7-5  1,140円(6)","7-5-6  12,250円(40)",3,巴 直也,神奈川,34,101,A1,逃,3.92,89.20,4,12.4,nan,１/４車輪,nan
6220221230030005,hiroshima,2022-12-30,5,▲6 ×3 注4 ○1 ◎7 △5,"7-5  1,140円(6)","7-5-6  12,250円(40)",4,房州 輝也  福,島,36,91,A1,両,3.92,84.88,6,12.0,nan,１/４車輪,nan
6220221230030005,hiroshima,2022-12-30,5,▲6 ×3 注4 ○1 ◎7 △5,"7-5  1,140円(6)","7-5-6  12,250円(40)",5,藤原 悠斗  岡,山,37,91,A1,追,3.92,91.00,2,12.0,ク,１/２車輪,nan
6220221230030005,hiroshima,2022-12-30,5,▲6 ×3 注4 ○1 ◎7 △5,"7-5  1,140円(6)","7-5-6  12,250円(40)",6,根藤 浩二  千,葉,36,95,A1,逃,3.93,84.05,3,12.7,nan,１/２車身,nan
6220221230030005,hiroshima,2022-12-30,5,▲6 ×3 注4 ○1 ◎7 △5,"7-5  1,140円(6)","7-5-6  12,250円(40)",7,三好 陽一  愛,媛,41,88,A1,両,3.93,86.45,1,12.2,差,nan,nan
6220221230030006,hiroshima,2022-12-30,6,○1 ◎5 △4 ×2 ▲7 注3,"1-4  3,020円(8)","1-4-7  17,630円(50)",1,後藤 大輝  福,岡,21,121,A2,逃,3.92,94.50,1,12.1,逃,nan,nan
6220221230030006,hiroshima,2022-12-30,6,○1 ◎5 △4 ×2 ▲7 注3,"1-4  3,020円(8)","1-4-7  17,630円(50)",2,関根 健太郎,神奈川,32,100,A1,逃,3.92,91.93,4,12.0,nan,１/４車輪,nan
6220221230030006,hiroshima,2022-12-30,6,○1 ◎5 △4 ×2 ▲7 注3,"1-4  3,020円(8)","1-4-7  17,630円(50)",3,高橋 幸司  山,形,34,99,A1,逃,3.92,91.14,5,11.6,nan,１車輪,nan
6220221230030006,hiroshima,2022-12-30,6,○1 ◎5 △4 ×2 ▲7 注3,"1-4  3,020円(8)","1-4-7  17,630円(50)",4,上田 学  愛,媛,51,69,A1,追,3.93,90.42,2,11.7,差,１車身,nan
6220221230030006,hiroshima,2022-12-30,6,○1 ◎5 △4 ×2 ▲7 注3,"1-4  3,020円(8)","1-4-7  17,630円(50)",5,鶴 良生  福,岡,27,111,A1,逃,3.92,90.03,7,12.2,nan,５車身,nan
6220221230030006,hiroshima,2022-12-30,6,○1 ◎5 △4 ×2 ▲7 注3,"1-4  3,020円(8)","1-4-7  17,630円(50)",6,森田 康嗣,北海道,41,89,A1,両,3.92,86.60,6,11.5,nan,１/２車輪,nan
6220221230030006,hiroshima,2022-12-30,6,○1 ◎5 △4 ×2 ▲7 注3,"1-4  3,020円(8)","1-4-7  17,630円(50)",7,飯田 辰哉  千,葉,49,72,A1,追,3.93,92.50,3,11.9,nan,３/４車輪,nan
8620221231020001,beppu,2022-12-31,1,○3 ◎1 注6 ×5 △2 ▲4,"1-6  1,130円(4)","1-6-4  5,450円(13)",1,竹元 太志  福,岡,26,107,A3,逃,3.93,71.16,1,12.2,捲,nan,nan
8620221231020001,beppu,2022-12-31,1,○3 ◎1 注6 ×5 △2 ▲4,"1-6  1,130円(4)","1-6-4  5,450円(13)",2,沖本 尚織  広,島,43,87,A3,追,3.92,75.66,欠,nan,nan,nan,nan
8620221231020001,beppu,2022-12-31,1,○3 ◎1 注6 ×5 △2 ▲4,"1-6  1,130円(4)","1-6-4  5,450円(13)",3,久保 光司  佐,賀,25,119,A3,逃,3.92,71.57,4,12.8,nan,３車身,nan
8620221231020001,beppu,2022-12-31,1,○3 ◎1 注6 ×5 △2 ▲4,"1-6  1,130円(4)","1-6-4  5,450円(13)",4,齋藤 明,北海道,55,61,A3,追,3.93,71.09,3,12.4,nan,１/２車輪,nan
8620221231020001,beppu,2022-12-31,1,○3 ◎1 注6 ×5 △2 ▲4,"1-6  1,130円(4)","1-6-4  5,450円(13)",5,阿部 龍也  山,口,29,119,A3,逃,3.92,69.07,5,12.9,nan,１車身１/２,nan
8620221231020001,beppu,2022-12-31,1,○3 ◎1 注6 ×5 △2 ▲4,"1-6  1,130円(4)","1-6-4  5,450円(13)",6,高田 誠  福,岡,52,65,A3,追,3.92,68.36,2,12.2,ク,１車身１/２,nan
8620221231020002,beppu,2022-12-31,2,注7 ×2 ▲1 △4 ◎3 ○5,3-5  610円(1),"3-5-4  1,700円(2)",1,吉橋 秀城  埼,玉,44,85,A3,追,3.92,69.52,7,13.0,nan,５車身,nan
8620221231020002,beppu,2022-12-31,2,注7 ×2 ▲1 △4 ◎3 ○5,3-5  610円(1),"3-5-4  1,700円(2)",2,礒田 義則  熊,本,53,63,A3,追,3.93,71.94,4,12.6,nan,３車身,nan
8620221231020002,beppu,2022-12-31,2,注7 ×2 ▲1 △4 ◎3 ○5,3-5  610円(1),"3-5-4  1,700円(2)",3,川本 琢也  岡,山,35,100,A3,両,3.93,72.94,1,12.2,捲,nan,nan
8620221231020002,beppu,2022-12-31,2,注7 ×2 ▲1 △4 ◎3 ○5,3-5  610円(1),"3-5-4  1,700円(2)",4,猪野 泰介  山,形,32,111,A3,逃,3.85,71.17,3,13.3,nan,３/４車身,nan
8620221231020002,beppu,2022-12-31,2,注7 ×2 ▲1 △4 ◎3 ○5,3-5  610円(1),"3-5-4  1,700円(2)",5,尾崎 勝弘  徳,島,54,66,A3,追,3.86,68.33,2,12.2,ク,２車身,nan
8620221231020002,beppu,2022-12-31,2,注7 ×2 ▲1 △4 ◎3 ○5,3-5  610円(1),"3-5-4  1,700円(2)",6,市川 博章  静,岡,46,80,A3,追,3.93,66.38,6,12.5,nan,３/４車輪,nan
8620221231020002,beppu,2022-12-31,2,注7 ×2 ▲1 △4 ◎3 ○5,3-5  610円(1),"3-5-4  1,700円(2)",7,田 典幸  熊,本,31,117,A3,逃,3.93,70.33,5,12.8,nan,微差,nan
8620221231020003,beppu,2022-12-31,3,◎1 ○5 ▲3 △2 注6 ×7,1-5  140円(1),1-5-7  670円(3),1,長松 大祐  大,分,24,121,A3,逃,3.92,76.55,1,12.7,逃,nan,nan
8620221231020003,beppu,2022-12-31,3,◎1 ○5 ▲3 △2 注6 ×7,1-5  140円(1),1-5-7  670円(3),2,小林 大能  千,葉,43,87,A3,追,3.92,72.91,6,12.5,nan,２車身,nan
8620221231020003,beppu,2022-12-31,3,◎1 ○5 ▲3 △2 注6 ×7,1-5  140円(1),1-5-7  670円(3),3,濱田 昭一郎,鹿児島,54,67,A3,追,3.85,67.91,4,12.5,nan,３/４車輪,nan
8620221231020003,beppu,2022-12-31,3,◎1 ○5 ▲3 △2 注6 ×7,1-5  140円(1),1-5-7  670円(3),4,高田 大輔  徳,島,44,88,A3,追,3.92,75.00,5,12.5,nan,２車身,nan
8620221231020003,beppu,2022-12-31,3,◎1 ○5 ▲3 △2 注6 ×7,1-5  140円(1),1-5-7  670円(3),5,梶原 恵介  大,分,40,92,A3,追,3.92,72.96,2,12.6,ク,３/４車身,nan
8620221231020003,beppu,2022-12-31,3,◎1 ○5 ▲3 △2 注6 ×7,1-5  140円(1),1-5-7  670円(3),6,岡崎 泰士  静,岡,53,61,A3,追,3.92,67.38,7,12.7,nan,１車身１/２,nan
8620221231020003,beppu,2022-12-31,3,◎1 ○5 ▲3 △2 注6 ×7,1-5  140円(1),1-5-7  670円(3),7,岡崎 克政  岡,山,37,92,A3,逃,3.92,71.16,3,12.4,nan,１/２車輪,nan
8620221231020004,beppu,2022-12-31,4,○5 ×7 ▲1 ◎3 △6 注2,"6-4  50,090円(36)","6-4-3  202,020円(117)",1,木幡 幸仁,鹿児島,49,73,A3,追,3.92,69.00,5,12.8,nan,１/２車身,nan
8620221231020004,beppu,2022-12-31,4,○5 ×7 ▲1 ◎3 △6 注2,"6-4  50,090円(36)","6-4-3  202,020円(117)",2,椿 佳友,北海道,54,64,A3,追,3.92,70.13,4,13.1,nan,タイヤ差,nan
8620221231020004,beppu,2022-12-31,4,○5 ×7 ▲1 ◎3 △6 注2,"6-4  50,090円(36)","6-4-3  202,020円(117)",3,加藤 将武  埼,玉,21,121,A3,逃,3.92,78.00,3,13.3,nan,１/２車輪,nan
8620221231020004,beppu,2022-12-31,4,○5 ×7 ▲1 ◎3 △6 注2,"6-4  50,090円(36)","6-4-3  202,020円(117)",4,北村 匡章  静,岡,49,71,A3,追,3.92,68.86,2,12.9,差,１/４車輪,nan
8620221231020004,beppu,2022-12-31,4,○5 ×7 ▲1 ◎3 △6 注2,"6-4  50,090円(36)","6-4-3  202,020円(117)",5,橋本 陸  福,岡,25,121,A3,逃,3.92,74.77,7,14.3,nan,８車身,nan
8620221231020004,beppu,2022-12-31,4,○5 ×7 ▲1 ◎3 △6 注2,"6-4  50,090円(36)","6-4-3  202,020円(117)",6,天沼 雅貴  埼,玉,38,96,A3,追,3.92,67.43,1,13.1,差,nan,nan
8620221231020004,beppu,2022-12-31,4,○5 ×7 ▲1 ◎3 △6 注2,"6-4  50,090円(36)","6-4-3  202,020円(117)",7,松丸 裕紀  福,岡,42,86,A3,追,3.92,72.95,6,13.3,nan,６車身,nan
8620221231020005,beppu,2022-12-31,5,◎1 ○5 ▲7 注3 ×2 △4,1-2  380円(2),"1-2-5  1,490円(6)",1,松本 秀之慎  熊,本,20,121,A3,逃,3.92,78.95,1,12.1,捲,nan,nan
8620221231020005,beppu,2022-12-31,5,◎1 ○5 ▲7 注3 ×2 △4,1-2  380円(2),"1-2-5  1,490円(6)",2,眞砂 英作  香,川,27,121,A3,逃,3.92,74.77,2,12.1,ク,２車身,nan
8620221231020005,beppu,2022-12-31,5,◎1 ○5 ▲7 注3 ×2 △4,1-2  380円(2),"1-2-5  1,490円(6)",3,中川 昌久  茨,城,43,94,A3,追,3.92,71.22,7,12.5,nan,４車身,nan
8620221231020005,beppu,2022-12-31,5,◎1 ○5 ▲7 注3 ×2 △4,1-2  380円(2),"1-2-5  1,490円(6)",4,眞鍋 伸也  香,川,42,85,A3,両,3.92,71.00,4,12.0,nan,３/４車身,nan
8620221231020005,beppu,2022-12-31,5,◎1 ○5 ▲7 注3 ×2 △4,1-2  380円(2),"1-2-5  1,490円(6)",5,下田 和美  熊,本,50,72,A3,追,3.86,72.18,3,12.1,nan,１車身,nan
8620221231020005,beppu,2022-12-31,5,◎1 ○5 ▲7 注3 ×2 △4,1-2  380円(2),"1-2-5  1,490円(6)",6,藤原 義浩  徳,島,50,76,A3,追,3.85,69.25,5,12.1,nan,４車身,nan
8620221231020005,beppu,2022-12-31,5,◎1 ○5 ▲7 注3 ×2 △4,1-2  380円(2),"1-2-5  1,490円(6)",7,前島 恭平  長,野,34,98,A3,逃,3.93,70.95,6,12.1,nan,３/４車身,nan
8620221231020006,beppu,2022-12-31,6,◎1 ○4 注2 ×3 △5,4-1  730円(3),"4-1-2  1,530円(6)",1,佐藤 啓斗  青,森,26,119,A2,逃,3.92,80.50,2,12.5,逃,１/４車輪,nan
8620221231020006,beppu,2022-12-31,6,◎1 ○4 注2 ×3 △5,4-1  730円(3),"4-1-2  1,530円(6)",2,須藤 雄太  千,葉,39,89,A2,追,3.92,79.14,3,12.3,nan,１/２車輪,nan
8620221231020006,beppu,2022-12-31,6,◎1 ○4 注2 ×3 △5,4-1  730円(3),"4-1-2  1,530円(6)",3,藤原 亮太  岡,山,34,97,A1,両,3.92,83.08,5,13.3,nan,７車身,nan
8620221231020006,beppu,2022-12-31,6,◎1 ○4 注2 ×3 △5,4-1  730円(3),"4-1-2  1,530円(6)",4,大崎 智久  青,森,40,89,A2,追,3.92,80.59,1,12.4,差,nan,nan
8620221231020006,beppu,2022-12-31,6,◎1 ○4 注2 ×3 △5,4-1  730円(3),"4-1-2  1,530円(6)",5,市本 隆司  広,島,51,72,A2,両,3.92 3.93,81.50,4,12.4,nan,２車身,nan
8620221231020007,beppu,2022-12-31,7,○1 ◎5 ×2 注4 △6 ▲3,5-1  260円(2),5-1-2  280円(1),1,一ノ瀬 匠  佐,賀,34,92,A2,逃,3.92,80.84,2,12.2,捲,１/２車輪,nan
8620221231020007,beppu,2022-12-31,7,○1 ◎5 ×2 注4 △6 ▲3,5-1  260円(2),5-1-2  280円(1),2,井上 雄三  埼,玉,39,88,A2,両,3.92,82.90,3,12.0,nan,３/４車輪,nan
8620221231020007,beppu,2022-12-31,7,○1 ◎5 ×2 注4 △6 ▲3,5-1  260円(2),5-1-2  280円(1),3,近藤 直幹  徳,島,49,75,A2,追,3.92,79.20,4,12.0,nan,２車身,nan
8620221231020007,beppu,2022-12-31,7,○1 ◎5 ×2 注4 △6 ▲3,5-1  260円(2),5-1-2  280円(1),4,渡邉 藤男  栃,木,56,57,A2,追,3.85,81.00,5,12.1,nan,１車身１/２,nan
8620221231020007,beppu,2022-12-31,7,○1 ◎5 ×2 注4 △6 ▲3,5-1  260円(2),5-1-2  280円(1),5,天野 純平  佐,賀,24,115,A1,逃,3.92,84.08,1,12.1,差,nan,nan
8620221231020007,beppu,2022-12-31,7,○1 ◎5 ×2 注4 △6 ▲3,5-1  260円(2),5-1-2  280円(1),6,田村 裕也  徳,島,27,113,A2,逃,3.92,77.33,6,14.0,nan,大差,nan
8620221231020008,beppu,2022-12-31,8,×5 注3 ▲1 ○6 ◎2 △7,3-5  690円(3),"3-5-1  1,380円(2)",1,石井 毅,神奈川,49,74,A1,追,3.85,84.84,3,12.3,nan,１車輪,nan
8620221231020008,beppu,2022-12-31,8,×5 注3 ▲1 ○6 ◎2 △7,3-5  690円(3),"3-5-1  1,380円(2)",2,飯塚 隼人  佐,賀,34,95,A1,両,3.92,84.92,7,12.5,nan,１車身１/２,nan
8620221231020008,beppu,2022-12-31,8,×5 注3 ▲1 ○6 ◎2 △7,3-5  690円(3),"3-5-1  1,380円(2)",3,藤原 清隆  静,岡,41,87,A2,追,3.92,85.71,1,12.4,差,nan,nan
8620221231020008,beppu,2022-12-31,8,×5 注3 ▲1 ○6 ◎2 △7,3-5  690円(3),"3-5-1  1,380円(2)",4,高嶋 一朗  岡,山,55,62,A2,追,3.92,84.04,6,12.1,nan,３/４車身,nan
8620221231020008,beppu,2022-12-31,8,×5 注3 ▲1 ○6 ◎2 △7,3-5  690円(3),"3-5-1  1,380円(2)",5,小松 剛之  宮,城,48,79,A2,両,3.85,86.77,2,12.5,逃,１/４車輪,nan
8620221231020008,beppu,2022-12-31,8,×5 注3 ▲1 ○6 ◎2 △7,3-5  690円(3),"3-5-1  1,380円(2)",6,増田 鉄男  徳,島,48,74,A2,追,3.92,83.30,4,12.4,nan,２車身,nan
8620221231020008,beppu,2022-12-31,8,×5 注3 ▲1 ○6 ◎2 △7,3-5  690円(3),"3-5-1  1,380円(2)",7,山崎 岳志  佐,賀,49,74,A2,追,3.92,86.54,5,12.2,nan,３/４車身,nan
8620221231020009,beppu,2022-12-31,9,×4 △2 ▲3 ○7 ◎1 注5,"7-3  3,510円(12)","7-3-5  17,480円(53)",1,勝部 貴博  福,岡,34,105,A2,逃,3.83,88.33,7,12.5,nan,３/４車身,nan
8620221231020009,beppu,2022-12-31,9,×4 △2 ▲3 ○7 ◎1 注5,"7-3  3,510円(12)","7-3-5  17,480円(53)",2,大竹 哲也  静,岡,42,93,A2,逃,3.92,87.23,4,12.2,nan,１/４車輪,nan
8620221231020009,beppu,2022-12-31,9,×4 △2 ▲3 ○7 ◎1 注5,"7-3  3,510円(12)","7-3-5  17,480円(53)",3,等々力 久就  長,野,31,98,A2,逃,3.92,83.89,2,12.4,逃,３/４車輪,nan
8620221231020009,beppu,2022-12-31,9,×4 △2 ▲3 ○7 ◎1 注5,"7-3  3,510円(12)","7-3-5  17,480円(53)",4,山内 大作  静,岡,47,75,A2,追,3.83,87.20,5,12.4,nan,微差,nan
8620221231020009,beppu,2022-12-31,9,×4 △2 ▲3 ○7 ◎1 注5,"7-3  3,510円(12)","7-3-5  17,480円(53)",5,松田 直也  大,分,38,92,A2,両,3.93,83.22,3,12.1,nan,３/４車身,nan
8620221231020009,beppu,2022-12-31,9,×4 △2 ▲3 ○7 ◎1 注5,"7-3  3,510円(12)","7-3-5  17,480円(53)",6,三槻 智清  佐,賀,45,80,A2,追,3.92,81.09,6,11.9,nan,１車身１/２,nan
8620221231020009,beppu,2022-12-31,9,×4 △2 ▲3 ○7 ◎1 注5,"7-3  3,510円(12)","7-3-5  17,480円(53)",7,渡邊 秀明,神奈川,51,68,A1,追,3.92,85.66,1,12.3,差,nan,nan
8620221231020010,beppu,2022-12-31,10,注1 ▲7 △4 ×2 ◎3 ○5,3-5  310円(1),"3-5-1  2,150円(5)",1,佐藤 佑一  岩,手,39,92,A1,両,3.92,88.75,3,12.6,nan,１車身１/２,nan
8620221231020010,beppu,2022-12-31,10,注1 ▲7 △4 ×2 ◎3 ○5,3-5  310円(1),"3-5-1  2,150円(5)",2,好永 晃  佐,賀,31,98,A1,追,3.92,91.37,6,12.6,nan,３/４車身,nan
8620221231020010,beppu,2022-12-31,10,注1 ▲7 △4 ×2 ◎3 ○5,3-5  310円(1),"3-5-1  2,150円(5)",3,山口 多聞  埼,玉,21,121,A2,逃,3.92,90.00,1,12.7,逃,nan,nan
8620221231020010,beppu,2022-12-31,10,注1 ▲7 △4 ×2 ◎3 ○5,3-5  310円(1),"3-5-1  2,150円(5)",4,中村 翔平  福,岡,29,117,A2,逃,3.92,89.52,4,12.6,nan,タイヤ差,nan
8620221231020010,beppu,2022-12-31,10,注1 ▲7 △4 ×2 ◎3 ○5,3-5  310円(1),"3-5-1  2,150円(5)",5,小沼 良  埼,玉,51,68,A1,追,3.86,95.27,2,12.6,ク,１/２車輪,nan
8620221231020010,beppu,2022-12-31,10,注1 ▲7 △4 ×2 ◎3 ○5,3-5  310円(1),"3-5-1  2,150円(5)",6,吉田 昌弘  埼,玉,38,97,A2,追,3.92,83.50,7,12.6,nan,３/４車輪,nan
8620221231020010,beppu,2022-12-31,10,注1 ▲7 △4 ×2 ◎3 ○5,3-5  310円(1),"3-5-1  2,150円(5)",7,宮倉 勇  千,葉,58,58,A1,追,3.93,88.66,5,12.4,nan,３/４車輪,nan
8620221231020011,beppu,2022-12-31,11,▲7 ○5 △1 注2 ◎4 ×3,5-3  810円(2),"5-3-6  8,360円(23)",1,田中 孝彦  静,岡,36,91,A1,追,3.92,89.45,7,12.8,nan,１車身１/２,nan
8620221231020011,beppu,2022-12-31,11,▲7 ○5 △1 注2 ◎4 ×3,5-3  810円(2),"5-3-6  8,360円(23)",2,佐々木 翔一  佐,賀,36,93,A1,両,3.92,91.33,4,12.5,nan,３/４車身,nan
8620221231020011,beppu,2022-12-31,11,▲7 ○5 △1 注2 ◎4 ×3,5-3  810円(2),"5-3-6  8,360円(23)",3,浅見 隼  東,京,25,115,A1,逃,3.92,91.88,2,13.0,逃,１車身,nan
8620221231020011,beppu,2022-12-31,11,▲7 ○5 △1 注2 ◎4 ×3,5-3  810円(2),"5-3-6  8,360円(23)",4,吉川 嘉斗  徳,島,29,105,A1,追,3.92,90.31,6,12.5,nan,１/２車身,nan
8620221231020011,beppu,2022-12-31,11,▲7 ○5 △1 注2 ◎4 ×3,5-3  810円(2),"5-3-6  8,360円(23)",5,須藤 悟  千,葉,33,99,A1,追,3.85,97.54,1,12.5,差,nan,nan
8620221231020011,beppu,2022-12-31,11,▲7 ○5 △1 注2 ◎4 ×3,5-3  810円(2),"5-3-6  8,360円(23)",6,平石 浩之  茨,城,45,87,A1,追,3.92,86.92,3,12.6,nan,１/２車身,nan
8620221231020011,beppu,2022-12-31,11,▲7 ○5 △1 注2 ◎4 ×3,5-3  810円(2),"5-3-6  8,360円(23)",7,花田 将司  千,葉,36,99,A1,両,3.92,88.61,5,12.9,nan,１/２車輪,nan
8620221231020012,beppu,2022-12-31,12,○5 ◎3 △1 ▲2 ×7 注4,"3-1  1,990円(4)","3-1-5  2,030円(5)",1,小原 将通  大,分,35,92,A1,追,3.92,89.47,2,12.3,ク,１/２車輪,nan
8620221231020012,beppu,2022-12-31,12,○5 ◎3 △1 ▲2 ×7 注4,"3-1  1,990円(4)","3-1-5  2,030円(5)",2,八嶋 稔真,北海道,26,113,A2,逃,3.92,84.80,5,12.7,nan,４車身,nan
8620221231020012,beppu,2022-12-31,12,○5 ◎3 △1 ▲2 ×7 注4,"3-1  1,990円(4)","3-1-5  2,030円(5)",3,桑原 亮  福,岡,38,91,A1,追,3.92,99.62,1,12.4,差,nan,nan
8620221231020012,beppu,2022-12-31,12,○5 ◎3 △1 ▲2 ×7 注4,"3-1  1,990円(4)","3-1-5  2,030円(5)",4,小池 千啓  栃,木,24,119,A1,逃,3.92,86.05,7,13.5,nan,５車身,nan
8620221231020012,beppu,2022-12-31,12,○5 ◎3 △1 ▲2 ×7 注4,"3-1  1,990円(4)","3-1-5  2,030円(5)",5,立部 楓真  佐,賀,24,115,A1,逃,3.92,93.95,3,12.6,nan,１/２車輪,nan
8620221231020012,beppu,2022-12-31,12,○5 ◎3 △1 ▲2 ×7 注4,"3-1  1,990円(4)","3-1-5  2,030円(5)",6,飯田 威文  埼,玉,51,67,A2,追,3.92,84.50,6,12.8,nan,タイヤ差,nan
8620221231020012,beppu,2022-12-31,12,○5 ◎3 △1 ▲2 ×7 注4,"3-1  1,990円(4)","3-1-5  2,030円(5)",7,高谷 雅彦  青,森,51,67,A1,両,3.92,92.08,4,12.3,nan,３/４車身,nan
