race_id,venue_slug,date,race_no,lineup,ni_sha_tan,san_ren_tan,san_ren_fuku,wide,banum,player_name,pref,age,term,player_class,running_style,gear,race_score,mark,mark_num,win_rate_4m,top2_rate_4m,top3_rate_4m,nige_4m,maku_4m,rank,agari,finish_type,margin,win_lose,close_time
1220260730030001,aomori,2026-08-01,1,○7 ◎2 △3 ×1 注5 ▲6,,,,,1,増成 富夫  岡,山,55,66,A3,逃,3.93,69.63,×,1,20.0,36.6,43.3,4,3,,,,,,08:25
1220260730030001,aomori,2026-08-01,1,○7 ◎2 △3 ×1 注5 ▲6,,,,,2,山本 恵太郎  東,京,52,71,A3,追,3.92,81.90,◎,6,9.6,29.0,38.7,0,0,,,,,,08:25
1220260730030001,aomori,2026-08-01,1,○7 ◎2 △3 ×1 注5 ▲6,,,,,3,邊見 斎  福,島,41,92,A3,追,3.92,72.93,△,4,9.3,28.1,59.3,0,0,,,,,,08:25
1220260730030001,aomori,2026-08-01,1,○7 ◎2 △3 ×1 注5 ▲6,,,,,4,田中 智也  静,岡,53,74,A3,追,3.92,69.47,nan,0,0.0,4.7,33.3,0,0,,,,,,08:25
1220260730030001,aomori,2026-08-01,1,○7 ◎2 △3 ×1 注5 ▲6,,,,,5,鳥丸 晃順  岡,山,45,89,A3,追,3.93,73.64,注,2,13.7,31.0,51.7,0,0,,,,,,08:25
1220260730030001,aomori,2026-08-01,1,○7 ◎2 △3 ×1 注5 ▲6,,,,,6,市川 博章  静,岡,50,80,A3,追,3.93,69.00,▲,3,0.0,14.8,33.3,0,0,,,,,,08:25
1220260730030001,aomori,2026-08-01,1,○7 ◎2 △3 ×1 注5 ▲6,,,,,7,吉松 賢二  群,馬,40,90,A3,両,3.86,71.73,○,5,19.5,43.9,56.0,11,1,,,,,,08:25
1220260730030002,aomori,2026-08-01,2,◎2 ○3 △4 ×7 注1 ▲5,,,,,1,後田 康成  長,崎,53,75,A3,追,3.92,71.33,注,2,25.0,32.1,39.2,0,0,,,,,,08:45
1220260730030002,aomori,2026-08-01,2,◎2 ○3 △4 ×7 注1 ▲5,,,,,2,中 秀平,神奈川,27,127,A3,逃,3.85,74.24,◎,6,21.2,45.4,66.6,11,2,,,,,,08:45
1220260730030002,aomori,2026-08-01,2,◎2 ○3 △4 ×7 注1 ▲5,,,,,3,齊藤 紳一朗  青,森,49,82,A3,追,3.79,75.11,○,5,0.0,7.4,11.1,0,0,,,,,,08:45
1220260730030002,aomori,2026-08-01,2,◎2 ○3 △4 ×7 注1 ▲5,,,,,4,五反田 豊和  宮,崎,49,80,A3,両,3.92,68.40,△,4,11.1,33.3,37.0,5,1,,,,,,08:45
1220260730030002,aomori,2026-08-01,2,◎2 ○3 △4 ×7 注1 ▲5,,,,,5,近内 三孝  栃,木,30,129,A3,逃,3.92,68.00,▲,3,0.0,0.0,0.0,0,0,,,,,,08:45
1220260730030002,aomori,2026-08-01,2,◎2 ○3 △4 ×7 注1 ▲5,,,,,6,平澤 秀信,北海道,53,73,A3,追,3.85,67.93,nan,0,0.0,13.3,26.6,0,0,,,,,,08:45
1220260730030002,aomori,2026-08-01,2,◎2 ○3 △4 ×7 注1 ▲5,,,,,7,宮本 龍一  福,岡,40,92,A3,両,3.93,72.24,×,1,9.0,45.4,51.5,0,0,,,,,,08:45
1220260730030003,aomori,2026-08-01,3,注4 ×1 ◎2 ○5 ▲6 △7,,,,,1,大薗 宏  茨,城,52,71,A3,追,3.83,74.16,×,1,12.5,25.0,58.3,0,0,,,,,,09:05
1220260730030003,aomori,2026-08-01,3,注4 ×1 ◎2 ○5 ▲6 △7,,,,,2,石田 宏樹  青,森,44,91,A3,両,3.92,72.64,◎,6,14.7,32.3,52.9,6,3,,,,,,09:05
1220260730030003,aomori,2026-08-01,3,注4 ×1 ◎2 ○5 ▲6 △7,,,,,3,岡崎 昭次  愛,媛,54,67,A3,追,3.86,80.29,△,4,7.4,18.5,29.6,0,0,,,,,,09:05
1220260730030003,aomori,2026-08-01,3,注4 ×1 ◎2 ○5 ▲6 △7,,,,,4,櫻井 宏樹  東,京,37,98,A3,両,3.92,69.65,注,2,7.6,38.4,38.4,1,2,,,,,,09:05
1220260730030003,aomori,2026-08-01,3,注4 ×1 ◎2 ○5 ▲6 △7,,,,,5,相樂 修  千,葉,53,78,A3,両,3.85,80.40,○,5,6.6,20.0,33.3,0,0,,,,,,09:05
1220260730030003,aomori,2026-08-01,3,注4 ×1 ◎2 ○5 ▲6 △7,,,,,6,吉澤 賢  千,葉,48,94,A3,追,3.92,66.84,nan,0,9.0,15.1,21.2,1,0,,,,,,09:05
1220260730030003,aomori,2026-08-01,3,注4 ×1 ◎2 ○5 ▲6 △7,,,,,7,大室 翔  岡,山,34,107,A3,逃,3.93,70.76,▲,3,11.5,23.0,46.1,2,3,,,,,,09:05
1220260730030004,aomori,2026-08-01,4,◎4 ○1 注3 ×6 △2 ▲7,,,,,1,小田桐 義継,北海道,48,81,A3,追,3.92,72.25,○,5,3.4,20.6,55.1,0,0,,,,,,09:25
1220260730030004,aomori,2026-08-01,4,◎4 ○1 注3 ×6 △2 ▲7,,,,,2,松本 一志  宮,崎,30,117,A3,逃,3.85,78.54,×,1,17.1,28.5,37.1,7,2,,,,,,09:25
1220260730030004,aomori,2026-08-01,4,◎4 ○1 注3 ×6 △2 ▲7,,,,,3,鶴岡 與之  千,葉,49,81,A3,追,3.92,81.28,注,2,17.8,17.8,25.0,0,0,,,,,,09:25
1220260730030004,aomori,2026-08-01,4,◎4 ○1 注3 ×6 △2 ▲7,,,,,4,福田 悠航  福,島,20,129,A3,逃,3.85,73.33,◎,6,22.2,22.2,44.4,0,1,,,,,,09:25
1220260730030004,aomori,2026-08-01,4,◎4 ○1 注3 ×6 △2 ▲7,,,,,5,田中 弘章  福,岡,54,68,A3,追,3.93,79.66,▲,3,7.4,11.1,33.3,0,0,,,,,,09:25
1220260730030004,aomori,2026-08-01,4,◎4 ○1 注3 ×6 △2 ▲7,,,,,6,菅藤 智  群,馬,42,95,A3,追,3.92,68.53,nan,0,0.0,18.7,31.2,0,0,,,,,,09:25
1220260730030004,aomori,2026-08-01,4,◎4 ○1 注3 ×6 △2 ▲7,,,,,7,船倉 卓郎  長,崎,42,99,A3,追,3.92,80.42,△,4,5.2,21.0,36.8,0,1,,,,,,09:25
1220260730030005,aomori,2026-08-01,5,×5 ○1 △2 ▲6 ◎3 注4,,,,,1,野寺 楓  静,岡,27,122,L1,追,3.79,50.68,○,5,4.0,12.0,36.0,0,0,,,,,,09:45
1220260730030005,aomori,2026-08-01,5,×5 ○1 △2 ▲6 ◎3 注4,,,,,2,成海 綾香  沖,縄,25,128,L1,両,3.77,48.22,△,4,0.0,4.5,13.6,0,0,,,,,,09:45
1220260730030005,aomori,2026-08-01,5,×5 ○1 △2 ▲6 ◎3 注4,,,,,3,渡口 まりあ  山,口,31,114,L1,両,3.77,51.06,◎,6,15.1,30.3,45.4,4,2,,,,,,09:45
1220260730030005,aomori,2026-08-01,5,×5 ○1 △2 ▲6 ◎3 注4,,,,,4,島田 優里  長,崎,31,108,L1,追,3.77,49.58,注,2,8.3,20.8,33.3,0,1,,,,,,09:45
1220260730030005,aomori,2026-08-01,5,×5 ○1 △2 ▲6 ◎3 注4,,,,,5,山本 さくら  愛,知,25,120,L1,両,3.77,48.78,×,1,12.1,21.2,36.3,3,3,,,,,,09:45
1220260730030005,aomori,2026-08-01,5,×5 ○1 △2 ▲6 ◎3 注4,,,,,6,北津留 千羽  福,岡,20,128,L1,両,3.79,49.70,▲,3,5.0,10.0,35.0,0,0,,,,,,09:45
1220260730030005,aomori,2026-08-01,5,×5 ○1 △2 ▲6 ◎3 注4,,,,,7,杉沢 毛伊子  静,岡,40,104,L1,両,3.79,47.89,nan,0,0.0,10.7,25.0,0,0,,,,,,09:45
1220260730030006,aomori,2026-08-01,6,○5 △6 注2 ◎4 ×1 ▲3,,,,,1,渡邉 拓  栃,木,27,129,A3,逃,3.92,78.33,◎,6,60.0,66.6,73.3,4,5,,,,,,10:05
1220260730030006,aomori,2026-08-01,6,○5 △6 注2 ◎4 ×1 ▲3,,,,,2,川村 昭弘  新,潟,51,81,A3,追,3.92,80.29,注,2,0.0,25.9,40.7,0,0,,,,,,10:05
1220260730030006,aomori,2026-08-01,6,○5 △6 注2 ◎4 ×1 ▲3,,,,,3,大越 啓介  栃,木,37,97,A3,追,3.92,78.84,×,1,15.7,28.9,47.3,0,1,,,,,,10:05
1220260730030006,aomori,2026-08-01,6,○5 △6 注2 ◎4 ×1 ▲3,,,,,4,山本 淳,神奈川,50,94,A3,両,3.92,78.90,nan,0,3.2,12.9,29.0,0,1,,,,,,10:05
1220260730030006,aomori,2026-08-01,6,○5 △6 注2 ◎4 ×1 ▲3,,,,,5,小笠原 匠海  東,京,26,129,A3,逃,3.93,77.91,○,5,41.6,58.3,75.0,4,2,,,,,,10:05
1220260730030006,aomori,2026-08-01,6,○5 △6 注2 ◎4 ×1 ▲3,,,,,6,邊見 祐太  新,潟,30,119,A3,逃,3.92,77.53,△,4,46.6,70.0,80.0,11,6,,,,,,10:05
1220260730030006,aomori,2026-08-01,6,○5 △6 注2 ◎4 ×1 ▲3,,,,,7,中川 拓也  群,馬,40,94,A3,両,3.92,79.12,▲,3,3.1,9.3,28.1,1,0,,,,,,10:05
1220260730030007,aomori,2026-08-01,7,▲3 ×4 注6 ◎1 ○2 △5,,,,,1,小原 乃亜  岩,手,23,130,L1,両,3.79,54.55,◎,6,55.5,88.8,88.8,5,3,,,,,,10:25
1220260730030007,aomori,2026-08-01,7,▲3 ×4 注6 ◎1 ○2 △5,,,,,2,下条 未悠  富,山,25,118,L1,両,3.77,54.60,○,5,40.0,60.0,76.6,5,11,,,,,,10:25
1220260730030007,aomori,2026-08-01,7,▲3 ×4 注6 ◎1 ○2 △5,,,,,3,中野 咲  愛,知,29,110,L1,両,3.79,50.50,▲,3,3.3,10.0,33.3,0,1,,,,,,10:25
1220260730030007,aomori,2026-08-01,7,▲3 ×4 注6 ◎1 ○2 △5,,,,,4,熊谷 芽緯  岩,手,22,124,L1,逃,3.77,53.59,×,1,25.9,48.1,62.9,4,7,,,,,,10:25
1220260730030007,aomori,2026-08-01,7,▲3 ×4 注6 ◎1 ○2 △5,,,,,5,青木 美保  埼,玉,28,118,L1,両,3.77,54.00,△,4,10.0,40.0,63.3,2,4,,,,,,10:25
1220260730030007,aomori,2026-08-01,7,▲3 ×4 注6 ◎1 ○2 △5,,,,,6,古山 稀絵  静,岡,29,130,L1,両,3.77,49.66,注,2,22.2,22.2,33.3,0,2,,,,,,10:25
1220260730030007,aomori,2026-08-01,7,▲3 ×4 注6 ◎1 ○2 △5,,,,,7,佐々木 綾  東,京,27,116,L1,両,3.79,48.93,nan,0,3.0,18.1,33.3,1,1,,,,,,10:25
1320260731020001,iwakitaira,2026-08-01,1,△7 ×1 注4 ◎6 ○5 ▲2,,,,,1,橋本 勝弘  愛,媛,43,89,A2,追,3.92,83.27,×,1,11.1,16.6,44.4,0,0,,,,,,15:45
1320260731020001,iwakitaira,2026-08-01,1,△7 ×1 注4 ◎6 ○5 ▲2,,,,,2,坂本 昌宏  青,森,42,91,A2,追,3.92,81.72,○,5,0.0,4.0,36.0,0,0,,,,,,15:45
1320260731020001,iwakitaira,2026-08-01,1,△7 ×1 注4 ◎6 ○5 ▲2,,,,,3,松根 真  東,京,45,90,A2,追,3.92,73.29,▲,3,0.0,29.1,37.5,0,0,,,,,,15:45
1320260731020001,iwakitaira,2026-08-01,1,△7 ×1 注4 ◎6 ○5 ▲2,,,,,4,藤原 悠斗  岡,山,40,91,A2,追,3.93,81.92,注,2,0.0,7.4,29.6,0,0,,,,,,15:45
1320260731020001,iwakitaira,2026-08-01,1,△7 ×1 注4 ◎6 ○5 ▲2,,,,,5,佐々木 吉徳  秋,田,38,100,A1,逃,3.92,85.16,◎,6,12.5,33.3,41.6,6,1,,,,,,15:45
1320260731020001,iwakitaira,2026-08-01,1,△7 ×1 注4 ◎6 ○5 ▲2,,,,,6,甲斐下 智  広,島,57,64,A2,追,3.92,70.00,nan,0,0.0,0.0,7.4,0,0,,,,,,15:45
1320260731020001,iwakitaira,2026-08-01,1,△7 ×1 注4 ◎6 ○5 ▲2,,,,,7,眞砂 英作  香,川,31,121,A2,逃,3.93,84.23,△,4,14.2,33.3,47.6,2,1,,,,,,15:45
1320260731020002,iwakitaira,2026-08-01,2,◎1 ○7 ×2 ▲6 △5 注3,,,,,1,齋藤 一茂  群,馬,37,97,A2,逃,3.92,85.08,◎,6,33.3,41.6,50.0,8,1,,,,,,16:07
1320260731020002,iwakitaira,2026-08-01,2,◎1 ○7 ×2 ▲6 △5 注3,,,,,2,高橋 優斗  大,分,29,121,A1,逃,3.92,86.26,×,1,0.0,20.0,60.0,0,1,,,,,,16:07
1320260731020002,iwakitaira,2026-08-01,2,◎1 ○7 ×2 ▲6 △5 注3,,,,,3,中野 智公,和歌山,36,99,A2,追,3.93,84.22,注,2,0.0,16.6,44.4,0,0,,,,,,16:07
1320260731020002,iwakitaira,2026-08-01,2,◎1 ○7 ×2 ▲6 △5 注3,,,,,4,伊原 弘幸  福,井,41,90,A1,追,3.93,82.30,nan,0,8.3,16.6,33.3,0,0,,,,,,16:07
1320260731020002,iwakitaira,2026-08-01,2,◎1 ○7 ×2 ▲6 △5 注3,,,,,5,渡邉 直弥  静,岡,30,113,A2,両,3.92,83.85,△,4,9.5,28.5,42.8,1,0,,,,,,16:07
1320260731020002,iwakitaira,2026-08-01,2,◎1 ○7 ×2 ▲6 △5 注3,,,,,6,白川 有司  福,岡,51,76,A2,追,3.92,75.88,▲,3,3.7,29.6,44.4,0,0,,,,,,16:07
1320260731020002,iwakitaira,2026-08-01,2,◎1 ○7 ×2 ▲6 △5 注3,,,,,7,佐藤 謙  栃,木,41,90,A2,追,3.92,83.82,○,5,3.4,13.7,31.0,0,0,,,,,,16:07
1320260731020003,iwakitaira,2026-08-01,3,△1 ×5 注3 ◎4 ○2 ▲7,,,,,1,矢口 大樹  千,葉,38,95,A1,両,3.92,91.28,△,4,28.5,47.6,52.3,6,2,,,,,,16:31
1320260731020003,iwakitaira,2026-08-01,3,△1 ×5 注3 ◎4 ○2 ▲7,,,,,2,鮫島 康治  大,阪,44,111,A2,逃,3.92,87.94,○,5,27.7,33.3,61.1,1,5,,,,,,16:31
1320260731020003,iwakitaira,2026-08-01,3,△1 ×5 注3 ◎4 ○2 ▲7,,,,,3,武田 憲祐,神奈川,43,93,A1,追,3.92,87.42,注,2,7.6,38.4,61.5,0,0,,,,,,16:31
1320260731020003,iwakitaira,2026-08-01,3,△1 ×5 注3 ◎4 ○2 ▲7,,,,,4,仲野 結音  大,阪,26,117,A1,逃,3.92,95.54,◎,6,50.0,72.7,81.8,0,13,,,,,,16:31
1320260731020003,iwakitaira,2026-08-01,3,△1 ×5 注3 ◎4 ○2 ▲7,,,,,5,高橋 雅之  千,葉,44,90,A1,追,3.92,95.73,×,1,4.1,16.6,37.5,0,0,,,,,,16:31
1320260731020003,iwakitaira,2026-08-01,3,△1 ×5 注3 ◎4 ○2 ▲7,,,,,6,林 明宏  高,知,50,79,A1,追,3.93,85.55,nan,0,11.1,33.3,38.8,0,0,,,,,,16:31
1320260731020003,iwakitaira,2026-08-01,3,△1 ×5 注3 ◎4 ○2 ▲7,,,,,7,加藤 寛治  愛,知,48,83,A1,両,3.92,87.50,▲,3,25.0,45.8,50.0,0,1,,,,,,16:31
1320260731020004,iwakitaira,2026-08-01,4,注6 ×1 ◎4 ○7 ▲2 △3,,,,,1,三宅 裕武  三,重,44,88,A1,追,3.92,96.52,×,1,5.0,20.0,45.0,0,0,,,,,,16:55
1320260731020004,iwakitaira,2026-08-01,4,注6 ×1 ◎4 ○7 ▲2 △3,,,,,2,水書 義弘  千,葉,53,75,A2,追,3.92,82.80,nan,0,9.5,9.5,38.0,0,1,,,,,,16:55
1320260731020004,iwakitaira,2026-08-01,4,注6 ×1 ◎4 ○7 ▲2 △3,,,,,3,多田 晃紀  岡,山,33,103,A1,逃,3.92,89.80,▲,3,47.6,57.1,66.6,2,8,,,,,,16:55
1320260731020004,iwakitaira,2026-08-01,4,注6 ×1 ◎4 ○7 ▲2 △3,,,,,4,中村 隆生  栃,木,26,117,A1,逃,3.92,94.16,◎,6,11.1,11.1,22.2,2,0,,,,,,16:55
1320260731020004,iwakitaira,2026-08-01,4,注6 ×1 ◎4 ○7 ▲2 △3,,,,,5,中村 翔平  福,岡,33,117,A2,両,3.92,90.53,△,4,23.5,47.0,64.7,0,0,,,,,,16:55
1320260731020004,iwakitaira,2026-08-01,4,注6 ×1 ◎4 ○7 ▲2 △3,,,,,6,辻田 祥大  三,重,23,127,A2,逃,3.93,79.90,注,2,47.6,66.6,76.1,12,2,,,,,,16:55
1320260731020004,iwakitaira,2026-08-01,4,注6 ×1 ◎4 ○7 ▲2 △3,,,,,7,平石 浩之  茨,城,48,87,A1,追,3.92,86.52,○,5,9.5,28.5,57.1,0,0,,,,,,16:55
1320260731020005,iwakitaira,2026-08-01,5,◎4 ○1 注6 ×2 △3 ▲7,,,,,1,坂本 紘規  青,森,29,117,A1,逃,3.92,94.36,○,5,13.6,22.7,27.2,1,1,,,,,,17:19
1320260731020005,iwakitaira,2026-08-01,5,◎4 ○1 注6 ×2 △3 ▲7,,,,,2,富安 保充  愛,知,43,91,A2,追,3.83,81.80,注,2,4.7,14.2,28.5,0,0,,,,,,17:19
1320260731020005,iwakitaira,2026-08-01,5,◎4 ○1 注6 ×2 △3 ▲7,,,,,3,細中 翔太  岡,山,27,125,A1,逃,3.92,92.90,×,1,35.0,60.0,70.0,8,3,,,,,,17:19
1320260731020005,iwakitaira,2026-08-01,5,◎4 ○1 注6 ×2 △3 ▲7,,,,,4,邊見 竜馬  福,島,24,127,A2,逃,3.92,93.00,◎,6,76.1,90.4,100.0,12,4,,,,,,17:19
1320260731020005,iwakitaira,2026-08-01,5,◎4 ○1 注6 ×2 △3 ▲7,,,,,5,内山 拓  福,岡,43,88,A1,追,3.92,87.12,▲,3,12.5,29.1,45.8,0,0,,,,,,17:19
1320260731020005,iwakitaira,2026-08-01,5,◎4 ○1 注6 ×2 △3 ▲7,,,,,6,十文字 菊雄  福,島,55,75,A1,追,3.92,81.73,nan,0,13.3,20.0,40.0,0,0,,,,,,17:19
1320260731020005,iwakitaira,2026-08-01,5,◎4 ○1 注6 ×2 △3 ▲7,,,,,7,吉永 好宏  広,島,51,80,A1,追,3.92,84.68,△,4,10.5,15.7,31.5,0,1,,,,,,17:19
1320260731020006,iwakitaira,2026-08-01,6,◎5 ○1 △4 ×2 注3 ▲6,,,,,1,水谷 好宏  大,阪,43,93,S2,両,3.92,95.00,○,5,10.5,21.0,21.0,0,1,,,,,,17:43
1320260731020006,iwakitaira,2026-08-01,6,◎5 ○1 △4 ×2 注3 ▲6,,,,,2,相川 永伍  埼,玉,42,95,S2,追,3.92,94.50,×,1,0.0,7.6,7.6,0,0,,,,,,17:43
1320260731020006,iwakitaira,2026-08-01,6,◎5 ○1 △4 ×2 注3 ▲6,,,,,3,森本 桂太郎  愛,媛,27,121,S2,逃,3.92,94.81,注,2,0.0,18.1,27.2,1,3,,,,,,17:43
1320260731020006,iwakitaira,2026-08-01,6,◎5 ○1 △4 ×2 注3 ▲6,,,,,4,植原 琢也  埼,玉,32,113,S2,逃,3.92,95.15,△,4,7.6,11.5,23.0,0,0,,,,,,17:43
1320260731020006,iwakitaira,2026-08-01,6,◎5 ○1 △4 ×2 注3 ▲6,,,,,5,小松原 正登  福,井,28,117,S2,逃,3.92,99.72,◎,6,4.5,22.7,31.8,0,4,,,,,,17:43
1320260731020006,iwakitaira,2026-08-01,6,◎5 ○1 △4 ×2 注3 ▲6,,,,,6,高木 竜司  熊,本,50,82,S2,追,3.92,87.95,▲,3,16.0,24.0,32.0,0,0,,,,,,17:43
1320260731020007,iwakitaira,2026-08-01,7,×5 △1 ▲2 注6 ○3 ◎4,,,,,1,岩本 和也  石,川,51,76,S2,追,3.92,97.53,△,4,0.0,7.6,34.6,0,0,,,,,,18:07
1320260731020007,iwakitaira,2026-08-01,7,×5 △1 ▲2 注6 ○3 ◎4,,,,,2,中原 航大  岡,山,26,123,S2,逃,3.92,93.87,▲,3,29.1,54.1,62.5,8,4,,,,,,18:07
1320260731020007,iwakitaira,2026-08-01,7,×5 △1 ▲2 注6 ○3 ◎4,,,,,3,後藤 悠  岩,手,31,115,S2,逃,3.92,98.66,○,5,4.7,23.8,38.0,2,3,,,,,,18:07
1320260731020007,iwakitaira,2026-08-01,7,×5 △1 ▲2 注6 ○3 ◎4,,,,,4,新村 穣,神奈川,32,119,S2,逃,3.92,101.84,◎,6,30.7,30.7,46.1,0,1,,,,,,18:07
1320260731020007,iwakitaira,2026-08-01,7,×5 △1 ▲2 注6 ○3 ◎4,,,,,5,三浦 貴大  岐,阜,27,115,S2,両,3.92,100.10,×,1,25.0,35.0,35.0,0,1,,,,,,18:07
1320260731020007,iwakitaira,2026-08-01,7,×5 △1 ▲2 注6 ○3 ◎4,,,,,6,山根 慶太  岡,山,26,123,S2,逃,3.92,87.70,注,2,8.3,25.0,50.0,3,1,,,,,,18:07
1320260731020008,iwakitaira,2026-08-01,8,注4 ×1 ▲7 ◎5 ○3 △2,,,,,1,青森 伸也  福,島,49,87,S2,追,3.92,99.00,×,1,0.0,22.2,44.4,0,0,,,,,,18:31
1320260731020008,iwakitaira,2026-08-01,8,注4 ×1 ▲7 ◎5 ○3 △2,,,,,2,西岡 正一,和歌山,49,84,S2,追,3.92,97.52,△,4,0.0,25.0,30.0,0,0,,,,,,18:31
1320260731020008,iwakitaira,2026-08-01,8,注4 ×1 ▲7 ◎5 ○3 △2,,,,,3,長井 妙樹  東,京,37,96,S2,追,3.92,92.20,○,5,4.1,16.6,33.3,0,0,,,,,,18:31
1320260731020008,iwakitaira,2026-08-01,8,注4 ×1 ▲7 ◎5 ○3 △2,,,,,4,五十嵐 綾  福,島,26,121,S2,逃,3.92,93.91,注,2,13.0,26.0,39.1,2,4,,,,,,18:31
1320260731020008,iwakitaira,2026-08-01,8,注4 ×1 ▲7 ◎5 ○3 △2,,,,,5,河合 佑弥  東,京,31,113,S2,逃,3.92,102.25,◎,6,0.0,50.0,58.3,3,3,,,,,,18:31
1320260731020008,iwakitaira,2026-08-01,8,注4 ×1 ▲7 ◎5 ○3 △2,,,,,6,宝満 大作  岐,阜,46,85,S2,追,3.92,90.83,nan,0,0.0,11.1,22.2,0,0,,,,,,18:31
1320260731020008,iwakitaira,2026-08-01,8,注4 ×1 ▲7 ◎5 ○3 △2,,,,,7,小橋 秀幸  青,森,47,85,S2,追,3.92,93.45,▲,3,16.6,37.5,45.8,0,0,,,,,,18:31
1320260731020009,iwakitaira,2026-08-01,9,◎5 ○1 ▲7 △3 ×4 注6,,,,,1,畑段 嵐士  京,都,35,105,S2,追,3.92,101.50,○,5,11.5,38.4,42.3,0,1,,,,,,18:55
1320260731020009,iwakitaira,2026-08-01,9,◎5 ○1 ▲7 △3 ×4 注6,,,,,2,土屋 裕二  静,岡,50,81,S2,追,3.92,96.37,nan,0,0.0,0.0,12.5,0,0,,,,,,18:55
1320260731020009,iwakitaira,2026-08-01,9,◎5 ○1 ▲7 △3 ×4 注6,,,,,3,牧 剛央  大,分,52,80,S2,追,3.92,99.21,△,4,10.5,21.0,31.5,0,0,,,,,,18:55
1320260731020009,iwakitaira,2026-08-01,9,◎5 ○1 ▲7 △3 ×4 注6,,,,,4,坂本 修一  岡,山,38,99,S2,追,3.92,101.34,×,1,7.6,15.3,46.1,0,0,,,,,,18:55
1320260731020009,iwakitaira,2026-08-01,9,◎5 ○1 ▲7 △3 ×4 注6,,,,,5,貴志 修己,和歌山,30,117,S2,逃,3.92,102.00,◎,6,19.2,30.7,46.1,6,2,,,,,,18:55
1320260731020009,iwakitaira,2026-08-01,9,◎5 ○1 ▲7 △3 ×4 注6,,,,,6,小榑 佑弥  群,馬,27,121,S2,逃,3.92,92.42,注,2,7.1,28.5,35.7,0,1,,,,,,18:55
1320260731020009,iwakitaira,2026-08-01,9,◎5 ○1 ▲7 △3 ×4 注6,,,,,7,八日市屋 浩之  石,川,51,79,S2,追,3.92,96.37,▲,3,0.0,25.0,25.0,0,0,,,,,,18:55
1320260731020010,iwakitaira,2026-08-01,10,△2 ▲4 ◎3 ○5 ×1 注7,,,,,1,岩津 裕介  岡,山,44,87,S1,追,3.92,111.00,×,1,20.0,36.6,43.3,0,0,,,,,,19:20
1320260731020010,iwakitaira,2026-08-01,10,△2 ▲4 ◎3 ○5 ×1 注7,,,,,2,川口 聖二  岐,阜,32,103,S1,両,3.92,104.81,△,4,7.1,32.1,50.0,1,4,,,,,,19:20
1320260731020010,iwakitaira,2026-08-01,10,△2 ▲4 ◎3 ○5 ×1 注7,,,,,3,木村 皆斗  茨,城,24,119,S1,逃,3.92,109.00,◎,6,35.7,50.0,64.2,9,5,,,,,,19:20
1320260731020010,iwakitaira,2026-08-01,10,△2 ▲4 ◎3 ○5 ×1 注7,,,,,4,清水 一幸  大,阪,39,109,S2,追,3.92,100.50,▲,3,22.2,29.6,37.0,0,1,,,,,,19:20
1320260731020010,iwakitaira,2026-08-01,10,△2 ▲4 ◎3 ○5 ×1 注7,,,,,5,依田 翔大  山,梨,27,123,S2,逃,3.92,101.26,○,5,20.0,40.0,53.3,2,3,,,,,,19:20
1320260731020010,iwakitaira,2026-08-01,10,△2 ▲4 ◎3 ○5 ×1 注7,,,,,6,藤根 俊貴  岩,手,31,113,S2,逃,3.92,97.70,nan,0,5.8,17.6,35.2,0,3,,,,,,19:20
1320260731020010,iwakitaira,2026-08-01,10,△2 ▲4 ◎3 ○5 ×1 注7,,,,,7,原田 研太朗  徳,島,35,98,S1,逃,3.92,104.23,注,2,20.5,32.3,44.1,3,7,,,,,,19:20
1320260731020011,iwakitaira,2026-08-01,11,×7 △1 注6 ○2 ◎3 ▲5,,,,,1,小岩 大介  大,分,42,90,S1,追,3.92,108.50,△,4,0.0,40.0,60.0,0,0,,,,,,19:46
1320260731020011,iwakitaira,2026-08-01,11,×7 △1 注6 ○2 ◎3 ▲5,,,,,2,海老根 恵太  千,葉,49,86,S2,追,3.92,106.28,注,2,19.0,47.6,66.6,0,0,,,,,,19:46
1320260731020011,iwakitaira,2026-08-01,11,×7 △1 注6 ○2 ◎3 ▲5,,,,,3,村田 祐樹  富,山,27,121,S1,逃,3.92,105.95,○,5,15.0,35.0,50.0,4,3,,,,,,19:46
1320260731020011,iwakitaira,2026-08-01,11,×7 △1 注6 ○2 ◎3 ▲5,,,,,4,川口 雄太  徳,島,29,111,S2,両,3.92,105.96,▲,3,34.6,46.1,61.5,0,6,,,,,,19:46
1320260731020011,iwakitaira,2026-08-01,11,×7 △1 注6 ○2 ◎3 ▲5,,,,,5,坂口 晃輔  三,重,38,95,S1,追,3.92,108.87,◎,6,12.5,37.5,56.2,0,0,,,,,,19:46
1320260731020011,iwakitaira,2026-08-01,11,×7 △1 注6 ○2 ◎3 ▲5,,,,,6,渡邉 雄太  静,岡,31,105,S2,両,3.93,102.90,nan,0,25.0,33.3,33.3,0,0,,,,,,19:46
1320260731020011,iwakitaira,2026-08-01,11,×7 △1 注6 ○2 ◎3 ▲5,,,,,7,松岡 辰泰  熊,本,29,117,S1,逃,3.92,102.91,×,1,12.0,24.0,28.0,0,5,,,,,,19:46
1320260731020012,iwakitaira,2026-08-01,12,◎1 ○4 △6 ▲5 注2 ×3,,,,,1,酒井 雄多  福,島,30,109,S1,逃,3.92,107.56,◎,6,16.6,29.1,33.3,0,5,,,,,,20:12
1320260731020012,iwakitaira,2026-08-01,12,◎1 ○4 △6 ▲5 注2 ×3,,,,,2,松岡 貴久  熊,本,42,90,S1,追,3.92,104.24,▲,3,3.8,26.9,42.3,0,0,,,,,,20:12
1320260731020012,iwakitaira,2026-08-01,12,◎1 ○4 △6 ▲5 注2 ×3,,,,,3,鈴木 浩太  千,葉,29,119,S2,逃,3.92,98.52,注,2,31.5,36.8,42.1,5,2,,,,,,20:12
1320260731020012,iwakitaira,2026-08-01,12,◎1 ○4 △6 ▲5 注2 ×3,,,,,4,佐々木 堅次  福,島,31,113,S2,両,3.92,100.60,○,5,19.0,28.5,38.0,0,3,,,,,,20:12
1320260731020012,iwakitaira,2026-08-01,12,◎1 ○4 △6 ▲5 注2 ×3,,,,,5,市橋 司優人  福,岡,34,103,S2,両,3.85,103.34,△,4,4.3,17.3,30.4,0,2,,,,,,20:12
1320260731020012,iwakitaira,2026-08-01,12,◎1 ○4 △6 ▲5 注2 ×3,,,,,6,佐伯 翔  福,島,39,97,S2,追,3.92,96.76,nan,0,0.0,0.0,7.6,0,0,,,,,,20:12
1320260731020012,iwakitaira,2026-08-01,12,◎1 ○4 △6 ▲5 注2 ×3,,,,,7,佐々木 眞也,神奈川,31,117,S1,両,3.92,111.63,×,1,21.7,39.1,43.4,0,1,,,,,,20:12
2120260730030001,yahiko,2026-08-01,1,○1 ◎4 △7 ▲2 注5 ×6,,,,,1,安藤 直希  京,都,28,117,A2,逃,3.92,82.38,○,5,11.1,25.9,48.1,5,1,,,,,,15:59
2120260730030001,yahiko,2026-08-01,1,○1 ◎4 △7 ▲2 注5 ×6,,,,,2,舛井 幹雄  三,重,54,71,A1,追,3.93,89.46,△,4,15.3,23.0,34.6,0,1,,,,,,15:59
2120260730030001,yahiko,2026-08-01,1,○1 ◎4 △7 ▲2 注5 ×6,,,,,3,須藤 誠  千,葉,41,92,A2,追,3.92,83.87,×,1,3.0,27.2,45.4,0,0,,,,,,15:59
2120260730030001,yahiko,2026-08-01,1,○1 ◎4 △7 ▲2 注5 ×6,,,,,4,竹内 一暢  滋,賀,49,84,A1,追,3.92,85.38,◎,6,12.9,38.7,54.8,0,0,,,,,,15:59
2120260730030001,yahiko,2026-08-01,1,○1 ◎4 △7 ▲2 注5 ×6,,,,,5,上田 隼  岐,阜,36,97,A2,追,3.92,84.85,▲,3,10.7,17.8,35.7,0,1,,,,,,15:59
2120260730030001,yahiko,2026-08-01,1,○1 ◎4 △7 ▲2 注5 ×6,,,,,6,楠野 史尭  埼,玉,38,105,A2,両,3.92,79.53,注,2,48.1,74.0,85.1,7,2,,,,,,15:59
2120260730030001,yahiko,2026-08-01,1,○1 ◎4 △7 ▲2 注5 ×6,,,,,7,勝谷 勝治  三,重,35,115,A2,両,3.92,81.46,nan,0,3.5,10.7,28.5,0,0,,,,,,15:59
2120260730030002,yahiko,2026-08-01,2,▲1 ×7 注4 ◎5 ○2 △3,,,,,1,松岡 晋乃介  岐,阜,30,109,A2,逃,3.92,81.76,▲,3,3.3,13.3,43.3,3,0,,,,,,16:21
2120260730030002,yahiko,2026-08-01,2,▲1 ×7 注4 ◎5 ○2 △3,,,,,2,矢内 良和  群,馬,50,75,A2,追,3.92,81.17,○,5,8.6,13.0,21.7,0,0,,,,,,16:21
2120260730030002,yahiko,2026-08-01,2,▲1 ×7 注4 ◎5 ○2 △3,,,,,3,高橋 大輝  秋,田,32,111,A2,両,3.92,81.73,△,4,13.3,23.3,33.3,0,4,,,,,,16:21
2120260730030002,yahiko,2026-08-01,2,▲1 ×7 注4 ◎5 ○2 △3,,,,,4,小西 誠也  三,重,50,80,A2,追,3.92,82.33,注,2,8.3,12.5,37.5,0,0,,,,,,16:21
2120260730030002,yahiko,2026-08-01,2,▲1 ×7 注4 ◎5 ○2 △3,,,,,5,川田 真也  埼,玉,25,125,A1,逃,3.85,90.13,◎,6,30.0,56.6,60.0,13,4,,,,,,16:21
2120260730030002,yahiko,2026-08-01,2,▲1 ×7 注4 ◎5 ○2 △3,,,,,6,山口 茂  福,島,46,98,A2,追,3.92,79.38,nan,0,0.0,0.0,9.0,0,0,,,,,,16:21
2120260730030002,yahiko,2026-08-01,2,▲1 ×7 注4 ◎5 ○2 △3,,,,,7,鷲見 逸喜  岐,阜,48,79,A1,追,3.92,89.33,×,1,14.8,29.6,40.7,0,0,,,,,,16:21
2120260730030003,yahiko,2026-08-01,3,◎2 ○6 ×5 ▲1 注7 △3,,,,,1,飯尾 主税  静,岡,47,81,A1,追,3.92,86.87,▲,3,9.0,48.4,57.5,0,0,,,,,,16:43
2120260730030003,yahiko,2026-08-01,3,◎2 ○6 ×5 ▲1 注7 △3,,,,,2,土田 武志  茨,城,27,115,A1,逃,3.92,86.14,◎,6,20.6,44.8,48.2,7,4,,,,,,16:43
2120260730030003,yahiko,2026-08-01,3,◎2 ○6 ×5 ▲1 注7 △3,,,,,3,泉谷 直哉  兵,庫,43,94,A2,追,3.92,85.62,△,4,15.6,31.2,40.6,0,0,,,,,,16:43
2120260730030003,yahiko,2026-08-01,3,◎2 ○6 ×5 ▲1 注7 △3,,,,,4,河村 章憲  京,都,49,83,A2,追,3.92,81.74,nan,0,0.0,14.2,34.2,0,0,,,,,,16:43
2120260730030003,yahiko,2026-08-01,3,◎2 ○6 ×5 ▲1 注7 △3,,,,,5,大木 雅也  静,岡,50,83,A1,追,3.92,87.84,×,1,0.0,11.5,30.7,0,0,,,,,,16:43
2120260730030003,yahiko,2026-08-01,3,◎2 ○6 ×5 ▲1 注7 △3,,,,,6,小峰 烈  長,野,45,98,A1,両,3.93,81.44,○,5,7.4,11.1,29.6,0,2,,,,,,16:43
2120260730030003,yahiko,2026-08-01,3,◎2 ○6 ×5 ▲1 注7 △3,,,,,7,藤原 夏志  大,阪,28,125,A2,逃,3.92,83.42,注,2,0.0,20.0,25.0,1,0,,,,,,16:43
2120260730030004,yahiko,2026-08-01,4,◎1 ○4 ▲7 ×3 △6 注2,,,,,1,小坂 丈  茨,城,30,121,A2,逃,3.92,86.54,◎,6,12.5,25.0,54.1,1,3,,,,,,17:07
2120260730030004,yahiko,2026-08-01,4,◎1 ○4 ▲7 ×3 △6 注2,,,,,2,大崎 和也  青,森,39,92,A1,追,3.92,86.96,△,4,11.1,25.9,51.8,0,0,,,,,,17:07
2120260730030004,yahiko,2026-08-01,4,◎1 ○4 ▲7 ×3 △6 注2,,,,,3,武井 大介  千,葉,45,86,A1,追,3.93,88.56,×,1,0.0,29.4,52.9,0,0,,,,,,17:07
2120260730030004,yahiko,2026-08-01,4,◎1 ○4 ▲7 ×3 △6 注2,,,,,4,大橋 徹  栃,木,53,72,A1,追,3.92,86.50,○,5,11.1,27.7,38.8,0,0,,,,,,17:07
2120260730030004,yahiko,2026-08-01,4,◎1 ○4 ▲7 ×3 △6 注2,,,,,5,伊藤 奎  福,島,27,115,A1,追,3.92,86.40,注,2,16.6,26.6,36.6,0,1,,,,,,17:07
2120260730030004,yahiko,2026-08-01,4,◎1 ○4 ▲7 ×3 △6 注2,,,,,6,石井 毅,神奈川,52,74,A2,追,3.77,74.52,nan,0,11.1,38.8,52.7,0,1,,,,,,17:07
2120260730030004,yahiko,2026-08-01,4,◎1 ○4 ▲7 ×3 △6 注2,,,,,7,宮澤 晃  山,梨,51,75,A2,追,3.92,81.96,▲,3,4.0,12.0,28.0,0,0,,,,,,17:07
2120260730030005,yahiko,2026-08-01,5,×6 ◎2 ○1 ▲4 注3 △5,,,,,1,小野 大介  福,島,42,91,S2,追,3.92,96.91,○,5,4.3,13.0,34.7,0,0,,,,,,17:31
2120260730030005,yahiko,2026-08-01,5,×6 ◎2 ○1 ▲4 注3 △5,,,,,2,大洞 翔平  岐,阜,34,100,S2,追,3.92,98.35,◎,6,6.6,13.3,20.0,0,0,,,,,,17:31
2120260730030005,yahiko,2026-08-01,5,×6 ◎2 ○1 ▲4 注3 △5,,,,,3,鈴木 謙太郎  茨,城,41,90,S2,両,3.92,96.79,注,2,3.4,10.3,27.5,1,0,,,,,,17:31
2120260730030005,yahiko,2026-08-01,5,×6 ◎2 ○1 ▲4 注3 △5,,,,,4,佐藤 康紀  青,森,51,73,S2,追,3.92,92.78,▲,3,0.0,0.0,3.4,0,0,,,,,,17:31
2120260730030005,yahiko,2026-08-01,5,×6 ◎2 ○1 ▲4 注3 △5,,,,,5,木暮 安由  群,馬,41,92,S2,追,3.92,95.64,△,4,14.2,42.8,42.8,0,1,,,,,,17:31
2120260730030005,yahiko,2026-08-01,5,×6 ◎2 ○1 ▲4 注3 △5,,,,,6,下井 竜  三,重,31,117,S2,逃,3.92,92.61,×,1,9.5,33.3,52.3,2,4,,,,,,17:31
2120260730030006,yahiko,2026-08-01,6,○1 ◎5 △4 ×2 ▲6 注3,,,,,1,村上 翔馬  兵,庫,27,123,S2,逃,3.92,94.40,○,5,25.9,59.2,77.7,7,9,,,,,,17:55
2120260730030006,yahiko,2026-08-01,6,○1 ◎5 △4 ×2 ▲6 注3,,,,,2,久木原 洋  埼,玉,41,97,S1,両,3.93,102.83,×,1,11.1,27.7,44.4,0,0,,,,,,17:55
2120260730030006,yahiko,2026-08-01,6,○1 ◎5 △4 ×2 ▲6 注3,,,,,3,花田 将司  千,葉,39,99,S2,両,3.92,94.61,注,2,0.0,2.9,14.7,0,0,,,,,,17:55
2120260730030006,yahiko,2026-08-01,6,○1 ◎5 △4 ×2 ▲6 注3,,,,,4,金成 和幸  福,島,47,88,S2,追,3.92,98.94,△,4,2.8,11.4,22.8,0,0,,,,,,17:55
2120260730030006,yahiko,2026-08-01,6,○1 ◎5 △4 ×2 ▲6 注3,,,,,5,佐川 翔吾  大,阪,42,94,S2,両,3.92,96.90,◎,6,9.0,13.6,27.2,0,0,,,,,,17:55
2120260730030006,yahiko,2026-08-01,6,○1 ◎5 △4 ×2 ▲6 注3,,,,,6,伊東 佑晟  三,重,23,125,S2,逃,3.92,92.00,▲,3,0.0,0.0,0.0,0,0,,,,,,17:55
2120260730030007,yahiko,2026-08-01,7,◎2 ○7 注6 ×1 △4 ▲3,,,,,1,竹澤 浩司  富,山,45,90,S2,両,3.92,89.62,×,1,22.2,40.7,40.7,3,6,,,,,,18:19
2120260730030007,yahiko,2026-08-01,7,◎2 ○7 注6 ×1 △4 ▲3,,,,,2,伊藤 慶太郎  埼,玉,32,107,S2,逃,3.92,98.40,◎,6,24.0,32.0,36.0,2,1,,,,,,18:19
2120260730030007,yahiko,2026-08-01,7,◎2 ○7 注6 ×1 △4 ▲3,,,,,3,稲垣 裕之  京,都,49,86,S2,両,3.92,96.22,△,4,5.7,17.1,28.5,0,0,,,,,,18:19
2120260730030007,yahiko,2026-08-01,7,◎2 ○7 注6 ×1 △4 ▲3,,,,,4,北川 大五郎  大,阪,35,103,S2,両,3.92,89.62,nan,0,11.1,18.5,22.2,2,1,,,,,,18:19
2120260730030007,yahiko,2026-08-01,7,◎2 ○7 注6 ×1 △4 ▲3,,,,,5,長谷部 翔  静,岡,31,109,S2,両,3.93,97.28,▲,3,3.7,11.1,29.6,0,0,,,,,,18:19
2120260730030007,yahiko,2026-08-01,7,◎2 ○7 注6 ×1 △4 ▲3,,,,,6,佐藤 大地  三,重,26,125,S2,逃,3.92,89.45,注,2,22.7,36.3,40.9,5,3,,,,,,18:19
2120260730030007,yahiko,2026-08-01,7,◎2 ○7 注6 ×1 △4 ▲3,,,,,7,朝倉 佳弘  東,京,45,90,S2,追,3.93,102.92,○,5,7.1,25.0,42.8,0,0,,,,,,18:19
2120260730030008,yahiko,2026-08-01,8,△6 ◎1 ○4 注2 ×7 ▲5,,,,,1,山田 久徳  京,都,38,93,S1,両,3.92,109.78,◎,6,6.4,19.3,35.4,0,0,,,,,,18:43
2120260730030008,yahiko,2026-08-01,8,△6 ◎1 ○4 注2 ×7 ▲5,,,,,2,伊勢崎 彰大  千,葉,47,81,S2,追,3.92,99.05,nan,0,11.7,23.5,29.4,0,0,,,,,,18:43
2120260730030008,yahiko,2026-08-01,8,△6 ◎1 ○4 注2 ×7 ▲5,,,,,3,土屋 壮登  埼,玉,39,101,S2,追,3.92,103.95,▲,3,12.5,41.6,45.8,0,0,,,,,,18:43
2120260730030008,yahiko,2026-08-01,8,△6 ◎1 ○4 注2 ×7 ▲5,,,,,4,不破 将登  岐,阜,37,94,S2,両,3.92,101.96,○,5,12.5,28.1,37.5,0,1,,,,,,18:43
2120260730030008,yahiko,2026-08-01,8,△6 ◎1 ○4 注2 ×7 ▲5,,,,,5,大矢 崇弘  東,京,35,107,S1,追,3.93,104.11,×,1,18.5,37.0,51.8,0,0,,,,,,18:43
2120260730030008,yahiko,2026-08-01,8,△6 ◎1 ○4 注2 ×7 ▲5,,,,,6,高田 修汰  福,井,26,115,S2,逃,3.92,97.61,△,4,11.7,26.4,38.2,8,1,,,,,,18:43
2120260730030008,yahiko,2026-08-01,8,△6 ◎1 ○4 注2 ×7 ▲5,,,,,7,中嶋 宣成  長,野,36,113,S2,逃,3.93,101.27,注,2,27.5,37.9,44.8,8,3,,,,,,18:43
2120260730030009,yahiko,2026-08-01,9,○5 ◎1 ×4 △2 注7 ▲3,,,,,1,大森 慶一,北海道,44,88,S2,追,3.86,107.23,◎,6,18.5,29.6,55.5,0,0,,,,,,19:07
2120260730030009,yahiko,2026-08-01,9,○5 ◎1 ×4 △2 注7 ▲3,,,,,2,志村 太賀  山,梨,43,90,S1,追,3.92,99.23,△,4,3.8,23.0,38.4,0,0,,,,,,19:07
2120260730030009,yahiko,2026-08-01,9,○5 ◎1 ×4 △2 注7 ▲3,,,,,3,伊代野 貴照  奈,良,45,101,S2,追,3.92,101.66,▲,3,3.5,17.8,32.1,0,0,,,,,,19:07
2120260730030009,yahiko,2026-08-01,9,○5 ◎1 ×4 △2 注7 ▲3,,,,,4,篠田 幸希  群,馬,27,123,S1,逃,3.92,104.33,×,1,23.0,50.0,61.5,2,8,,,,,,19:07
2120260730030009,yahiko,2026-08-01,9,○5 ◎1 ×4 △2 注7 ▲3,,,,,5,小堀 敢太,北海道,26,125,S2,逃,3.92,107.00,○,5,35.2,41.1,58.8,5,2,,,,,,19:07
2120260730030009,yahiko,2026-08-01,9,○5 ◎1 ×4 △2 注7 ▲3,,,,,6,牧田 悠生  新,潟,27,123,S2,逃,3.92,99.11,nan,0,22.2,29.6,33.3,1,4,,,,,,19:07
2120260730030009,yahiko,2026-08-01,9,○5 ◎1 ×4 △2 注7 ▲3,,,,,7,栗山 俊介  奈,良,38,103,S2,両,3.92,101.46,注,2,7.6,11.5,38.4,1,0,,,,,,19:07
2120260730030010,yahiko,2026-08-01,10,◎4 ○7 ▲1 注6 ×2 △5,,,,,1,福田 滉  栃,木,27,115,S2,追,3.92,99.30,▲,3,8.5,14.2,37.1,0,0,,,,,,19:33
2120260730030010,yahiko,2026-08-01,10,◎4 ○7 ▲1 注6 ×2 △5,,,,,2,内藤 宣彦  秋,田,55,67,S1,追,3.92,106.75,注,2,7.6,11.5,26.9,0,0,,,,,,19:33
2120260730030010,yahiko,2026-08-01,10,◎4 ○7 ▲1 注6 ×2 △5,,,,,3,山本 伸一  奈,良,43,101,S2,両,3.92,106.00,△,4,13.6,22.7,40.9,0,1,,,,,,19:33
2120260730030010,yahiko,2026-08-01,10,◎4 ○7 ▲1 注6 ×2 △5,,,,,4,滝本 幸正  新,潟,28,121,S2,逃,3.92,103.36,◎,6,52.6,84.2,94.7,11,4,,,,,,19:33
2120260730030010,yahiko,2026-08-01,10,◎4 ○7 ▲1 注6 ×2 △5,,,,,5,伊藤 信  大,阪,42,92,S1,逃,3.93,103.33,×,1,19.3,35.4,45.1,1,10,,,,,,19:33
2120260730030010,yahiko,2026-08-01,10,◎4 ○7 ▲1 注6 ×2 △5,,,,,6,菊池 竣太朗  静,岡,29,111,S2,両,3.92,96.77,nan,0,44.4,55.5,66.6,0,5,,,,,,19:33
2120260730030010,yahiko,2026-08-01,10,◎4 ○7 ▲1 注6 ×2 △5,,,,,7,磯田 旭  栃,木,36,96,S2,追,3.92,107.18,○,5,11.1,22.2,44.4,0,0,,,,,,19:33
2120260730030011,yahiko,2026-08-01,11,×2 ○1 ◎7 △4 ▲6 注3,,,,,1,上川 直紀  栃,木,30,117,A1,両,3.92,91.00,○,5,14.2,33.3,52.3,2,5,,,,,,19:59
2120260730030011,yahiko,2026-08-01,11,×2 ○1 ◎7 △4 ▲6 注3,,,,,2,大塚 城  静,岡,20,127,A2,逃,3.92,91.57,×,1,47.6,61.9,76.1,8,5,,,,,,19:59
2120260730030011,yahiko,2026-08-01,11,×2 ○1 ◎7 △4 ▲6 注3,,,,,3,磯島 康祐  青,森,34,105,A1,逃,3.85,91.66,▲,3,25.9,40.7,55.5,4,4,,,,,,19:59
2120260730030011,yahiko,2026-08-01,11,×2 ○1 ◎7 △4 ▲6 注3,,,,,4,近谷 涼  富,山,34,121,A1,逃,3.92,93.41,◎,6,25.0,58.3,75.0,4,3,,,,,,19:59
2120260730030011,yahiko,2026-08-01,11,×2 ○1 ◎7 △4 ▲6 注3,,,,,5,丸山 貴秀  秋,田,46,89,A1,追,3.92,95.80,注,2,3.3,20.0,46.6,0,0,,,,,,19:59
2120260730030011,yahiko,2026-08-01,11,×2 ○1 ◎7 △4 ▲6 注3,,,,,6,伊原 克彦  福,井,44,91,A1,両,3.92,90.37,△,4,25.9,48.1,55.5,0,10,,,,,,19:59
2120260730030011,yahiko,2026-08-01,11,×2 ○1 ◎7 △4 ▲6 注3,,,,,7,野中 祐志  埼,玉,39,98,A1,追,3.92,96.52,nan,0,0.0,10.5,26.3,0,0,,,,,,19:59
2120260730030012,yahiko,2026-08-01,12,×5 ▲3 △1 ◎4 ○7 注6,,,,,1,森田 優弥  埼,玉,28,113,S2,逃,3.92,111.04,△,4,33.3,40.7,59.2,3,8,,,,,,20:25
2120260730030012,yahiko,2026-08-01,12,×5 ▲3 △1 ◎4 ○7 注6,,,,,2,青野 将大,神奈川,32,117,S1,逃,3.92,108.18,注,2,20.8,37.5,41.6,3,3,,,,,,20:25
2120260730030012,yahiko,2026-08-01,12,×5 ▲3 △1 ◎4 ○7 注6,,,,,3,志智 俊夫  岐,阜,53,70,S1,追,3.93,108.85,▲,3,20.6,44.8,51.7,0,1,,,,,,20:25
2120260730030012,yahiko,2026-08-01,12,×5 ▲3 △1 ◎4 ○7 注6,,,,,4,坂井 洋  栃,木,31,115,S1,両,3.92,113.08,◎,6,31.4,45.7,60.0,2,8,,,,,,20:25
2120260730030012,yahiko,2026-08-01,12,×5 ▲3 △1 ◎4 ○7 注6,,,,,5,浅井 康太  三,重,42,90,S1,両,3.92,112.33,×,1,24.2,27.2,51.5,0,2,,,,,,20:25
2120260730030012,yahiko,2026-08-01,12,×5 ▲3 △1 ◎4 ○7 注6,,,,,6,大石 剣士  静,岡,30,109,S2,逃,3.92,106.50,nan,0,26.9,61.5,73.0,5,10,,,,,,20:25
2120260730030012,yahiko,2026-08-01,12,×5 ▲3 △1 ◎4 ○7 注6,,,,,7,佐藤 礼文  茨,城,35,115,S1,追,3.92,109.23,○,5,31.8,40.9,40.9,0,0,,,,,,20:25
2720260731020001,keiokaku,2026-08-01,1,,,,,,1,佐々木 祐太  岩,手,26,123,A1,逃,3.92,84.58,nan,0,12.5,29.1,50.0,5,2,,,,,,20:44
2720260731020001,keiokaku,2026-08-01,1,,,,,,2,佐々木 健司  青,森,52,76,A2,追,3.92,80.95,nan,0,8.0,12.0,32.0,0,0,,,,,,20:44
2720260731020001,keiokaku,2026-08-01,1,,,,,,3,佐藤 清之  千,葉,43,93,A2,追,3.92,80.73,nan,0,15.3,15.3,23.0,0,2,,,,,,20:44
2720260731020001,keiokaku,2026-08-01,1,,,,,,4,齊藤 健人  静,岡,39,92,A2,両,3.92,80.70,nan,0,12.5,25.0,29.1,6,0,,,,,,20:44
2720260731020001,keiokaku,2026-08-01,1,,,,,,5,若林 耕司  群,馬,45,87,A2,追,3.85,80.43,nan,0,0.0,8.6,13.0,0,0,,,,,,20:44
2720260731020001,keiokaku,2026-08-01,1,,,,,,6,大関 祐也  千,葉,31,107,A2,逃,3.92,80.25,nan,0,7.4,14.8,29.6,2,1,,,,,,20:44
2720260731020001,keiokaku,2026-08-01,1,,,,,,7,杉浦 康一,北海道,61,58,A2,追,3.92,71.66,nan,0,9.5,14.2,33.3,0,0,,,,,,20:44
2720260731020002,keiokaku,2026-08-01,2,,,,,,1,須永 勝太  福,島,35,98,A2,両,3.92,85.33,nan,0,18.5,40.7,48.1,0,2,,,,,,21:08
2720260731020002,keiokaku,2026-08-01,2,,,,,,2,伊早坂 駿一  茨,城,31,105,A2,逃,3.92,85.30,nan,0,30.7,34.6,42.3,6,3,,,,,,21:08
2720260731020002,keiokaku,2026-08-01,2,,,,,,3,中里 福太郎,北海道,30,113,A2,逃,3.93,84.05,nan,0,11.1,22.2,33.3,0,0,,,,,,21:08
2720260731020002,keiokaku,2026-08-01,2,,,,,,4,堀 政美  茨,城,57,65,A2,追,3.93,84.04,nan,0,4.1,16.6,37.5,0,0,,,,,,21:08
2720260731020002,keiokaku,2026-08-01,2,,,,,,5,田中 勝仁  千,葉,40,93,A2,両,3.93,82.22,nan,0,5.2,10.5,15.7,1,0,,,,,,21:08
2720260731020002,keiokaku,2026-08-01,2,,,,,,6,新井 剛央  埼,玉,48,86,A2,追,3.92,80.72,nan,0,0.0,0.0,5.5,0,0,,,,,,21:08
2720260731020002,keiokaku,2026-08-01,2,,,,,,7,森川 剛,神奈川,47,89,A2,追,3.92,78.31,nan,0,3.4,6.8,17.2,0,0,,,,,,21:08
2720260731020003,keiokaku,2026-08-01,3,,,,,,1,鹿内 翔  青,森,40,95,A1,追,3.92,88.14,nan,0,4.7,28.5,52.3,0,0,,,,,,21:32
2720260731020003,keiokaku,2026-08-01,3,,,,,,2,田村 真広  群,馬,51,83,A1,追,3.92,86.58,nan,0,16.6,29.1,45.8,0,0,,,,,,21:32
2720260731020003,keiokaku,2026-08-01,3,,,,,,3,北村 貴幸  群,馬,54,71,A2,追,3.85,85.26,nan,0,0.0,20.0,33.3,0,0,,,,,,21:32
2720260731020003,keiokaku,2026-08-01,3,,,,,,4,梅原 大治  静,岡,49,81,A2,追,3.85,84.42,nan,0,4.7,14.2,42.8,0,0,,,,,,21:32
2720260731020003,keiokaku,2026-08-01,3,,,,,,5,野村 純宏,神奈川,50,82,A2,追,3.92,81.65,nan,0,8.3,12.5,25.0,0,0,,,,,,21:32
2720260731020003,keiokaku,2026-08-01,3,,,,,,6,法月 成祐,神奈川,52,77,A1,追,3.92,78.25,nan,0,9.5,52.3,66.6,0,1,,,,,,21:32
2720260731020003,keiokaku,2026-08-01,3,,,,,,7,吉田 夢希斗  埼,玉,21,127,A2,逃,3.85,76.41,nan,0,8.3,45.8,58.3,6,4,,,,,,21:32
2720260731020004,keiokaku,2026-08-01,4,,,,,,1,藤田 大輔  千,葉,41,91,A1,追,3.92,87.95,nan,0,25.0,41.6,58.3,0,1,,,,,,21:56
2720260731020004,keiokaku,2026-08-01,4,,,,,,2,栗田 雄矢  静,岡,40,96,A1,追,3.92,87.33,nan,0,9.5,33.3,47.6,0,0,,,,,,21:56
2720260731020004,keiokaku,2026-08-01,4,,,,,,3,伊藤 太一  山,梨,43,91,A1,追,3.92,85.83,nan,0,12.5,29.1,50.0,0,0,,,,,,21:56
2720260731020004,keiokaku,2026-08-01,4,,,,,,4,河野 要,神奈川,42,94,A2,追,3.85,85.20,nan,0,20.8,29.1,41.6,0,0,,,,,,21:56
2720260731020004,keiokaku,2026-08-01,4,,,,,,5,瀧野 勝太  群,馬,39,92,A2,追,3.93,83.41,nan,0,8.3,20.8,25.0,0,0,,,,,,21:56
2720260731020004,keiokaku,2026-08-01,4,,,,,,6,松田 昂己  茨,城,24,123,A2,逃,3.92,83.38,nan,0,9.5,28.5,42.8,3,2,,,,,,21:56
2720260731020004,keiokaku,2026-08-01,4,,,,,,7,小島 雅章  埼,玉,50,83,A2,追,3.92,81.13,nan,0,13.3,20.0,26.6,0,0,,,,,,21:56
2720260731020005,keiokaku,2026-08-01,5,,,,,,1,石橋 慎太郎  静,岡,43,88,A1,追,3.54,95.05,nan,0,5.5,22.2,38.8,0,0,,,,,,22:22
2720260731020005,keiokaku,2026-08-01,5,,,,,,2,保科 千春  宮,城,34,100,A1,追,3.92,94.96,nan,0,7.1,21.4,32.1,0,0,,,,,,22:22
2720260731020005,keiokaku,2026-08-01,5,,,,,,3,馬場 和広  埼,玉,35,98,A1,両,3.92,92.71,nan,0,27.2,45.4,59.0,1,3,,,,,,22:22
2720260731020005,keiokaku,2026-08-01,5,,,,,,4,神尾 敬冬  静,岡,26,123,A1,逃,3.92,90.84,nan,0,0.0,0.0,5.2,0,0,,,,,,22:22
2720260731020005,keiokaku,2026-08-01,5,,,,,,5,奥原 亨,神奈川,37,103,A2,追,3.92,87.96,nan,0,18.5,40.7,55.5,1,0,,,,,,22:22
2720260731020005,keiokaku,2026-08-01,5,,,,,,6,福田 健太  宮,城,25,125,A1,逃,3.92,87.12,nan,0,29.1,50.0,54.1,7,3,,,,,,22:22
2720260731020005,keiokaku,2026-08-01,5,,,,,,7,戸邉 捺希  埼,玉,27,117,A1,逃,3.92,86.55,nan,0,9.5,33.3,57.1,2,2,,,,,,22:22
2720260731020006,keiokaku,2026-08-01,6,,,,,,1,宇佐見 優介  福,島,32,115,A1,追,3.92,94.66,nan,0,8.3,58.3,83.3,0,0,,,,,,22:49
2720260731020006,keiokaku,2026-08-01,6,,,,,,2,鈴木 庸之  新,潟,40,92,A1,両,3.93,93.08,nan,0,16.6,41.6,50.0,0,1,,,,,,22:49
2720260731020006,keiokaku,2026-08-01,6,,,,,,3,大高 彰馬  福,島,27,119,A1,逃,3.92,90.66,nan,0,13.3,40.0,46.6,1,4,,,,,,22:49
2720260731020006,keiokaku,2026-08-01,6,,,,,,4,土田 栄二  茨,城,30,115,A1,逃,3.92,89.95,nan,0,28.5,57.1,76.1,11,0,,,,,,22:49
2720260731020006,keiokaku,2026-08-01,6,,,,,,5,松坂 侑亮,神奈川,28,115,A1,逃,3.92,88.62,nan,0,40.7,55.5,59.2,6,8,,,,,,22:49
2720260731020006,keiokaku,2026-08-01,6,,,,,,6,原岡 泰志郎  千,葉,37,100,A2,両,3.92,88.04,nan,0,16.6,25.0,54.1,0,0,,,,,,22:49
2720260731020006,keiokaku,2026-08-01,6,,,,,,7,望月 紀男  静,岡,49,79,A2,追,3.92,86.29,nan,0,11.1,16.6,38.8,0,0,,,,,,22:49
2720260731020007,keiokaku,2026-08-01,7,,,,,,1,鈴木 薫  東,京,27,115,A1,逃,3.92,100.84,nan,0,30.7,53.8,61.5,1,3,,,,,,23:16
2720260731020007,keiokaku,2026-08-01,7,,,,,,2,川口 満宏  東,京,59,58,A1,追,3.92,93.82,nan,0,4.1,12.5,25.0,0,0,,,,,,23:16
2720260731020007,keiokaku,2026-08-01,7,,,,,,3,岡本 英之  千,葉,47,85,A1,追,3.93,89.61,nan,0,14.2,38.0,42.8,0,0,,,,,,23:16
2720260731020007,keiokaku,2026-08-01,7,,,,,,4,金野 俊秋  千,葉,42,92,A1,両,3.92,88.81,nan,0,22.2,44.4,62.9,1,5,,,,,,23:16
2720260731020007,keiokaku,2026-08-01,7,,,,,,5,土屋 仁  茨,城,51,84,A1,追,3.92,87.11,nan,0,11.1,33.3,59.2,0,0,,,,,,23:16
2720260731020007,keiokaku,2026-08-01,7,,,,,,6,田原 大広,北海道,46,87,A1,追,3.92,85.77,nan,0,5.5,16.6,44.4,0,0,,,,,,23:16
2720260731020007,keiokaku,2026-08-01,7,,,,,,7,菅田 和宏  宮,城,44,88,A2,逃,3.92,80.85,nan,0,7.4,18.5,22.2,2,1,,,,,,23:16
3620260801010001,odawara,2026-08-01,1,◎1 ○5 注9 ×7 △3 ▲2,,,,,1,北井 佑季,神奈川,36,119,S2,逃,3.92,105.56,◎,6,29.1,41.6,54.1,4,6,,,,,,10:48
3620260801010001,odawara,2026-08-01,1,◎1 ○5 注9 ×7 △3 ▲2,,,,,2,島田 竜二  熊,本,52,76,S2,追,3.92,95.50,nan,0,0.0,33.3,33.3,0,0,,,,,,10:48
3620260801010001,odawara,2026-08-01,1,◎1 ○5 注9 ×7 △3 ▲2,,,,,3,徳永 哲人  熊,本,44,100,S2,両,3.92,104.73,×,1,10.0,20.0,30.0,0,0,,,,,,10:48
3620260801010001,odawara,2026-08-01,1,◎1 ○5 注9 ×7 △3 ▲2,,,,,4,早坂 秀悟  茨,城,40,90,S2,逃,3.92,94.47,△,4,5.5,16.6,22.2,2,1,,,,,,10:48
3620260801010001,odawara,2026-08-01,1,◎1 ○5 注9 ×7 △3 ▲2,,,,,5,佐々木 龍,神奈川,35,109,S1,追,3.92,108.62,○,5,4.1,20.8,29.1,0,0,,,,,,10:48
3620260801010001,odawara,2026-08-01,1,◎1 ○5 注9 ×7 △3 ▲2,,,,,6,小池 千啓  栃,木,28,119,S2,逃,3.92,93.69,nan,0,0.0,8.6,21.7,1,0,,,,,,10:48
3620260801010001,odawara,2026-08-01,1,◎1 ○5 注9 ×7 △3 ▲2,,,,,7,河崎 正晴  熊,本,25,121,S2,逃,3.92,101.93,注,2,20.6,27.5,48.2,0,5,,,,,,10:48
3620260801010001,odawara,2026-08-01,1,◎1 ○5 注9 ×7 △3 ▲2,,,,,8,根本 哲吏  秋,田,40,97,S2,両,3.92,93.87,▲,3,0.0,12.5,12.5,0,1,,,,,,10:48
3620260801010001,odawara,2026-08-01,1,◎1 ○5 注9 ×7 △3 ▲2,,,,,9,丸山 啓一  静,岡,51,74,S2,追,3.92,100.37,nan,0,16.6,33.3,37.5,0,0,,,,,,10:48
3620260801010002,odawara,2026-08-01,2,×9 △1 ◎2 ○7 注5 ▲8,,,,,1,坂本 健太郎  福,岡,46,86,S2,追,3.85,102.75,△,4,6.8,20.6,27.5,0,0,,,,,,11:12
3620260801010002,odawara,2026-08-01,2,×9 △1 ◎2 ○7 注5 ▲8,,,,,2,嵯峨 昇喜郎  青,森,27,113,S1,両,3.92,109.76,◎,6,19.2,50.0,65.3,2,7,,,,,,11:12
3620260801010002,odawara,2026-08-01,2,×9 △1 ◎2 ○7 注5 ▲8,,,,,3,上田 裕和  三,重,45,86,S2,追,3.92,98.83,注,2,5.2,21.0,42.1,0,0,,,,,,11:12
3620260801010002,odawara,2026-08-01,2,×9 △1 ◎2 ○7 注5 ▲8,,,,,4,大塚 玲,神奈川,44,89,S2,追,3.92,97.50,▲,3,0.0,6.2,18.7,0,0,,,,,,11:12
3620260801010002,odawara,2026-08-01,2,×9 △1 ◎2 ○7 注5 ▲8,,,,,5,中田 雄喜  福,島,39,97,S2,追,3.92,102.76,nan,0,11.5,38.4,53.8,0,0,,,,,,11:12
3620260801010002,odawara,2026-08-01,2,×9 △1 ◎2 ○7 注5 ▲8,,,,,6,塚本 瑠羽,神奈川,28,119,S2,逃,3.92,94.77,nan,0,33.3,44.4,55.5,1,5,,,,,,11:12
3620260801010002,odawara,2026-08-01,2,×9 △1 ◎2 ○7 注5 ▲8,,,,,7,竹内 智彦  宮,城,49,84,S1,追,3.92,106.88,○,5,15.7,42.1,57.8,0,0,,,,,,11:12
3620260801010002,odawara,2026-08-01,2,×9 △1 ◎2 ○7 注5 ▲8,,,,,8,上杉 嘉槻  福,井,28,119,S2,逃,3.92,94.82,nan,0,10.3,20.6,27.5,4,2,,,,,,11:12
3620260801010002,odawara,2026-08-01,2,×9 △1 ◎2 ○7 注5 ▲8,,,,,9,坂田 康季  佐,賀,28,121,S2,逃,3.92,100.95,×,1,19.0,42.8,52.3,3,6,,,,,,11:12
3620260801010003,odawara,2026-08-01,3,▲5 ×1 △7 ○2 ◎8 注6,,,,,1,芦澤 大輔  茨,城,44,90,S1,追,3.92,106.71,×,1,9.0,13.6,22.7,0,0,,,,,,11:38
3620260801010003,odawara,2026-08-01,3,▲5 ×1 △7 ○2 ◎8 注6,,,,,2,田中 大我  奈,良,27,115,S2,逃,3.92,101.77,△,4,33.3,33.3,55.5,1,5,,,,,,11:38
3620260801010003,odawara,2026-08-01,3,▲5 ×1 △7 ○2 ◎8 注6,,,,,3,角 宗哉  山,口,26,125,S2,逃,3.93,100.80,○,5,35.0,45.0,55.0,3,5,,,,,,11:38
3620260801010003,odawara,2026-08-01,3,▲5 ×1 △7 ○2 ◎8 注6,,,,,4,黒田 淳  岡,山,41,97,S2,追,3.92,97.85,注,2,5.0,25.0,35.0,0,0,,,,,,11:38
3620260801010003,odawara,2026-08-01,3,▲5 ×1 △7 ○2 ◎8 注6,,,,,5,朝倉 智仁  茨,城,26,115,S2,逃,3.92,102.50,▲,3,22.7,31.8,50.0,3,3,,,,,,11:38
3620260801010003,odawara,2026-08-01,3,▲5 ×1 △7 ○2 ◎8 注6,,,,,6,今藤 康裕  岐,阜,41,99,S2,追,3.92,93.00,nan,0,11.1,11.1,44.4,0,0,,,,,,11:38
3620260801010003,odawara,2026-08-01,3,▲5 ×1 △7 ○2 ◎8 注6,,,,,7,櫻井 学  群,馬,46,84,S2,両,3.92,98.53,nan,0,10.7,28.5,35.7,0,1,,,,,,11:38
3620260801010003,odawara,2026-08-01,3,▲5 ×1 △7 ○2 ◎8 注6,,,,,8,澤田 義和  兵,庫,53,69,S2,追,3.92,96.38,nan,0,15.3,23.0,30.7,0,0,,,,,,11:38
3620260801010003,odawara,2026-08-01,3,▲5 ×1 △7 ○2 ◎8 注6,,,,,9,柏野 智典  岡,山,48,88,S1,追,3.92,111.00,◎,6,13.7,27.5,51.7,0,0,,,,,,11:38
3620260801010004,odawara,2026-08-01,4,×1 △7 注4 ▲9 ◎2 ○6,,,,,1,野中 龍之介,神奈川,24,127,S2,逃,3.92,106.61,×,1,30.7,57.6,69.2,8,6,,,,,,12:05
3620260801010004,odawara,2026-08-01,4,×1 △7 注4 ▲9 ◎2 ○6,,,,,2,原 誠宏  香,川,41,91,S2,追,3.93,102.26,▲,3,11.1,37.0,48.1,0,0,,,,,,12:05
3620260801010004,odawara,2026-08-01,4,×1 △7 注4 ▲9 ◎2 ○6,,,,,3,川口 公太朗  岐,阜,36,98,S1,追,3.92,104.82,○,5,10.7,28.5,46.4,0,0,,,,,,12:05
3620260801010004,odawara,2026-08-01,4,×1 △7 注4 ▲9 ◎2 ○6,,,,,4,内藤 高裕  東,京,38,96,S2,追,3.92,98.34,nan,0,0.0,7.6,34.6,0,0,,,,,,12:05
3620260801010004,odawara,2026-08-01,4,×1 △7 注4 ▲9 ◎2 ○6,,,,,5,谷口 遼平  三,重,32,103,S1,逃,3.92,109.40,◎,6,28.0,44.0,52.0,3,3,,,,,,12:05
3620260801010004,odawara,2026-08-01,4,×1 △7 注4 ▲9 ◎2 ○6,,,,,6,島村 匠  福,岡,29,111,S2,両,3.92,94.55,nan,0,11.1,38.8,61.1,0,2,,,,,,12:05
3620260801010004,odawara,2026-08-01,4,×1 △7 注4 ▲9 ◎2 ○6,,,,,7,東 龍之介,神奈川,36,96,S2,追,3.92,102.68,△,4,22.7,40.9,50.0,0,1,,,,,,12:05
3620260801010004,odawara,2026-08-01,4,×1 △7 注4 ▲9 ◎2 ○6,,,,,8,谷田 泰平  岐,阜,49,93,S2,追,3.93,95.82,nan,0,7.1,10.7,28.5,0,0,,,,,,12:05
3620260801010004,odawara,2026-08-01,4,×1 △7 注4 ▲9 ◎2 ○6,,,,,9,久米 康平  徳,島,34,100,S1,両,3.92,103.75,注,2,8.3,20.8,29.1,1,3,,,,,,12:05
3620260801010005,odawara,2026-08-01,5,注1 ○8 ◎6 △2 ▲5 ×9,,,,,1,島川 将貴  徳,島,31,109,S1,逃,3.92,102.25,注,2,28.5,28.5,33.3,0,3,,,,,,12:32
3620260801010005,odawara,2026-08-01,5,注1 ○8 ◎6 △2 ▲5 ×9,,,,,2,青柳 靖起  佐,賀,26,117,S1,逃,3.92,105.90,○,5,33.3,51.5,54.5,10,3,,,,,,12:32
3620260801010005,odawara,2026-08-01,5,注1 ○8 ◎6 △2 ▲5 ×9,,,,,3,木村 佑来  宮,城,24,119,S2,逃,3.92,100.32,▲,3,21.4,35.7,46.4,3,4,,,,,,12:32
3620260801010005,odawara,2026-08-01,5,注1 ○8 ◎6 △2 ▲5 ×9,,,,,4,開坂 秀明  青,森,51,79,S2,追,3.92,98.16,nan,0,3.8,26.9,30.7,0,0,,,,,,12:32
3620260801010005,odawara,2026-08-01,5,注1 ○8 ◎6 △2 ▲5 ×9,,,,,5,園田 匠  福,岡,44,87,S1,追,3.92,111.15,◎,6,15.1,33.3,42.4,0,0,,,,,,12:32
3620260801010005,odawara,2026-08-01,5,注1 ○8 ◎6 △2 ▲5 ×9,,,,,6,近藤 誠二  香,川,48,80,S2,追,3.92,93.60,nan,0,4.7,19.0,52.3,0,0,,,,,,12:32
3620260801010005,odawara,2026-08-01,5,注1 ○8 ◎6 △2 ▲5 ×9,,,,,7,新山 将史  青,森,35,98,S1,追,3.92,105.04,×,1,14.2,33.3,52.3,0,0,,,,,,12:32
3620260801010005,odawara,2026-08-01,5,注1 ○8 ◎6 △2 ▲5 ×9,,,,,8,高市 訓但  愛,媛,38,97,S2,追,3.92,95.91,nan,0,16.6,41.6,58.3,0,0,,,,,,12:32
3620260801010005,odawara,2026-08-01,5,注1 ○8 ◎6 △2 ▲5 ×9,,,,,9,稲吉 悠大  福,岡,39,92,S2,追,3.92,98.52,△,4,0.0,20.0,44.0,0,0,,,,,,12:32
3620260801010006,odawara,2026-08-01,6,○1 ◎9 注6 ▲8 ×3 △4,,,,,1,福永 大智  大,阪,28,113,S2,逃,3.92,109.13,○,5,9.0,45.4,59.0,1,5,,,,,,12:59
3620260801010006,odawara,2026-08-01,6,○1 ◎9 注6 ▲8 ×3 △4,,,,,2,田中 晴基  千,葉,40,90,S2,追,3.92,102.28,△,4,14.2,35.7,50.0,0,1,,,,,,12:59
3620260801010006,odawara,2026-08-01,6,○1 ◎9 注6 ▲8 ×3 △4,,,,,3,柿澤 大貴  長,野,36,97,S2,追,3.92,105.16,▲,3,12.0,36.0,44.0,0,2,,,,,,12:59
3620260801010006,odawara,2026-08-01,6,○1 ◎9 注6 ▲8 ×3 △4,,,,,4,真崎 新太郎  栃,木,47,85,S2,追,3.92,98.33,nan,0,8.3,25.0,50.0,0,0,,,,,,12:59
3620260801010006,odawara,2026-08-01,6,○1 ◎9 注6 ▲8 ×3 △4,,,,,5,野口 裕史  千,葉,43,111,S2,逃,3.93,101.25,×,1,29.0,38.7,41.9,12,0,,,,,,12:59
3620260801010006,odawara,2026-08-01,6,○1 ◎9 注6 ▲8 ×3 △4,,,,,6,木村 直隆  兵,庫,48,86,S2,追,3.93,93.42,注,2,4.7,23.8,38.0,0,0,,,,,,12:59
3620260801010006,odawara,2026-08-01,6,○1 ◎9 注6 ▲8 ×3 △4,,,,,7,紺野 哲也  宮,城,53,69,S2,追,3.92,100.63,nan,0,9.0,27.2,40.9,0,0,,,,,,12:59
3620260801010006,odawara,2026-08-01,6,○1 ◎9 注6 ▲8 ×3 △4,,,,,8,渡邉 壘  新,潟,23,125,S2,逃,3.92,96.62,nan,0,31.2,56.2,62.5,6,1,,,,,,12:59
3620260801010006,odawara,2026-08-01,6,○1 ◎9 注6 ▲8 ×3 △4,,,,,9,村田 雅一  兵,庫,42,90,S1,追,3.92,111.21,◎,6,21.7,30.4,52.1,0,0,,,,,,12:59
3620260801010007,odawara,2026-08-01,7,△9 注1 ◎6 ○7 ▲2 ×5,,,,,1,柴崎 俊光  三,重,41,91,S2,追,3.92,100.60,注,2,8.6,21.7,30.4,0,0,,,,,,13:28
3620260801010007,odawara,2026-08-01,7,△9 注1 ◎6 ○7 ▲2 ×5,,,,,2,大槻 寛徳  宮,城,47,85,S1,追,3.92,107.80,○,5,8.0,16.0,40.0,0,0,,,,,,13:28
3620260801010007,odawara,2026-08-01,7,△9 注1 ◎6 ○7 ▲2 ×5,,,,,3,笠松 将太  埼,玉,34,100,S2,逃,3.92,97.31,×,1,15.7,31.5,36.8,1,2,,,,,,13:28
3620260801010007,odawara,2026-08-01,7,△9 注1 ◎6 ○7 ▲2 ×5,,,,,4,丸山 直樹  埼,玉,40,93,S2,追,3.92,93.73,nan,0,10.5,31.5,42.1,0,1,,,,,,13:28
3620260801010007,odawara,2026-08-01,7,△9 注1 ◎6 ○7 ▲2 ×5,,,,,5,櫻井 正孝  宮,城,38,100,S1,追,3.92,104.10,▲,3,0.0,15.0,50.0,0,0,,,,,,13:28
3620260801010007,odawara,2026-08-01,7,△9 注1 ◎6 ○7 ▲2 ×5,,,,,6,徳丸 泰教  兵,庫,40,95,S2,追,3.92,90.92,nan,0,11.5,19.2,26.9,0,1,,,,,,13:28
3620260801010007,odawara,2026-08-01,7,△9 注1 ◎6 ○7 ▲2 ×5,,,,,7,山崎 歩夢  福,島,21,125,S2,逃,3.92,108.00,◎,6,31.2,43.7,50.0,4,3,,,,,,13:28
3620260801010007,odawara,2026-08-01,7,△9 注1 ◎6 ○7 ▲2 ×5,,,,,8,岡田 亮太  東,京,25,117,S2,逃,3.92,93.43,nan,0,0.0,6.2,31.2,1,0,,,,,,13:28
3620260801010007,odawara,2026-08-01,7,△9 注1 ◎6 ○7 ▲2 ×5,,,,,9,伊藤 裕貴  三,重,34,100,S2,両,3.92,98.04,△,4,8.0,16.0,44.0,0,2,,,,,,13:28
3620260801010008,odawara,2026-08-01,8,◎1 ○7 △4 ▲2 ×5 注8,,,,,1,河端 朋之  岡,山,41,95,S1,逃,3.93,111.36,◎,6,29.0,51.6,61.2,2,8,,,,,,13:58
3620260801010008,odawara,2026-08-01,8,◎1 ○7 △4 ▲2 ×5 注8,,,,,2,塩島 嵩一朗,神奈川,26,125,S1,逃,3.92,100.33,△,4,18.1,31.8,45.4,4,3,,,,,,13:58
3620260801010008,odawara,2026-08-01,8,◎1 ○7 △4 ▲2 ×5 注8,,,,,3,纐纈 洸翔  愛,知,24,121,S1,両,3.92,102.04,×,1,4.5,9.0,22.7,0,2,,,,,,13:58
3620260801010008,odawara,2026-08-01,8,◎1 ○7 △4 ▲2 ×5 注8,,,,,4,大崎 飛雄馬  愛,媛,48,88,S2,追,3.92,95.62,nan,0,16.6,33.3,66.6,0,1,,,,,,13:58
3620260801010008,odawara,2026-08-01,8,◎1 ○7 △4 ▲2 ×5 注8,,,,,5,小島 歩,神奈川,36,97,S2,追,3.93,99.23,▲,3,7.6,23.0,50.0,0,0,,,,,,13:58
3620260801010008,odawara,2026-08-01,8,◎1 ○7 △4 ▲2 ×5 注8,,,,,6,谷口 明正  三,重,42,103,S2,両,3.92,93.92,nan,0,0.0,15.3,38.4,0,0,,,,,,13:58
3620260801010008,odawara,2026-08-01,8,◎1 ○7 △4 ▲2 ×5 注8,,,,,7,橋本 強  愛,媛,41,89,S1,追,3.92,108.47,○,5,4.7,19.0,33.3,0,0,,,,,,13:58
3620260801010008,odawara,2026-08-01,8,◎1 ○7 △4 ▲2 ×5 注8,,,,,8,房州 輝也  福,島,40,91,S2,両,3.93,95.33,nan,0,0.0,3.0,21.2,0,0,,,,,,13:58
3620260801010008,odawara,2026-08-01,8,◎1 ○7 △4 ▲2 ×5 注8,,,,,9,横関 裕樹  岐,阜,38,99,S2,両,3.92,102.31,注,2,13.6,31.8,54.5,0,0,,,,,,13:58
3620260801010009,odawara,2026-08-01,9,注7 ×1 ▲8 ○4 ◎2 △6,,,,,1,星野 洋輝  福,島,26,115,S1,追,3.92,105.58,×,1,8.3,25.0,58.3,0,1,,,,,,14:28
3620260801010009,odawara,2026-08-01,9,注7 ×1 ▲8 ○4 ◎2 △6,,,,,2,岸澤 賢太  埼,玉,39,91,S2,追,3.92,100.16,▲,3,8.0,28.0,48.0,0,1,,,,,,14:28
3620260801010009,odawara,2026-08-01,9,注7 ×1 ▲8 ○4 ◎2 △6,,,,,3,小川 三士郎  徳,島,26,125,S2,逃,3.92,102.05,○,5,33.3,38.8,44.4,3,4,,,,,,14:28
3620260801010009,odawara,2026-08-01,9,注7 ×1 ▲8 ○4 ◎2 △6,,,,,4,梁島 邦友  茨,城,27,117,S2,逃,3.92,97.89,nan,0,0.0,5.2,31.5,0,0,,,,,,14:28
3620260801010009,odawara,2026-08-01,9,注7 ×1 ▲8 ○4 ◎2 △6,,,,,5,久保田 泰弘  山,口,31,111,S2,追,3.92,98.64,△,4,17.6,17.6,47.0,0,0,,,,,,14:28
3620260801010009,odawara,2026-08-01,9,注7 ×1 ▲8 ○4 ◎2 △6,,,,,6,吉田 裕全  埼,玉,41,90,S2,追,3.93,93.04,nan,0,4.7,23.8,42.8,0,0,,,,,,14:28
3620260801010009,odawara,2026-08-01,9,注7 ×1 ▲8 ○4 ◎2 △6,,,,,7,磯島 成介  青,森,27,115,S2,逃,3.92,102.72,注,2,17.2,34.4,44.8,6,3,,,,,,14:28
3620260801010009,odawara,2026-08-01,9,注7 ×1 ▲8 ○4 ◎2 △6,,,,,8,三浦 翔大  宮,城,36,98,S2,追,3.92,97.30,nan,0,11.5,19.2,26.9,0,0,,,,,,14:28
3620260801010009,odawara,2026-08-01,9,注7 ×1 ▲8 ○4 ◎2 △6,,,,,9,小倉 竜二  徳,島,50,77,S1,追,3.92,111.70,◎,6,8.6,26.0,34.7,0,0,,,,,,14:28
3620260801010010,odawara,2026-08-01,10,注4 ×1 ◎7 ○2 ▲9 △5,,,,,1,中井 俊亮  奈,良,33,103,S2,両,3.92,104.30,×,1,19.2,34.6,50.0,0,2,,,,,,14:58
3620260801010010,odawara,2026-08-01,10,注4 ×1 ◎7 ○2 ▲9 △5,,,,,2,長島 大介  栃,木,37,96,S1,両,3.92,108.04,○,5,20.0,24.0,40.0,0,1,,,,,,14:58
3620260801010010,odawara,2026-08-01,10,注4 ×1 ◎7 ○2 ▲9 △5,,,,,3,山口 敦也  佐,賀,28,113,S2,追,3.92,101.56,△,4,0.0,41.1,47.0,0,0,,,,,,14:58
3620260801010010,odawara,2026-08-01,10,注4 ×1 ◎7 ○2 ▲9 △5,,,,,4,徳田 匠  京,都,29,119,S2,逃,3.92,97.71,注,2,9.5,23.8,38.0,4,1,,,,,,14:58
3620260801010010,odawara,2026-08-01,10,注4 ×1 ◎7 ○2 ▲9 △5,,,,,5,梅崎 隆介  長,崎,36,121,S2,両,3.92,99.57,▲,3,10.0,25.0,40.0,0,4,,,,,,14:58
3620260801010010,odawara,2026-08-01,10,注4 ×1 ◎7 ○2 ▲9 △5,,,,,6,坂本 周作  青,森,34,105,S2,逃,3.92,91.88,nan,0,5.5,5.5,11.1,0,1,,,,,,14:58
3620260801010010,odawara,2026-08-01,10,注4 ×1 ◎7 ○2 ▲9 △5,,,,,7,杉浦 侑吾  栃,木,31,115,S1,逃,3.92,110.25,◎,6,37.0,48.1,62.9,5,8,,,,,,14:58
3620260801010010,odawara,2026-08-01,10,注4 ×1 ◎7 ○2 ▲9 △5,,,,,8,荒川 仁  千,葉,28,121,S2,逃,3.92,92.50,nan,0,11.1,22.2,44.4,4,0,,,,,,14:58
3620260801010010,odawara,2026-08-01,10,注4 ×1 ◎7 ○2 ▲9 △5,,,,,9,松永 将  茨,城,45,89,S2,追,3.92,98.81,nan,0,3.4,13.7,31.0,0,0,,,,,,14:58
3620260801010011,odawara,2026-08-01,11,○9 ◎1 注4 △2 ×6 ▲7,,,,,1,伊藤 旭  熊,本,26,117,S1,両,3.92,110.43,◎,6,26.0,39.1,69.5,1,5,,,,,,15:31
3620260801010011,odawara,2026-08-01,11,○9 ◎1 注4 △2 ×6 ▲7,,,,,2,高久保 雄介  京,都,39,100,S2,両,3.92,104.26,△,4,25.0,30.0,50.0,1,1,,,,,,15:31
3620260801010011,odawara,2026-08-01,11,○9 ◎1 注4 △2 ×6 ▲7,,,,,3,杉森 輝大  茨,城,43,103,S1,追,3.92,106.52,×,1,8.6,21.7,39.1,0,2,,,,,,15:31
3620260801010011,odawara,2026-08-01,11,○9 ◎1 注4 △2 ×6 ▲7,,,,,4,高木 和仁  福,岡,52,76,S2,追,3.92,98.70,注,2,10.0,15.0,40.0,0,0,,,,,,15:31
3620260801010011,odawara,2026-08-01,11,○9 ◎1 注4 △2 ×6 ▲7,,,,,5,鈴木 陸来  静,岡,29,117,S2,逃,3.92,103.50,▲,3,11.1,38.8,55.5,2,0,,,,,,15:31
3620260801010011,odawara,2026-08-01,11,○9 ◎1 注4 △2 ×6 ▲7,,,,,6,松田 治之  大,阪,52,73,S1,追,3.93,93.00,nan,0,0.0,0.0,0.0,0,0,,,,,,15:31
3620260801010011,odawara,2026-08-01,11,○9 ◎1 注4 △2 ×6 ▲7,,,,,7,武田 亮  東,京,27,115,S2,逃,3.92,100.75,nan,0,20.8,45.8,54.1,6,4,,,,,,15:31
3620260801010011,odawara,2026-08-01,11,○9 ◎1 注4 △2 ×6 ▲7,,,,,8,望月 湧世  静,岡,22,123,S2,逃,3.92,97.80,nan,0,5.0,25.0,35.0,4,0,,,,,,15:31
3620260801010011,odawara,2026-08-01,11,○9 ◎1 注4 △2 ×6 ▲7,,,,,9,東矢 圭吾  熊,本,27,121,S1,逃,3.92,105.50,○,5,18.1,22.7,36.3,2,2,,,,,,15:31
3620260801010012,odawara,2026-08-01,12,◎1 ○4 ▲7 ×9 注2 △3,,,,,1,郡司 浩平,神奈川,35,99,SS,両,3.92,117.40,◎,6,22.7,45.4,63.6,0,4,,,,,,16:14
3620260801010012,odawara,2026-08-01,12,◎1 ○4 ▲7 ×9 注2 △3,,,,,2,荒井 崇博  長,崎,48,82,S1,両,3.92,117.52,▲,3,21.0,42.1,47.3,0,0,,,,,,16:14
3620260801010012,odawara,2026-08-01,12,◎1 ○4 ▲7 ×9 注2 △3,,,,,3,鈴木 竜士  東,京,32,107,S1,両,3.92,114.16,×,1,20.8,45.8,50.0,1,5,,,,,,16:14
3620260801010012,odawara,2026-08-01,12,◎1 ○4 ▲7 ×9 注2 △3,,,,,4,和田 真久留,神奈川,35,99,S1,両,3.92,112.42,○,5,11.5,30.7,46.1,0,1,,,,,,16:14
3620260801010012,odawara,2026-08-01,12,◎1 ○4 ▲7 ×9 注2 △3,,,,,5,菅田 壱道  宮,城,40,91,S1,両,3.92,113.00,注,2,22.2,33.3,44.4,0,0,,,,,,16:14
3620260801010012,odawara,2026-08-01,12,◎1 ○4 ▲7 ×9 注2 △3,,,,,6,三谷 将太  奈,良,40,92,S1,追,3.92,112.07,nan,0,17.2,31.0,58.6,0,0,,,,,,16:14
3620260801010012,odawara,2026-08-01,12,◎1 ○4 ▲7 ×9 注2 △3,,,,,7,松谷 秀幸,神奈川,43,96,S1,追,3.93,113.46,nan,0,25.8,38.7,48.3,0,0,,,,,,16:14
3620260801010012,odawara,2026-08-01,12,◎1 ○4 ▲7 ×9 注2 △3,,,,,8,山口 拳矢  岐,阜,30,117,S1,両,3.92,112.30,△,4,22.7,36.3,45.4,1,4,,,,,,16:14
3620260801010012,odawara,2026-08-01,12,◎1 ○4 ▲7 ×9 注2 △3,,,,,9,嶋津 拓弥,神奈川,40,103,S1,追,3.92,112.96,nan,0,19.2,34.6,53.8,0,1,,,,,,16:14
4320260730030001,gifu,2026-08-01,1,◎7 ○3 △5 ▲2 ×1 注4,,,,,1,田山 誠  長,崎,39,96,A3,逃,3.93,70.26,×,1,20.0,33.3,46.6,2,1,,,,,,10:56
4320260730030001,gifu,2026-08-01,1,◎7 ○3 △5 ▲2 ×1 注4,,,,,2,白崎 芳典  福,井,49,86,A3,追,3.92,69.22,▲,3,3.2,12.9,32.2,0,0,,,,,,10:56
4320260730030001,gifu,2026-08-01,1,◎7 ○3 △5 ▲2 ×1 注4,,,,,3,尾崎 勝弘  徳,島,57,66,A3,追,3.93,68.94,○,5,5.2,15.7,26.3,0,0,,,,,,10:56
4320260730030001,gifu,2026-08-01,1,◎7 ○3 △5 ▲2 ×1 注4,,,,,4,大竹 慎吾  大,分,61,55,A3,追,3.92,75.50,注,2,0.0,3.3,6.6,0,0,,,,,,10:56
4320260730030001,gifu,2026-08-01,1,◎7 ○3 △5 ▲2 ×1 注4,,,,,5,坂本 佳憲  大,阪,41,90,A3,追,3.92,69.73,△,4,0.0,15.0,45.0,0,0,,,,,,10:56
4320260730030001,gifu,2026-08-01,1,◎7 ○3 △5 ▲2 ×1 注4,,,,,6,古田 義明  三,重,53,79,A3,追,3.93,67.38,nan,0,3.7,7.4,22.2,0,0,,,,,,10:56
4320260730030001,gifu,2026-08-01,1,◎7 ○3 △5 ▲2 ×1 注4,,,,,7,川本 琢也  岡,山,39,100,A3,両,3.93,73.43,◎,6,23.3,43.3,60.0,8,5,,,,,,10:56
4320260730030002,gifu,2026-08-01,2,△6 ×1 注7 ◎2 ○3 ▲4,,,,,1,竜門 孝宗  兵,庫,40,95,A3,追,3.92,69.76,△,4,3.3,13.3,36.6,0,0,,,,,,11:20
4320260730030002,gifu,2026-08-01,2,△6 ×1 注7 ◎2 ○3 ▲4,,,,,2,濱田 昭一郎,鹿児島,57,67,A3,追,3.85,70.17,注,2,5.5,16.6,44.4,0,0,,,,,,11:20
4320260730030002,gifu,2026-08-01,2,△6 ×1 注7 ◎2 ○3 ▲4,,,,,3,岡崎 克政  岡,山,41,92,A3,逃,3.92,71.57,◎,6,23.8,33.3,50.0,12,2,,,,,,11:20
4320260730030002,gifu,2026-08-01,2,△6 ×1 注7 ◎2 ○3 ▲4,,,,,4,高田 大輔  岡,山,36,97,A3,追,3.92,67.70,○,5,5.0,15.0,35.0,0,0,,,,,,11:20
4320260730030002,gifu,2026-08-01,2,△6 ×1 注7 ◎2 ○3 ▲4,,,,,5,白井 一機  愛,知,56,65,A3,追,3.92,76.58,▲,3,0.0,0.0,16.6,0,0,,,,,,11:20
4320260730030002,gifu,2026-08-01,2,△6 ×1 注7 ◎2 ○3 ▲4,,,,,6,関谷 哲平  奈,良,44,92,A3,逃,3.92,66.08,nan,0,16.6,20.8,33.3,4,1,,,,,,11:20
4320260730030002,gifu,2026-08-01,2,△6 ×1 注7 ◎2 ○3 ▲4,,,,,7,藤井 凜太郎  福,岡,23,129,A3,逃,3.92,69.00,×,1,0.0,0.0,0.0,0,0,,,,,,11:20
4320260730030003,gifu,2026-08-01,3,×4 △3 ◎5 ○7 ▲2 注6,,,,,1,赤松 秀展  高,知,54,76,A3,追,3.83,70.66,nan,0,3.7,7.4,37.0,0,0,,,,,,11:47
4320260730030003,gifu,2026-08-01,3,×4 △3 ◎5 ○7 ▲2 注6,,,,,2,西川 弘資  三,重,58,66,A3,追,3.92,70.16,▲,3,0.0,25.0,50.0,0,0,,,,,,11:47
4320260730030003,gifu,2026-08-01,3,×4 △3 ◎5 ○7 ▲2 注6,,,,,3,木本 賢二  大,阪,54,69,A3,追,3.86,79.00,△,4,3.0,15.1,27.2,0,0,,,,,,11:47
4320260730030003,gifu,2026-08-01,3,×4 △3 ◎5 ○7 ▲2 注6,,,,,4,大中 拓磨  兵,庫,37,111,A3,逃,3.93,73.38,×,1,15.0,45.0,70.0,6,3,,,,,,11:47
4320260730030003,gifu,2026-08-01,3,×4 △3 ◎5 ○7 ▲2 注6,,,,,5,西澤 優聖  岐,阜,23,129,A3,逃,3.92,77.75,◎,6,41.6,58.3,66.6,0,5,,,,,,11:47
4320260730030003,gifu,2026-08-01,3,×4 △3 ◎5 ○7 ▲2 注6,,,,,6,土居 佑次  高,知,28,113,A3,逃,3.92,69.54,注,2,18.1,22.7,31.8,2,2,,,,,,11:47
4320260730030003,gifu,2026-08-01,3,×4 △3 ◎5 ○7 ▲2 注6,,,,,7,臼井 昌巨  愛,知,42,89,A3,両,3.92,78.61,○,5,14.2,19.0,28.5,1,0,,,,,,11:47
4320260730030004,gifu,2026-08-01,4,注6 ◎1 ○4 △3 ×2 ▲7,,,,,1,蒋野 翔太  徳,島,31,115,A1,逃,3.92,90.62,◎,6,14.8,29.6,40.7,1,1,,,,,,12:14
4320260730030004,gifu,2026-08-01,4,注6 ◎1 ○4 △3 ×2 ▲7,,,,,2,枠元 一葵  福,井,27,117,A2,逃,3.92,82.18,×,1,14.8,22.2,37.0,4,2,,,,,,12:14
4320260730030004,gifu,2026-08-01,4,注6 ◎1 ○4 △3 ×2 ▲7,,,,,3,川又 裕樹,鹿児島,40,97,A2,追,3.93,84.85,△,4,11.1,14.8,48.1,0,0,,,,,,12:14
4320260730030004,gifu,2026-08-01,4,注6 ◎1 ○4 △3 ×2 ▲7,,,,,4,阿部 充宏  山,口,43,98,A2,両,3.92,84.13,○,5,3.3,16.6,36.6,0,0,,,,,,12:14
4320260730030004,gifu,2026-08-01,4,注6 ◎1 ○4 △3 ×2 ▲7,,,,,5,片折 勇輝  福,岡,42,95,A2,両,3.92,81.23,nan,0,9.6,12.9,16.1,0,0,,,,,,12:14
4320260730030004,gifu,2026-08-01,4,注6 ◎1 ○4 △3 ×2 ▲7,,,,,6,中岡 海  愛,媛,24,123,A2,逃,3.92,71.56,注,2,13.0,39.1,52.1,7,2,,,,,,12:14
4320260730030004,gifu,2026-08-01,4,注6 ◎1 ○4 △3 ×2 ▲7,,,,,7,辰己 豊  奈,良,48,86,A1,追,3.92,83.68,▲,3,0.0,20.0,40.0,0,0,,,,,,12:14
4320260730030005,gifu,2026-08-01,5,○1 ◎5 注4 △2 ×3 ▲7,,,,,1,水谷 亮太  愛,知,29,125,A2,逃,3.92,88.33,○,5,13.3,40.0,60.0,7,4,,,,,,12:41
4320260730030005,gifu,2026-08-01,5,○1 ◎5 注4 △2 ×3 ▲7,,,,,2,山口 幸太郎  長,崎,47,99,A2,両,3.92,80.93,△,4,0.0,6.6,26.6,0,0,,,,,,12:41
4320260730030005,gifu,2026-08-01,5,○1 ◎5 注4 △2 ×3 ▲7,,,,,3,原田 峻治  山,口,32,125,A2,逃,3.92,83.76,×,1,10.0,16.6,36.6,3,2,,,,,,12:41
4320260730030005,gifu,2026-08-01,5,○1 ◎5 注4 △2 ×3 ▲7,,,,,4,谷口 幸司  高,知,32,111,A2,追,3.92,86.29,注,2,12.5,37.5,54.1,0,0,,,,,,12:41
4320260730030005,gifu,2026-08-01,5,○1 ◎5 注4 △2 ×3 ▲7,,,,,5,野口 大誠  熊,本,36,105,A1,両,3.92,92.14,◎,6,38.0,47.6,61.9,0,1,,,,,,12:41
4320260730030005,gifu,2026-08-01,5,○1 ◎5 注4 △2 ×3 ▲7,,,,,6,足達 重満  長,崎,50,80,A2,追,3.92,77.14,nan,0,40.9,77.2,86.3,0,0,,,,,,12:41
4320260730030005,gifu,2026-08-01,5,○1 ◎5 注4 △2 ×3 ▲7,,,,,7,土井 勲  岡,山,52,82,A2,追,3.92,80.92,▲,3,3.7,7.4,22.2,0,0,,,,,,12:41
4320260730030006,gifu,2026-08-01,6,×6 ○1 注5 △3 ◎2 ▲4,,,,,1,豊田 美香  徳,島,30,126,L1,両,3.79,50.54,○,5,0.0,9.0,36.3,1,0,,,,,,13:08
4320260730030006,gifu,2026-08-01,6,×6 ○1 注5 △3 ◎2 ▲4,,,,,2,田中 月菜  佐,賀,25,118,L1,両,3.77,51.14,◎,6,4.7,14.2,47.6,0,1,,,,,,13:08
4320260730030006,gifu,2026-08-01,6,×6 ○1 注5 △3 ◎2 ▲4,,,,,3,石田 春海  大,阪,27,128,L1,両,3.77,48.25,△,4,3.7,14.8,22.2,0,0,,,,,,13:08
4320260730030006,gifu,2026-08-01,6,×6 ○1 注5 △3 ◎2 ▲4,,,,,4,仲井 リコ  岐,阜,21,130,L1,両,3.77,44.20,▲,3,0.0,6.6,6.6,0,0,,,,,,13:08
4320260730030006,gifu,2026-08-01,6,×6 ○1 注5 △3 ◎2 ▲4,,,,,5,溝口 香奈  大,分,41,108,L1,追,3.79,46.66,注,2,0.0,0.0,4.1,0,0,,,,,,13:08
4320260730030006,gifu,2026-08-01,6,×6 ○1 注5 △3 ◎2 ▲4,,,,,6,小林 真矢香  石,川,25,122,L1,両,3.77,48.97,×,1,5.1,17.9,33.3,1,1,,,,,,13:08
4320260730030007,gifu,2026-08-01,7,注4 ×1 ▲2 ◎6 ○3 △5,,,,,1,肥後 尚己  大,阪,49,83,A1,追,3.92,91.66,×,1,16.6,27.7,66.6,0,0,,,,,,13:38
4320260730030007,gifu,2026-08-01,7,注4 ×1 ▲2 ◎6 ○3 △5,,,,,2,坂上 忠克  石,川,52,71,A1,追,3.92,86.18,▲,3,6.0,30.3,48.4,0,0,,,,,,13:38
4320260730030007,gifu,2026-08-01,7,注4 ×1 ▲2 ◎6 ○3 △5,,,,,3,一ノ瀬 匠  佐,賀,38,92,A1,逃,3.93,86.06,◎,6,30.3,57.5,60.6,12,6,,,,,,13:38
4320260730030007,gifu,2026-08-01,7,注4 ×1 ▲2 ◎6 ○3 △5,,,,,4,市村 昌樹  兵,庫,35,103,A1,両,3.92,81.17,注,2,8.3,12.5,20.8,0,1,,,,,,13:38
4320260730030007,gifu,2026-08-01,7,注4 ×1 ▲2 ◎6 ○3 △5,,,,,5,國武 耕二  佐,賀,56,66,A2,追,3.92,86.40,○,5,11.1,22.2,48.1,0,0,,,,,,13:38
4320260730030007,gifu,2026-08-01,7,注4 ×1 ▲2 ◎6 ○3 △5,,,,,6,坂元 洋行  三,重,46,88,A2,追,3.92,80.45,nan,0,8.3,16.6,25.0,0,0,,,,,,13:38
4320260730030007,gifu,2026-08-01,7,注4 ×1 ▲2 ◎6 ○3 △5,,,,,7,櫻井 太士  岡,山,41,94,A1,追,3.92,89.08,△,4,19.2,42.3,57.6,0,1,,,,,,13:38
4320260730030008,gifu,2026-08-01,8,◎4 ○7 注2 △1 ▲5 ×3,,,,,1,田中 洋輔  宮,崎,46,84,A1,追,3.92,85.88,△,4,18.5,37.0,51.8,0,2,,,,,,14:08
4320260730030008,gifu,2026-08-01,8,◎4 ○7 注2 △1 ▲5 ×3,,,,,2,山田 祥明  岐,阜,46,97,A1,追,3.92,85.40,注,2,14.2,28.5,42.8,0,0,,,,,,14:08
4320260730030008,gifu,2026-08-01,8,◎4 ○7 注2 △1 ▲5 ×3,,,,,3,山本 隼人  大,阪,28,111,A2,追,3.92,88.70,×,1,16.0,44.0,56.0,0,0,,,,,,14:08
4320260730030008,gifu,2026-08-01,8,◎4 ○7 注2 △1 ▲5 ×3,,,,,4,吉川 希望  石,川,33,111,A1,逃,3.92,91.30,◎,6,27.2,36.3,51.5,4,5,,,,,,14:08
4320260730030008,gifu,2026-08-01,8,◎4 ○7 注2 △1 ▲5 ×3,,,,,5,二條 祐也  徳,島,41,97,A1,追,3.92,84.66,▲,3,8.3,20.8,41.6,0,0,,,,,,14:08
4320260730030008,gifu,2026-08-01,8,◎4 ○7 注2 △1 ▲5 ×3,,,,,6,志水 祐彦  大,阪,41,94,A2,追,3.92,84.58,nan,0,8.3,41.6,45.8,0,0,,,,,,14:08
4320260730030008,gifu,2026-08-01,8,◎4 ○7 注2 △1 ▲5 ×3,,,,,7,鈴木 幸紀  三,重,50,78,A1,追,3.92,91.68,○,5,0.0,4.8,7.3,0,0,,,,,,14:08
4320260730030009,gifu,2026-08-01,9,◎7 △2 注4 ○1 ×3 ▲6,,,,,1,藤井 準也  岐,阜,32,105,A3,両,3.92,82.78,○,5,20.6,41.3,58.6,0,4,,,,,,14:38
4320260730030009,gifu,2026-08-01,9,◎7 △2 注4 ○1 ×3 ▲6,,,,,2,松本 大地  熊,本,49,81,A3,追,3.71,83.48,△,4,3.7,22.2,51.8,0,0,,,,,,14:38
4320260730030009,gifu,2026-08-01,9,◎7 △2 注4 ○1 ×3 ▲6,,,,,3,入田 龍馬,鹿児島,23,125,A3,逃,3.92,76.88,×,1,11.1,22.2,44.4,0,2,,,,,,14:38
4320260730030009,gifu,2026-08-01,9,◎7 △2 注4 ○1 ×3 ▲6,,,,,4,松永 真太  福,岡,44,92,A3,追,3.92,80.03,注,2,20.6,31.0,41.3,0,0,,,,,,14:38
4320260730030009,gifu,2026-08-01,9,◎7 △2 注4 ○1 ×3 ▲6,,,,,5,岸川 哲也  大,阪,40,105,A3,両,3.92,84.37,▲,3,17.2,41.3,58.6,6,0,,,,,,14:38
4320260730030009,gifu,2026-08-01,9,◎7 △2 注4 ○1 ×3 ▲6,,,,,6,加藤 大輔  大,分,47,87,A3,追,3.93,72.32,nan,0,13.5,40.5,54.0,0,0,,,,,,14:38
4320260730030009,gifu,2026-08-01,9,◎7 △2 注4 ○1 ×3 ▲6,,,,,7,滿田 光紀  熊,本,27,129,A3,逃,3.92,80.27,◎,6,66.6,83.3,91.6,3,5,,,,,,14:38
4320260730030010,gifu,2026-08-01,10,×5 ○6 △2 ◎1 注4 ▲3,,,,,1,宮地 寧々  岐,阜,31,110,L1,両,3.77,49.66,△,4,7.4,7.4,37.0,0,0,,,,,,15:08
4320260730030010,gifu,2026-08-01,10,×5 ○6 △2 ◎1 注4 ▲3,,,,,2,加藤 舞  沖,縄,29,116,L1,逃,3.77,52.85,○,5,21.4,42.8,60.7,4,5,,,,,,15:08
4320260730030010,gifu,2026-08-01,10,×5 ○6 △2 ◎1 注4 ▲3,,,,,3,清水 美海,神奈川,25,130,L1,両,3.79,49.41,注,2,8.3,33.3,41.6,0,0,,,,,,15:08
4320260730030010,gifu,2026-08-01,10,×5 ○6 △2 ◎1 注4 ▲3,,,,,4,吉岡 詩織  広,島,31,116,L1,両,3.79,54.03,◎,6,25.8,61.2,70.9,8,9,,,,,,15:08
4320260730030010,gifu,2026-08-01,10,×5 ○6 △2 ◎1 注4 ▲3,,,,,5,塩田 日海,神奈川,27,122,L1,追,3.79,47.66,nan,0,3.7,11.1,18.5,0,1,,,,,,15:08
4320260730030010,gifu,2026-08-01,10,×5 ○6 △2 ◎1 注4 ▲3,,,,,6,高橋 梨香  埼,玉,46,106,L1,両,3.69,52.40,×,1,3.0,36.3,57.5,1,1,,,,,,15:08
4320260730030010,gifu,2026-08-01,10,×5 ○6 △2 ◎1 注4 ▲3,,,,,7,荒川 ひかり  茨,城,31,110,L1,追,3.77,49.80,▲,3,8.0,16.0,36.0,0,0,,,,,,15:08
4320260730030011,gifu,2026-08-01,11,▲6 ◎2 注4 ×1 ○3 △5,,,,,1,山田 裕哉  岐,阜,40,98,A2,追,3.92,89.00,nan,0,23.0,50.0,53.8,0,0,,,,,,15:38
4320260730030011,gifu,2026-08-01,11,▲6 ◎2 注4 ×1 ○3 △5,,,,,2,池野 健太  兵,庫,34,109,A1,逃,3.92,101.30,◎,6,30.5,36.1,47.2,3,4,,,,,,15:38
4320260730030011,gifu,2026-08-01,11,▲6 ◎2 注4 ×1 ○3 △5,,,,,3,長野 魅切  愛,媛,23,127,A1,逃,3.92,92.90,×,1,59.0,59.0,77.2,8,5,,,,,,15:38
4320260730030011,gifu,2026-08-01,11,▲6 ◎2 注4 ×1 ○3 △5,,,,,4,内藤 久文  愛,知,34,117,A1,逃,3.92,93.50,注,2,6.2,12.5,18.7,3,1,,,,,,15:38
4320260730030011,gifu,2026-08-01,11,▲6 ◎2 注4 ×1 ○3 △5,,,,,5,小玉 拓真  岡,山,36,98,A1,両,3.92,95.28,○,5,20.0,24.0,40.0,0,2,,,,,,15:38
4320260730030011,gifu,2026-08-01,11,▲6 ◎2 注4 ×1 ○3 △5,,,,,6,西森 一稀  兵,庫,21,127,A2,逃,3.92,83.66,▲,3,55.5,74.0,77.7,16,1,,,,,,15:38
4320260730030011,gifu,2026-08-01,11,▲6 ◎2 注4 ×1 ○3 △5,,,,,7,樫山 恭柄  福,岡,40,92,A1,追,3.92,99.10,△,4,18.4,28.9,52.6,0,0,,,,,,15:38
6320260731020001,hofu,2026-08-01,1,◎5 ×3 ▲6 注2 △1 ○4,,,,,1,伊藤 司  福,島,48,83,A3,逃,3.92,67.03,△,4,11.1,18.5,25.9,2,0,,,,,,08:35
6320260731020001,hofu,2026-08-01,1,◎5 ×3 ▲6 注2 △1 ○4,,,,,2,矢田 晋  福,岡,48,94,A3,両,3.86,66.72,注,2,4.5,18.1,22.7,2,2,,,,,,08:35
6320260731020001,hofu,2026-08-01,1,◎5 ×3 ▲6 注2 △1 ○4,,,,,3,近藤 直幹  徳,島,52,75,A3,追,3.92,68.71,×,1,0.0,15.1,36.3,0,0,,,,,,08:35
6320260731020001,hofu,2026-08-01,1,◎5 ×3 ▲6 注2 △1 ○4,,,,,4,亀井 道佳  宮,城,48,83,A3,追,3.85,71.17,○,5,4.3,21.7,43.4,0,0,,,,,,08:35
6320260731020001,hofu,2026-08-01,1,◎5 ×3 ▲6 注2 △1 ○4,,,,,5,右近 陸人  山,口,26,127,A3,逃,3.93,72.40,◎,6,20.0,33.3,50.0,5,4,,,,,,08:35
6320260731020001,hofu,2026-08-01,1,◎5 ×3 ▲6 注2 △1 ○4,,,,,6,井上 典善  千,葉,58,66,A3,追,3.86,64.57,▲,3,0.0,0.0,9.5,0,0,,,,,,08:35
6320260731020002,hofu,2026-08-01,2,△1 ▲5 ◎2 ○6 ×3 注7,,,,,1,武田 和也  奈,良,38,92,A3,両,3.92,71.64,△,4,7.1,35.7,53.5,3,1,,,,,,08:55
6320260731020002,hofu,2026-08-01,2,△1 ▲5 ◎2 ○6 ×3 注7,,,,,2,平川 雅晃  長,野,35,107,A3,逃,3.83,76.38,◎,6,14.2,23.8,28.5,4,1,,,,,,08:55
6320260731020002,hofu,2026-08-01,2,△1 ▲5 ◎2 ○6 ×3 注7,,,,,3,伊藤 翼,神奈川,40,94,A3,両,3.92,67.06,nan,0,17.2,20.6,20.6,4,1,,,,,,08:55
6320260731020002,hofu,2026-08-01,2,△1 ▲5 ◎2 ○6 ×3 注7,,,,,4,旭 啓介,神奈川,47,86,A3,追,3.92,70.64,注,2,7.1,14.2,35.7,0,0,,,,,,08:55
6320260731020002,hofu,2026-08-01,2,△1 ▲5 ◎2 ○6 ×3 注7,,,,,5,吉成 晃一  熊,本,40,92,A3,両,3.92,69.48,▲,3,6.8,17.2,37.9,1,0,,,,,,08:55
6320260731020002,hofu,2026-08-01,2,△1 ▲5 ◎2 ○6 ×3 注7,,,,,6,藤野 竜也  栃,木,26,117,A3,追,3.92,66.81,○,5,9.0,9.0,18.1,0,0,,,,,,08:55
6320260731020002,hofu,2026-08-01,2,△1 ▲5 ◎2 ○6 ×3 注7,,,,,7,柴田 健,神奈川,56,71,A3,追,3.92,72.93,×,1,6.6,33.3,53.3,0,0,,,,,,08:55
6320260731020003,hofu,2026-08-01,3,◎4 ○3 注2 △5 ×1 ▲7,,,,,1,照屋 将貴  沖,縄,31,111,A3,追,3.93,78.13,×,1,12.5,31.2,43.7,0,0,,,,,,09:15
6320260731020003,hofu,2026-08-01,3,◎4 ○3 注2 △5 ×1 ▲7,,,,,2,三木 翔太  群,馬,38,95,A3,両,3.92,69.81,注,2,11.1,11.1,38.8,1,0,,,,,,09:15
6320260731020003,hofu,2026-08-01,3,◎4 ○3 注2 △5 ×1 ▲7,,,,,3,滝川 秀嗣  愛,知,53,71,A3,追,3.85,67.71,○,5,0.0,0.0,21.4,0,0,,,,,,09:15
6320260731020003,hofu,2026-08-01,3,◎4 ○3 注2 △5 ×1 ▲7,,,,,4,伊藤 嘉浩  岐,阜,49,79,A3,両,3.92,70.29,◎,6,12.5,25.0,41.6,1,1,,,,,,09:15
6320260731020003,hofu,2026-08-01,3,◎4 ○3 注2 △5 ×1 ▲7,,,,,5,関 敬  栃,木,49,81,A3,追,3.92,76.66,△,4,0.0,8.3,16.6,0,0,,,,,,09:15
6320260731020003,hofu,2026-08-01,3,◎4 ○3 注2 △5 ×1 ▲7,,,,,6,齋藤 仁  徳,島,47,83,A3,追,3.92,65.90,nan,0,3.3,6.6,20.0,0,0,,,,,,09:15
6320260731020003,hofu,2026-08-01,3,◎4 ○3 注2 △5 ×1 ▲7,,,,,7,竹野 行登,鹿児島,59,64,A3,追,3.92,66.88,▲,3,0.0,10.0,30.0,0,0,,,,,,09:15
6320260731020004,hofu,2026-08-01,4,◎2 ○7 注5 ×6 ▲1 △3,,,,,1,川上 真二郎  新,潟,46,86,A3,追,3.92,77.00,×,1,0.0,16.6,27.7,0,0,,,,,,09:35
6320260731020004,hofu,2026-08-01,4,◎2 ○7 注5 ×6 ▲1 △3,,,,,2,井坂 泰誓  大,阪,32,115,A3,両,3.92,72.07,◎,6,22.2,37.0,55.5,2,6,,,,,,09:35
6320260731020004,hofu,2026-08-01,4,◎2 ○7 注5 ×6 ▲1 △3,,,,,3,龍門 慎太郎  岡,山,41,96,A3,追,3.92,69.25,▲,3,25.0,25.0,42.8,1,3,,,,,,09:35
6320260731020004,hofu,2026-08-01,4,◎2 ○7 注5 ×6 ▲1 △3,,,,,4,榊枝 輝文  福,島,49,79,A3,追,3.93,71.03,△,4,11.1,37.0,55.5,0,0,,,,,,09:35
6320260731020004,hofu,2026-08-01,4,◎2 ○7 注5 ×6 ▲1 △3,,,,,5,藤縄 洋介  兵,庫,45,89,A3,両,3.92,69.95,注,2,14.2,28.5,38.0,0,0,,,,,,09:35
6320260731020004,hofu,2026-08-01,4,◎2 ○7 注5 ×6 ▲1 △3,,,,,6,藤原 義浩  徳,島,53,76,A3,追,3.92,65.50,nan,0,0.0,0.0,17.6,0,0,,,,,,09:35
6320260731020004,hofu,2026-08-01,4,◎2 ○7 注5 ×6 ▲1 △3,,,,,7,伊狩 知人  奈,良,48,85,A3,追,3.86,71.14,○,5,0.0,19.0,42.8,0,0,,,,,,09:35
6320260731020005,hofu,2026-08-01,5,△3 ×7 注4 ◎2 ○5 ▲1,,,,,1,松田 直也  大,分,41,92,A3,追,3.93,75.75,○,5,4.7,4.7,14.2,0,0,,,,,,09:55
6320260731020005,hofu,2026-08-01,5,△3 ×7 注4 ◎2 ○5 ▲1,,,,,2,川上 修平  高,知,48,99,A3,追,3.86,77.19,注,2,0.0,19.0,33.3,0,0,,,,,,09:55
6320260731020005,hofu,2026-08-01,5,△3 ×7 注4 ◎2 ○5 ▲1,,,,,3,中川 飛隆  新,潟,27,127,A3,逃,3.83,73.90,△,4,28.5,61.9,76.1,5,3,,,,,,09:55
6320260731020005,hofu,2026-08-01,5,△3 ×7 注4 ◎2 ○5 ▲1,,,,,4,松本 悠平  高,知,23,129,A3,逃,3.92,76.33,×,1,38.4,46.1,61.5,3,2,,,,,,09:55
6320260731020005,hofu,2026-08-01,5,△3 ×7 注4 ◎2 ○5 ▲1,,,,,5,横溝 貫太  福,岡,23,129,A3,逃,3.92,79.66,◎,6,50.0,80.0,80.0,2,6,,,,,,09:55
6320260731020005,hofu,2026-08-01,5,△3 ×7 注4 ◎2 ○5 ▲1,,,,,6,樋口 有樹郎  兵,庫,38,98,A3,両,3.93,67.96,▲,3,7.4,22.2,25.9,1,0,,,,,,09:55
6320260731020005,hofu,2026-08-01,5,△3 ×7 注4 ◎2 ○5 ▲1,,,,,7,佐川 拓也  福,島,37,99,A3,両,3.86,68.92,nan,0,14.2,21.4,28.5,0,0,,,,,,09:55
6320260731020006,hofu,2026-08-01,6,△7 ▲3 ◎5 ○1 ×6 注4,,,,,1,沢田 勇治  山,口,37,98,A3,両,3.92,76.23,○,5,0.0,12.0,20.0,0,0,,,,,,10:15
6320260731020006,hofu,2026-08-01,6,△7 ▲3 ◎5 ○1 ×6 注4,,,,,2,小塚 潤  愛,知,47,86,A3,追,3.92,70.57,注,2,9.5,23.8,38.0,0,0,,,,,,10:15
6320260731020006,hofu,2026-08-01,6,△7 ▲3 ◎5 ○1 ×6 注4,,,,,3,早川 成矢  埼,玉,50,78,A3,両,3.92,72.88,▲,3,11.1,38.8,50.0,1,3,,,,,,10:15
6320260731020006,hofu,2026-08-01,6,△7 ▲3 ◎5 ○1 ×6 注4,,,,,4,森川 康輔  岐,阜,29,111,A3,両,3.92,78.88,×,1,33.3,33.3,44.4,0,4,,,,,,10:15
6320260731020006,hofu,2026-08-01,6,△7 ▲3 ◎5 ○1 ×6 注4,,,,,5,田上 晃也  岡,山,28,115,A3,逃,3.92,88.19,◎,6,47.6,61.9,80.9,7,6,,,,,,10:15
6320260731020006,hofu,2026-08-01,6,△7 ▲3 ◎5 ○1 ×6 注4,,,,,6,阿部 龍也  山,口,33,119,A3,逃,3.92,67.04,nan,0,9.5,23.8,42.8,4,0,,,,,,10:15
6320260731020006,hofu,2026-08-01,6,△7 ▲3 ◎5 ○1 ×6 注4,,,,,7,関口 朗斗  群,馬,22,127,A3,逃,3.92,77.20,△,4,54.1,66.6,83.3,6,9,,,,,,10:15
6320260731020007,hofu,2026-08-01,7,◎5 ○2 ×6 注1 ▲4 △3,,,,,1,三浦 大輝  宮,城,28,111,A3,逃,3.85,80.28,×,1,9.5,28.5,47.6,3,3,,,,,,10:35
6320260731020007,hofu,2026-08-01,7,◎5 ○2 ×6 注1 ▲4 △3,,,,,2,加藤 昌平  福,岡,50,80,A3,追,3.85,75.70,○,5,14.8,59.2,77.7,0,0,,,,,,10:35
6320260731020007,hofu,2026-08-01,7,◎5 ○2 ×6 注1 ▲4 △3,,,,,3,鴨下 佳朋  愛,知,21,129,A3,逃,3.93,73.13,▲,3,6.6,20.0,40.0,2,0,,,,,,10:35
6320260731020007,hofu,2026-08-01,7,◎5 ○2 ×6 注1 ▲4 △3,,,,,4,渡邉 正人  福,島,35,100,A3,逃,3.86,70.59,注,2,20.0,25.0,40.0,0,3,,,,,,10:35
6320260731020007,hofu,2026-08-01,7,◎5 ○2 ×6 注1 ▲4 △3,,,,,5,沢田 桂太郎  大,分,28,129,A3,逃,3.93,78.86,◎,6,26.6,73.3,86.6,3,4,,,,,,10:35
6320260731020007,hofu,2026-08-01,7,◎5 ○2 ×6 注1 ▲4 △3,,,,,6,安本 昇平  山,口,31,113,A3,逃,3.93,64.66,nan,0,0.0,0.0,0.0,0,0,,,,,,10:35
6320260731020007,hofu,2026-08-01,7,◎5 ○2 ×6 注1 ▲4 △3,,,,,7,北村 篤  岐,阜,39,94,A3,追,3.92,77.95,△,4,12.5,25.0,29.1,0,0,,,,,,10:35
7420260731020001,kochi,2026-08-01,1,,,,,,1,西島 叶子  熊,本,31,118,L1,両,3.79,54.62,nan,0,25.0,58.3,79.1,1,5,,,,,,20:36
7420260731020001,kochi,2026-08-01,1,,,,,,2,太田 美穂  三,重,29,112,L1,両,3.77,52.66,nan,0,3.7,44.4,55.5,6,5,,,,,,20:36
7420260731020001,kochi,2026-08-01,1,,,,,,3,川原 未紀  千,葉,27,128,L1,両,3.71,51.47,nan,0,0.0,18.1,40.9,1,0,,,,,,20:36
7420260731020001,kochi,2026-08-01,1,,,,,,4,片岡 美奈  栃,木,27,126,L1,両,3.77,48.22,nan,0,4.3,8.6,17.3,0,0,,,,,,20:36
7420260731020001,kochi,2026-08-01,1,,,,,,5,藤巻 絵里佳  福,島,30,110,L1,追,3.79,48.07,nan,0,0.0,3.5,14.2,0,0,,,,,,20:36
7420260731020001,kochi,2026-08-01,1,,,,,,6,今西 瑠花  大,阪,23,128,L1,両,3.77,46.46,nan,0,0.0,15.3,15.3,0,1,,,,,,20:36
7420260731020001,kochi,2026-08-01,1,,,,,,7,伊藤 木々音  岐,阜,23,128,L1,両,3.77,45.50,nan,0,0.0,0.0,0.0,0,0,,,,,,20:36
7420260731020002,kochi,2026-08-01,2,,,,,,1,那須 萌美  宮,崎,35,114,L1,両,3.77,55.84,nan,0,32.0,76.0,84.0,0,4,,,,,,21:00
7420260731020002,kochi,2026-08-01,2,,,,,,2,蛯原 杏奈,北海道,26,120,L1,追,3.77,50.39,nan,0,3.0,12.1,39.3,0,0,,,,,,21:00
7420260731020002,kochi,2026-08-01,2,,,,,,3,露谷 菜々花  高,知,21,130,L1,両,3.79,50.00,nan,0,6.6,33.3,46.6,3,0,,,,,,21:00
7420260731020002,kochi,2026-08-01,2,,,,,,4,宮西 令奈  石,川,25,124,L1,両,3.69,49.90,nan,0,0.0,28.5,38.0,0,0,,,,,,21:00
7420260731020002,kochi,2026-08-01,2,,,,,,5,前田 真希  福,岡,32,130,L1,両,3.77,47.93,nan,0,0.0,20.0,26.6,0,0,,,,,,21:00
7420260731020002,kochi,2026-08-01,2,,,,,,6,萩原 瑞生  群,馬,30,122,L1,追,3.77,46.50,nan,0,0.0,0.0,11.1,0,0,,,,,,21:00
7420260731020002,kochi,2026-08-01,2,,,,,,7,齊藤 由紀  愛,知,40,110,L1,両,3.71,44.53,nan,0,0.0,0.0,6.6,0,0,,,,,,21:00
7420260731020003,kochi,2026-08-01,3,,,,,,1,滝山 実  徳,島,49,84,A2,追,3.92,83.42,nan,0,0.0,19.0,33.3,0,0,,,,,,21:24
7420260731020003,kochi,2026-08-01,3,,,,,,2,表 大暁  富,山,51,82,A2,追,3.83,80.83,nan,0,0.0,11.1,22.2,0,0,,,,,,21:24
7420260731020003,kochi,2026-08-01,3,,,,,,3,有馬 雄二  奈,良,44,90,A2,追,3.92,80.26,nan,0,3.8,15.3,23.0,0,0,,,,,,21:24
7420260731020003,kochi,2026-08-01,3,,,,,,4,片山 直人  福,岡,45,87,A2,両,3.92,76.95,nan,0,0.0,0.0,0.0,0,0,,,,,,21:24
7420260731020003,kochi,2026-08-01,3,,,,,,5,米原 大輔  沖,縄,46,86,A2,追,3.93,76.91,nan,0,4.1,33.3,58.3,0,0,,,,,,21:24
7420260731020003,kochi,2026-08-01,3,,,,,,6,柏野 健吾  岡,山,23,127,A2,逃,3.92,73.09,nan,0,18.7,53.1,53.1,14,3,,,,,,21:24
7420260731020004,kochi,2026-08-01,4,,,,,,1,松下 綾馬  岡,山,29,121,A1,逃,3.92,84.33,nan,0,5.5,27.7,44.4,2,2,,,,,,21:48
7420260731020004,kochi,2026-08-01,4,,,,,,2,小林 健  岡,山,55,67,A2,追,3.92,81.95,nan,0,4.5,18.1,27.2,0,0,,,,,,21:48
7420260731020004,kochi,2026-08-01,4,,,,,,3,小岩 哲也  大,分,40,101,A2,両,3.92,80.08,nan,0,0.0,4.1,25.0,0,0,,,,,,21:48
7420260731020004,kochi,2026-08-01,4,,,,,,4,吉岡 伸太郎  愛,媛,33,105,A2,逃,3.86,79.00,nan,0,0.0,0.0,25.0,0,0,,,,,,21:48
7420260731020004,kochi,2026-08-01,4,,,,,,5,三浦 靖  岐,阜,61,53,A2,追,3.92,78.11,nan,0,0.0,5.5,16.6,0,0,,,,,,21:48
7420260731020004,kochi,2026-08-01,4,,,,,,6,穴井 利久  福,岡,56,65,A2,追,3.92,71.50,nan,0,4.1,4.1,29.1,0,0,,,,,,21:48
7420260731020004,kochi,2026-08-01,4,,,,,,7,田口 守  山,口,38,94,A2,両,3.92,70.91,nan,0,8.3,16.6,16.6,0,0,,,,,,21:48
7420260731020005,kochi,2026-08-01,5,,,,,,1,野口 正則  奈,良,35,105,A1,両,3.92,94.50,nan,0,18.1,22.7,36.3,0,0,,,,,,22:13
7420260731020005,kochi,2026-08-01,5,,,,,,2,片山 智晴  岡,山,42,92,A1,追,3.92,93.20,nan,0,4.0,16.0,28.0,0,0,,,,,,22:13
7420260731020005,kochi,2026-08-01,5,,,,,,3,谷元 奎心  山,口,25,117,A1,逃,3.92,87.14,nan,0,23.8,33.3,47.6,1,1,,,,,,22:13
7420260731020005,kochi,2026-08-01,5,,,,,,4,中武 三四郎  大,阪,33,113,A2,逃,3.92,84.37,nan,0,11.1,33.3,51.8,8,1,,,,,,22:13
7420260731020005,kochi,2026-08-01,5,,,,,,5,寺崎 祐樹  熊,本,39,97,A1,追,3.92,84.16,nan,0,16.6,29.1,33.3,0,0,,,,,,22:13
7420260731020005,kochi,2026-08-01,5,,,,,,6,吉成 貴博  熊,本,38,97,A2,追,3.86,82.04,nan,0,4.5,18.1,27.2,0,1,,,,,,22:13
7420260731020005,kochi,2026-08-01,5,,,,,,7,新垣 慶晃  沖,縄,25,127,A2,逃,3.93,79.66,nan,0,38.8,61.1,77.7,4,7,,,,,,22:13
7420260731020006,kochi,2026-08-01,6,,,,,,1,上吹越 直樹,鹿児島,44,86,A1,両,3.92,95.39,nan,0,13.0,30.4,43.4,0,2,,,,,,22:40
7420260731020006,kochi,2026-08-01,6,,,,,,2,南儀 拓海  富,山,27,121,A1,逃,3.92,93.15,nan,0,9.3,18.7,28.1,4,1,,,,,,22:40
7420260731020006,kochi,2026-08-01,6,,,,,,3,谷口 友真  大,阪,37,109,A1,逃,3.92,88.91,nan,0,12.5,33.3,45.8,3,0,,,,,,22:40
7420260731020006,kochi,2026-08-01,6,,,,,,4,伊藤 大彦  徳,島,43,89,A1,追,3.92,86.82,nan,0,8.6,21.7,60.8,0,1,,,,,,22:40
7420260731020006,kochi,2026-08-01,6,,,,,,5,橋本 陸  福,岡,29,121,A1,逃,3.93,86.04,nan,0,29.1,50.0,54.1,8,4,,,,,,22:40
7420260731020006,kochi,2026-08-01,6,,,,,,6,仲松 勝太  沖,縄,48,96,A2,追,3.92,84.19,nan,0,4.7,23.8,47.6,0,0,,,,,,22:40
7420260731020006,kochi,2026-08-01,6,,,,,,7,戸伏 康夫  岡,山,46,96,A1,追,3.92,83.63,nan,0,5.2,15.7,36.8,0,0,,,,,,22:40
7420260731020007,kochi,2026-08-01,7,,,,,,1,小原 周祐  高,知,35,99,A1,両,3.92,93.33,nan,0,17.6,35.2,52.9,0,1,,,,,,23:07
7420260731020007,kochi,2026-08-01,7,,,,,,2,小林 信晴  愛,知,48,83,A1,追,3.92,91.25,nan,0,4.1,37.5,50.0,0,0,,,,,,23:07
7420260731020007,kochi,2026-08-01,7,,,,,,3,日野 博幸  愛,媛,42,103,A1,逃,3.92,91.22,nan,0,27.7,38.8,50.0,3,2,,,,,,23:07
7420260731020007,kochi,2026-08-01,7,,,,,,4,八尋 英輔  福,岡,46,89,A1,追,3.92,88.00,nan,0,20.8,41.6,54.1,0,0,,,,,,23:07
7420260731020007,kochi,2026-08-01,7,,,,,,5,浅見 隼  福,岡,29,115,A1,逃,3.85,85.12,nan,0,25.0,45.8,45.8,5,5,,,,,,23:07
7420260731020007,kochi,2026-08-01,7,,,,,,6,加藤 駿  愛,知,28,127,A2,逃,3.92,80.95,nan,0,25.0,50.0,66.6,7,4,,,,,,23:07
7420260731020007,kochi,2026-08-01,7,,,,,,7,山原 利秀  高,知,57,63,A2,追,3.92,75.38,nan,0,11.1,27.7,44.4,0,0,,,,,,23:07
8420260731020001,takeo,2026-08-01,1,,,,,,1,川上 いちご  千,葉,27,130,L1,両,3.79,55.86,nan,0,86.6,93.3,93.3,5,9,,,,,,20:52
8420260731020001,takeo,2026-08-01,1,,,,,,2,吉村 早耶香  静,岡,29,112,L1,両,3.77,53.71,nan,0,9.5,38.0,66.6,2,1,,,,,,20:52
8420260731020001,takeo,2026-08-01,1,,,,,,3,杉浦 菜留  愛,知,26,118,L1,両,3.79,50.55,nan,0,11.1,25.9,33.3,0,2,,,,,,20:52
8420260731020001,takeo,2026-08-01,1,,,,,,4,土井 柚姫  岡,山,23,128,L1,両,3.77,49.72,nan,0,5.5,5.5,27.7,0,0,,,,,,20:52
8420260731020001,takeo,2026-08-01,1,,,,,,5,佐伯 智恵  愛,媛,27,114,L1,両,3.77,47.75,nan,0,0.0,8.3,12.5,0,0,,,,,,20:52
8420260731020001,takeo,2026-08-01,1,,,,,,6,布居 光,和歌山,26,118,L1,両,3.77,47.29,nan,0,0.0,4.1,16.6,0,0,,,,,,20:52
8420260731020001,takeo,2026-08-01,1,,,,,,7,高崎 千賀,神奈川,32,128,L1,両,3.77,47.20,nan,0,0.0,5.0,20.0,0,0,,,,,,20:52
8420260731020002,takeo,2026-08-01,2,,,,,,1,尾方 真生  福,岡,27,118,L1,逃,3.79,56.41,nan,0,75.0,83.3,83.3,10,9,,,,,,21:16
8420260731020002,takeo,2026-08-01,2,,,,,,2,高尾 貴美歌  長,崎,26,116,L1,両,3.77,55.16,nan,0,16.6,72.2,94.4,0,3,,,,,,21:16
8420260731020002,takeo,2026-08-01,2,,,,,,3,増茂 るるこ  東,京,34,102,L1,両,3.77,51.16,nan,0,8.3,33.3,33.3,1,0,,,,,,21:16
8420260731020002,takeo,2026-08-01,2,,,,,,4,鈴木 媛子  愛,知,28,130,L1,両,3.77,49.83,nan,0,16.6,22.2,38.8,0,3,,,,,,21:16
8420260731020002,takeo,2026-08-01,2,,,,,,5,黒河内 由実  長,野,31,110,L1,追,3.79,48.37,nan,0,0.0,5.4,18.9,1,0,,,,,,21:16
8420260731020002,takeo,2026-08-01,2,,,,,,6,新井 美菜  埼,玉,27,116,L1,追,3.71,48.21,nan,0,10.5,15.7,26.3,2,1,,,,,,21:16
8420260731020002,takeo,2026-08-01,2,,,,,,7,三谷 尚子  愛,媛,40,122,L1,追,3.77,46.91,nan,0,0.0,0.0,16.6,0,0,,,,,,21:16
8420260731020003,takeo,2026-08-01,3,,,,,,1,山田 祐太  福,島,38,113,A3,逃,3.92,75.41,nan,0,4.1,16.6,33.3,2,2,,,,,,21:40
8420260731020003,takeo,2026-08-01,3,,,,,,2,浦野 慈生,神奈川,40,103,A3,両,3.92,70.30,nan,0,7.1,21.4,42.8,0,0,,,,,,21:40
8420260731020003,takeo,2026-08-01,3,,,,,,3,石井 孝  千,葉,54,68,A3,追,3.85,69.76,nan,0,4.7,19.0,33.3,0,0,,,,,,21:40
8420260731020003,takeo,2026-08-01,3,,,,,,4,上原 直樹  岡,山,53,75,A3,追,3.85,68.80,nan,0,9.0,22.7,31.8,0,0,,,,,,21:40
8420260731020003,takeo,2026-08-01,3,,,,,,5,川口 秀人  徳,島,60,57,A3,追,3.93,68.36,nan,0,18.1,18.1,27.2,0,0,,,,,,21:40
8420260731020003,takeo,2026-08-01,3,,,,,,6,村上 順規  新,潟,50,80,A3,追,3.85,67.95,nan,0,9.5,28.5,33.3,0,2,,,,,,21:40
8420260731020003,takeo,2026-08-01,3,,,,,,7,川西 亮介,和歌山,49,86,A3,追,3.86,67.05,nan,0,5.8,5.8,29.4,0,0,,,,,,21:40
8420260731020004,takeo,2026-08-01,4,,,,,,1,高嶋 一朗  岡,山,59,62,A3,追,3.86,73.36,nan,0,20.0,33.3,56.6,0,0,,,,,,22:04
8420260731020004,takeo,2026-08-01,4,,,,,,2,内海 雅夫  群,馬,47,83,A3,追,3.92,72.63,nan,0,22.7,40.9,68.1,0,1,,,,,,22:04
8420260731020004,takeo,2026-08-01,4,,,,,,3,米倉 剛志  千,葉,43,89,A3,逃,3.85,71.68,nan,0,18.7,31.2,50.0,3,1,,,,,,22:04
8420260731020004,takeo,2026-08-01,4,,,,,,4,茂木 和臣  埼,玉,57,63,A3,追,3.92,70.18,nan,0,11.7,17.6,35.2,0,0,,,,,,22:04
8420260731020004,takeo,2026-08-01,4,,,,,,5,竹村 達也  高,知,35,99,A3,両,3.92,69.16,nan,0,5.5,22.2,44.4,3,0,,,,,,22:04
8420260731020004,takeo,2026-08-01,4,,,,,,6,相良 勝美  福,島,54,70,A3,追,3.93,69.15,nan,0,0.0,15.3,15.3,0,0,,,,,,22:04
8420260731020004,takeo,2026-08-01,4,,,,,,7,原 司  佐,賀,54,70,A3,追,3.85,66.70,nan,0,0.0,0.0,20.8,0,0,,,,,,22:04
8420260731020005,takeo,2026-08-01,5,,,,,,1,小出 慎也,和歌山,35,109,A3,逃,3.92,77.79,nan,0,4.1,33.3,37.5,5,1,,,,,,22:31
8420260731020005,takeo,2026-08-01,5,,,,,,2,爲田 学  沖,縄,53,69,A3,追,3.92,75.52,nan,0,0.0,9.5,42.8,0,0,,,,,,22:31
8420260731020005,takeo,2026-08-01,5,,,,,,3,森田 瑞基  福,岡,25,129,A3,逃,3.92,73.83,nan,0,7.6,23.0,53.8,2,1,,,,,,22:31
8420260731020005,takeo,2026-08-01,5,,,,,,4,山口 直樹,神奈川,30,123,A3,逃,3.92,73.78,nan,0,20.0,40.0,53.3,1,4,,,,,,22:31
8420260731020005,takeo,2026-08-01,5,,,,,,5,布居 翼,和歌山,30,109,A3,逃,3.92,72.03,nan,0,17.2,41.3,55.1,7,2,,,,,,22:31
8420260731020005,takeo,2026-08-01,5,,,,,,6,安坂 洋一,神奈川,50,79,A3,追,3.92,69.10,nan,0,0.0,3.4,24.1,0,0,,,,,,22:31
8420260731020005,takeo,2026-08-01,5,,,,,,7,花村 直人  三,重,56,71,A3,両,3.92,68.43,nan,0,0.0,8.6,30.4,0,0,,,,,,22:31
8420260731020006,takeo,2026-08-01,6,,,,,,1,倉松 涼  高,知,30,117,A3,両,3.92,80.55,nan,0,0.0,33.3,33.3,0,1,,,,,,22:58
8420260731020006,takeo,2026-08-01,6,,,,,,2,中井 大介  福,岡,56,65,A3,追,3.92,78.30,nan,0,20.0,30.0,40.0,0,0,,,,,,22:58
8420260731020006,takeo,2026-08-01,6,,,,,,3,宮崎 一彰  高,知,51,99,A3,両,3.92,76.38,nan,0,42.8,61.9,80.9,0,0,,,,,,22:58
8420260731020006,takeo,2026-08-01,6,,,,,,4,樫村 伸平  兵,庫,38,99,A3,追,3.85,76.11,nan,0,0.0,5.5,5.5,0,0,,,,,,22:58
8420260731020006,takeo,2026-08-01,6,,,,,,5,久保田 智之  福,岡,20,129,A3,逃,3.92,73.11,nan,0,10.0,10.0,30.0,0,1,,,,,,22:58
8420260731020006,takeo,2026-08-01,6,,,,,,6,児玉 東次郎  岐,阜,19,129,A3,逃,3.85,72.25,nan,0,25.0,33.3,41.6,2,2,,,,,,22:58
8420260731020006,takeo,2026-08-01,6,,,,,,7,富永 昌久  佐,賀,45,88,A3,追,3.92,67.62,nan,0,0.0,7.4,25.9,0,0,,,,,,22:58
8420260731020007,takeo,2026-08-01,7,,,,,,1,伊藤 京介  三,重,23,129,A3,逃,3.92,80.86,nan,0,80.0,93.3,93.3,5,8,,,,,,23:25
8420260731020007,takeo,2026-08-01,7,,,,,,2,織茂 雄一郎  山,梨,28,125,A3,両,3.92,73.82,nan,0,12.5,37.5,62.5,4,2,,,,,,23:25
8420260731020007,takeo,2026-08-01,7,,,,,,3,陶器 一馬  大,阪,47,86,A3,追,3.85,70.09,nan,0,10.0,15.0,40.0,0,0,,,,,,23:25
8420260731020007,takeo,2026-08-01,7,,,,,,4,中嶋 樹  大,阪,24,119,A3,逃,3.92,69.76,nan,0,26.9,42.3,50.0,6,4,,,,,,23:25
8420260731020007,takeo,2026-08-01,7,,,,,,5,佐野 多喜男  新,潟,47,85,A3,追,3.92,69.16,nan,0,12.5,16.6,33.3,0,1,,,,,,23:25
8420260731020007,takeo,2026-08-01,7,,,,,,6,橋本 大祐  岐,阜,49,80,A3,追,3.92,68.52,nan,0,0.0,21.0,36.8,0,0,,,,,,23:25
8420260731020007,takeo,2026-08-01,7,,,,,,7,ラモス レオ  沖,縄,28,113,A3,逃,3.93,67.64,nan,0,12.0,24.0,36.0,2,1,,,,,,23:25
8520260731020001,sasebo,2026-08-01,1,×1 注5 ○7 ◎3 △4 ▲6,,,,,1,北川 大成  熊,本,25,119,A2,逃,3.92,79.72,×,1,0.0,16.6,33.3,3,0,,,,,,10:40
8520260731020001,sasebo,2026-08-01,1,×1 注5 ○7 ◎3 △4 ▲6,,,,,2,宮本 佳樹  香,川,53,78,A2,追,3.92,79.40,▲,3,6.6,6.6,6.6,0,0,,,,,,10:40
8520260731020001,sasebo,2026-08-01,1,×1 注5 ○7 ◎3 △4 ▲6,,,,,3,植木 和広,神奈川,46,98,A1,追,3.92,86.05,◎,6,11.1,27.7,38.8,0,0,,,,,,10:40
8520260731020001,sasebo,2026-08-01,1,×1 注5 ○7 ◎3 △4 ▲6,,,,,4,宮倉 勇  千,葉,62,58,A2,追,3.92,83.33,△,4,3.7,11.1,29.6,0,0,,,,,,10:40
8520260731020001,sasebo,2026-08-01,1,×1 注5 ○7 ◎3 △4 ▲6,,,,,5,神開 将暢  福,岡,53,69,A2,追,3.92,81.95,注,2,4.7,52.3,71.4,0,0,,,,,,10:40
8520260731020001,sasebo,2026-08-01,1,×1 注5 ○7 ◎3 △4 ▲6,,,,,6,田村 裕也  徳,島,30,113,A2,逃,3.92,69.09,nan,0,9.5,14.2,28.5,3,0,,,,,,10:40
8520260731020001,sasebo,2026-08-01,1,×1 注5 ○7 ◎3 △4 ▲6,,,,,7,平山 優太  福,島,26,119,A2,両,3.92,81.51,○,5,13.3,23.3,33.3,1,0,,,,,,10:40
8520260731020002,sasebo,2026-08-01,2,◎7 ○2 注4 △6 ×5 ▲1,,,,,1,山口 慎吾,北海道,43,93,A2,追,3.92,85.34,×,1,7.6,19.2,42.3,0,0,,,,,,11:04
8520260731020002,sasebo,2026-08-01,2,◎7 ○2 注4 △6 ×5 ▲1,,,,,2,栗田 貴徳  愛,媛,43,93,A1,追,3.92,86.16,○,5,33.3,66.6,66.6,0,0,,,,,,11:04
8520260731020002,sasebo,2026-08-01,2,◎7 ○2 注4 △6 ×5 ▲1,,,,,3,金子 周一郎  埼,玉,49,78,A2,追,3.92,84.13,▲,3,0.0,20.0,26.6,0,0,,,,,,11:04
8520260731020002,sasebo,2026-08-01,2,◎7 ○2 注4 △6 ×5 ▲1,,,,,4,徳吉 広紀  福,岡,49,84,A2,追,3.92,84.59,注,2,3.7,18.5,44.4,0,0,,,,,,11:04
8520260731020002,sasebo,2026-08-01,2,◎7 ○2 注4 △6 ×5 ▲1,,,,,5,森 飛龍  静,岡,23,127,A2,逃,3.85,76.72,△,4,34.7,52.1,52.1,8,3,,,,,,11:04
8520260731020002,sasebo,2026-08-01,2,◎7 ○2 注4 △6 ×5 ▲1,,,,,6,渡邉 満  福,岡,53,73,A2,追,3.92,74.66,nan,0,11.1,22.2,33.3,0,0,,,,,,11:04
8520260731020002,sasebo,2026-08-01,2,◎7 ○2 注4 △6 ×5 ▲1,,,,,7,高井 流星  岡,山,31,113,A2,逃,3.92,90.81,◎,6,30.4,47.8,52.1,7,4,,,,,,11:04
8520260731020003,sasebo,2026-08-01,3,◎5 ○1 注4 ▲6 △2 ×3,,,,,1,飯田 辰哉  千,葉,53,72,A1,追,3.92,91.66,○,5,11.1,33.3,51.8,0,0,,,,,,11:29
8520260731020003,sasebo,2026-08-01,3,◎5 ○1 注4 ▲6 △2 ×3,,,,,2,工藤 文彦  沖,縄,43,97,A1,追,3.92,88.33,▲,3,11.1,38.8,61.1,0,0,,,,,,11:29
8520260731020003,sasebo,2026-08-01,3,◎5 ○1 注4 ▲6 △2 ×3,,,,,3,矢部 駿人  岡,山,27,121,A1,逃,3.92,92.04,△,4,19.0,38.0,61.9,3,2,,,,,,11:29
8520260731020003,sasebo,2026-08-01,3,◎5 ○1 注4 ▲6 △2 ×3,,,,,4,吉田 元輝  茨,城,40,100,A2,両,3.92,88.68,注,2,8.6,43.4,65.2,0,1,,,,,,11:29
8520260731020003,sasebo,2026-08-01,3,◎5 ○1 注4 ▲6 △2 ×3,,,,,5,田口 勇介  秋,田,26,119,A1,逃,3.92,95.22,◎,6,16.6,27.7,38.8,4,1,,,,,,11:29
8520260731020003,sasebo,2026-08-01,3,◎5 ○1 注4 ▲6 △2 ×3,,,,,6,堀越 翔己  福,岡,27,123,A2,逃,3.92,85.15,nan,0,30.0,45.0,55.0,3,6,,,,,,11:29
8520260731020003,sasebo,2026-08-01,3,◎5 ○1 注4 ▲6 △2 ×3,,,,,7,篠原 龍馬  高,知,45,89,A1,両,3.92,90.47,×,1,33.3,47.6,57.1,3,3,,,,,,11:29
8520260731020004,sasebo,2026-08-01,4,◎1 ○4 注6 ▲5 △2 ×7,,,,,1,八谷 誠賢  福,岡,51,77,A1,逃,3.93,92.52,◎,6,28.5,47.6,61.9,2,3,,,,,,11:56
8520260731020004,sasebo,2026-08-01,4,◎1 ○4 注6 ▲5 △2 ×7,,,,,2,太刀川 一成  千,葉,46,100,A1,追,3.92,94.89,▲,3,6.8,27.5,34.4,0,1,,,,,,11:56
8520260731020004,sasebo,2026-08-01,4,◎1 ○4 注6 ▲5 △2 ×7,,,,,3,上田 学  愛,媛,55,69,A1,追,3.86,84.54,×,1,12.5,25.0,45.8,0,0,,,,,,11:56
8520260731020004,sasebo,2026-08-01,4,◎1 ○4 注6 ▲5 △2 ×7,,,,,4,川島 勝  長,崎,43,89,A2,追,3.85,87.00,○,5,16.6,33.3,50.0,0,0,,,,,,11:56
8520260731020004,sasebo,2026-08-01,4,◎1 ○4 注6 ▲5 △2 ×7,,,,,5,菅谷 隆司  東,京,41,96,A1,両,3.92,91.21,注,2,15.0,25.0,50.0,0,1,,,,,,11:56
8520260731020004,sasebo,2026-08-01,4,◎1 ○4 注6 ▲5 △2 ×7,,,,,6,安東 英博  大,分,45,87,A2,追,3.92,82.25,nan,0,4.1,20.8,45.8,0,0,,,,,,11:56
8520260731020004,sasebo,2026-08-01,4,◎1 ○4 注6 ▲5 △2 ×7,,,,,7,山崎 航  山,口,31,119,A1,逃,3.92,90.04,△,4,33.3,50.0,70.8,6,4,,,,,,11:56
8520260731020005,sasebo,2026-08-01,5,◎1 ○7 注3 △5 ×6 ▲4,,,,,1,薦田 将伍  愛,媛,28,113,A1,逃,3.92,95.81,◎,6,18.5,22.2,40.7,2,1,,,,,,12:23
8520260731020005,sasebo,2026-08-01,5,◎1 ○7 注3 △5 ×6 ▲4,,,,,2,池田 浩士  佐,賀,47,86,A2,追,3.92,87.73,▲,3,4.3,26.0,43.4,0,0,,,,,,12:23
8520260731020005,sasebo,2026-08-01,5,◎1 ○7 注3 △5 ×6 ▲4,,,,,3,成田 直喜  青,森,50,81,A1,追,3.92,89.62,注,2,16.6,29.1,41.6,0,0,,,,,,12:23
8520260731020005,sasebo,2026-08-01,5,◎1 ○7 注3 △5 ×6 ▲4,,,,,4,下沖 功児  宮,崎,42,95,A1,逃,3.86,87.20,×,1,29.1,41.6,41.6,4,5,,,,,,12:23
8520260731020005,sasebo,2026-08-01,5,◎1 ○7 注3 △5 ×6 ▲4,,,,,5,星野 辰也  栃,木,40,95,A1,追,3.92,88.40,nan,0,22.2,33.3,51.8,0,0,,,,,,12:23
8520260731020005,sasebo,2026-08-01,5,◎1 ○7 注3 △5 ×6 ▲4,,,,,6,吉田 航  大,分,27,127,A2,逃,3.92,81.30,△,4,52.3,76.1,80.9,13,1,,,,,,12:23
8520260731020005,sasebo,2026-08-01,5,◎1 ○7 注3 △5 ×6 ▲4,,,,,7,守谷 陽介  岡,山,46,87,A1,両,3.92,97.08,○,5,5.8,23.5,44.1,0,0,,,,,,12:23
8520260731020006,sasebo,2026-08-01,6,△1 ×5 注3 ○4 ◎2 ▲6,,,,,1,小柳 智徳  長,崎,28,123,S2,逃,3.92,93.93,△,4,25.0,31.2,43.7,2,3,,,,,,12:50
8520260731020006,sasebo,2026-08-01,6,△1 ×5 注3 ○4 ◎2 ▲6,,,,,2,阿部 大樹  埼,玉,37,94,S2,両,3.92,98.05,◎,6,10.0,20.0,40.0,0,1,,,,,,12:50
8520260731020006,sasebo,2026-08-01,6,△1 ×5 注3 ○4 ◎2 ▲6,,,,,3,山崎 泰己  岡,山,37,101,S2,追,3.92,96.08,注,2,7.4,11.1,29.6,0,0,,,,,,12:50
8520260731020006,sasebo,2026-08-01,6,△1 ×5 注3 ○4 ◎2 ▲6,,,,,4,山口 多聞  埼,玉,24,121,S1,逃,3.92,99.60,○,5,8.6,17.3,30.4,2,1,,,,,,12:50
8520260731020006,sasebo,2026-08-01,6,△1 ×5 注3 ○4 ◎2 ▲6,,,,,5,棚橋 勉  岡,山,45,96,S2,追,3.93,99.14,×,1,10.3,17.2,44.8,0,1,,,,,,12:50
8520260731020006,sasebo,2026-08-01,6,△1 ×5 注3 ○4 ◎2 ▲6,,,,,6,矢野 昌彦  栃,木,44,91,S2,逃,3.92,0.00,▲,3,0.0,0.0,0.0,0,0,,,,,,12:50
8520260731020007,sasebo,2026-08-01,7,注6 ×1 △7 ▲4 ◎2 ○5,,,,,1,安部 貴之  宮,城,42,92,S2,追,3.92,93.00,注,2,0.0,0.0,16.6,0,0,,,,,,13:18
8520260731020007,sasebo,2026-08-01,7,注6 ×1 △7 ▲4 ◎2 ○5,,,,,2,三ツ石 康洋  徳,島,45,86,S2,両,3.92,92.66,▲,3,9.5,28.5,42.8,0,1,,,,,,13:18
8520260731020007,sasebo,2026-08-01,7,注6 ×1 △7 ▲4 ◎2 ○5,,,,,3,小林 潤二  群,馬,53,75,S2,追,3.92,91.66,○,5,0.0,0.0,0.0,0,0,,,,,,13:18
8520260731020007,sasebo,2026-08-01,7,注6 ×1 △7 ▲4 ◎2 ○5,,,,,4,山中 貴雄  高,知,43,90,S2,追,3.92,96.86,△,4,0.0,6.2,25.0,0,0,,,,,,13:18
8520260731020007,sasebo,2026-08-01,7,注6 ×1 △7 ▲4 ◎2 ○5,,,,,5,治田 知也  新,潟,28,121,S2,逃,3.93,103.50,◎,6,40.9,50.0,59.0,6,4,,,,,,13:18
8520260731020007,sasebo,2026-08-01,7,注6 ×1 △7 ▲4 ◎2 ○5,,,,,6,邊見 光輝  福,島,24,119,S2,逃,3.92,89.66,nan,0,0.0,0.0,0.0,0,0,,,,,,13:18
8520260731020007,sasebo,2026-08-01,7,注6 ×1 △7 ▲4 ◎2 ○5,,,,,7,富 武大  山,口,29,121,S2,逃,3.92,94.35,×,1,28.5,50.0,57.1,2,1,,,,,,13:18
8520260731020008,sasebo,2026-08-01,8,◎4 ○1 ▲6 ×5 注2 △7,,,,,1,山口 貴弘  佐,賀,42,92,S2,追,3.92,100.95,○,5,0.0,17.3,43.4,0,0,,,,,,13:48
8520260731020008,sasebo,2026-08-01,8,◎4 ○1 ▲6 ×5 注2 △7,,,,,2,吉松 直人  高,知,45,90,S2,追,3.92,96.04,nan,0,36.3,59.0,72.7,0,2,,,,,,13:48
8520260731020008,sasebo,2026-08-01,8,◎4 ○1 ▲6 ×5 注2 △7,,,,,3,大坪 功一  福,岡,49,81,S2,追,3.92,97.37,△,4,4.1,12.5,20.8,0,0,,,,,,13:48
8520260731020008,sasebo,2026-08-01,8,◎4 ○1 ▲6 ×5 注2 △7,,,,,4,甲斐 俊祐  大,分,28,121,S2,逃,3.92,99.90,◎,6,9.0,31.8,45.4,3,3,,,,,,13:48
8520260731020008,sasebo,2026-08-01,8,◎4 ○1 ▲6 ×5 注2 △7,,,,,5,都築 巧  高,知,26,123,S2,両,3.92,99.33,×,1,33.3,33.3,50.0,0,0,,,,,,13:48
8520260731020008,sasebo,2026-08-01,8,◎4 ○1 ▲6 ×5 注2 △7,,,,,6,稲葉 一真  静,岡,36,100,S2,追,3.92,91.45,▲,3,12.0,16.0,40.0,0,0,,,,,,13:48
8520260731020008,sasebo,2026-08-01,8,◎4 ○1 ▲6 ×5 注2 △7,,,,,7,松本 定  福,岡,30,125,S2,逃,3.93,95.41,注,2,75.0,91.6,91.6,13,8,,,,,,13:48
8520260731020009,sasebo,2026-08-01,9,○2 ◎5 ×4 △1 ▲6 注7,,,,,1,武藤 篤弘  埼,玉,41,95,S2,追,3.92,97.19,△,4,0.0,14.2,42.8,0,0,,,,,,14:18
8520260731020009,sasebo,2026-08-01,9,○2 ◎5 ×4 △1 ▲6 注7,,,,,2,平尾 一晃  長,崎,30,111,S2,逃,3.93,101.21,○,5,26.0,43.4,56.5,2,7,,,,,,14:18
8520260731020009,sasebo,2026-08-01,9,○2 ◎5 ×4 △1 ▲6 注7,,,,,3,松尾 信太郎  福,岡,43,92,S2,追,3.85,96.27,注,2,6.8,13.7,31.0,0,0,,,,,,14:18
8520260731020009,sasebo,2026-08-01,9,○2 ◎5 ×4 △1 ▲6 注7,,,,,4,照井 拓成  岩,手,30,115,S2,逃,3.92,102.00,×,1,4.1,33.3,54.1,0,2,,,,,,14:18
8520260731020009,sasebo,2026-08-01,9,○2 ◎5 ×4 △1 ▲6 注7,,,,,5,瀬戸 晋作  長,崎,33,107,S2,両,3.92,97.83,◎,6,5.5,5.5,16.6,0,0,,,,,,14:18
8520260731020009,sasebo,2026-08-01,9,○2 ◎5 ×4 △1 ▲6 注7,,,,,6,白岩 大助  埼,玉,46,84,S2,追,3.92,92.16,nan,0,16.6,27.7,33.3,0,0,,,,,,14:18
8520260731020009,sasebo,2026-08-01,9,○2 ◎5 ×4 △1 ▲6 注7,,,,,7,中川 聖大  福,岡,28,121,S2,逃,3.92,95.16,▲,3,20.8,29.1,58.3,3,2,,,,,,14:18
8520260731020010,sasebo,2026-08-01,10,○4 ◎1 ▲7 注2 △3 ×5,,,,,1,恩田 淳平  群,馬,36,100,S1,追,3.92,110.42,◎,6,19.0,38.0,47.6,0,1,,,,,,14:48
8520260731020010,sasebo,2026-08-01,10,○4 ◎1 ▲7 注2 △3 ×5,,,,,2,兼本 将太  熊,本,29,117,S2,逃,3.92,102.56,注,2,12.5,31.2,37.5,0,3,,,,,,14:48
8520260731020010,sasebo,2026-08-01,10,○4 ◎1 ▲7 注2 △3 ×5,,,,,3,原田 亮太  千,葉,30,115,S2,逃,3.92,103.07,△,4,28.5,42.8,53.5,9,3,,,,,,14:48
8520260731020010,sasebo,2026-08-01,10,○4 ◎1 ▲7 注2 △3 ×5,,,,,4,小原 佑太  青,森,30,115,S1,逃,3.92,107.23,○,5,9.0,31.8,45.4,6,1,,,,,,14:48
8520260731020010,sasebo,2026-08-01,10,○4 ◎1 ▲7 注2 △3 ×5,,,,,5,松井 宏佑,神奈川,33,113,S1,逃,3.92,107.40,×,1,20.0,20.0,28.0,1,4,,,,,,14:48
8520260731020010,sasebo,2026-08-01,10,○4 ◎1 ▲7 注2 △3 ×5,,,,,6,塩崎 隼秀  愛,媛,25,121,S2,両,3.92,94.00,nan,0,10.0,25.0,30.0,1,3,,,,,,14:48
8520260731020010,sasebo,2026-08-01,10,○4 ◎1 ▲7 注2 △3 ×5,,,,,7,松本 秀之介  熊,本,26,117,S1,逃,3.92,110.09,▲,3,28.5,52.3,57.1,0,8,,,,,,14:48
8520260731020011,sasebo,2026-08-01,11,△7 ◎2 ○1 注4 ×6 ▲3,,,,,1,石原 颯  香,川,26,117,S1,逃,3.92,112.83,◎,6,24.0,36.0,44.0,4,5,,,,,,15:20
8520260731020011,sasebo,2026-08-01,11,△7 ◎2 ○1 注4 ×6 ▲3,,,,,2,山岸 佳太  茨,城,36,107,S1,両,3.92,108.08,△,4,12.5,25.0,45.8,0,1,,,,,,15:20
8520260731020011,sasebo,2026-08-01,11,△7 ◎2 ○1 注4 ×6 ▲3,,,,,3,佐藤 一伸  福,島,38,94,S2,両,3.92,110.11,×,1,11.1,22.2,50.0,0,2,,,,,,15:20
8520260731020011,sasebo,2026-08-01,11,△7 ◎2 ○1 注4 ×6 ▲3,,,,,4,小川 勇介  福,岡,41,90,S1,追,3.92,109.04,○,5,4.5,13.6,31.8,0,0,,,,,,15:20
8520260731020011,sasebo,2026-08-01,11,△7 ◎2 ○1 注4 ×6 ▲3,,,,,5,川越 勇星,神奈川,29,111,S2,両,3.92,103.70,▲,3,21.0,36.8,57.8,2,3,,,,,,15:20
8520260731020011,sasebo,2026-08-01,11,△7 ◎2 ○1 注4 ×6 ▲3,,,,,6,板垣 昴,北海道,34,115,S2,逃,3.92,101.36,注,2,22.7,31.8,40.9,1,4,,,,,,15:20
8520260731020011,sasebo,2026-08-01,11,△7 ◎2 ○1 注4 ×6 ▲3,,,,,7,加藤 将武  埼,玉,25,121,S2,逃,3.92,101.81,nan,0,12.5,31.2,43.7,1,3,,,,,,15:20
8520260731020012,sasebo,2026-08-01,12,◎4 ○1 注7 ▲2 △6 ×3,,,,,1,塚本 大樹  熊,本,37,96,S1,追,3.93,112.55,○,5,0.0,15.7,36.8,0,0,,,,,,15:52
8520260731020012,sasebo,2026-08-01,12,◎4 ○1 注7 ▲2 △6 ×3,,,,,2,原 大智  宮,城,29,117,S2,逃,3.92,103.63,▲,3,18.1,31.8,59.0,0,5,,,,,,15:52
8520260731020012,sasebo,2026-08-01,12,◎4 ○1 注7 ▲2 △6 ×3,,,,,3,久田 裕也  徳,島,26,117,S2,逃,3.92,105.90,△,4,9.5,52.3,66.6,3,6,,,,,,15:52
8520260731020012,sasebo,2026-08-01,12,◎4 ○1 注7 ▲2 △6 ×3,,,,,4,山崎 賢人  長,崎,33,111,S1,逃,3.93,115.04,◎,6,47.8,60.8,69.5,7,7,,,,,,15:52
8520260731020012,sasebo,2026-08-01,12,◎4 ○1 注7 ▲2 △6 ×3,,,,,5,三宅 達也  岡,山,49,79,S1,追,3.93,105.68,×,1,8.0,20.0,40.0,0,0,,,,,,15:52
8520260731020012,sasebo,2026-08-01,12,◎4 ○1 注7 ▲2 △6 ×3,,,,,6,小原 丈一郎  青,森,27,115,S2,両,3.92,102.78,nan,0,25.0,35.0,40.0,0,1,,,,,,15:52
8520260731020012,sasebo,2026-08-01,12,◎4 ○1 注7 ▲2 △6 ×3,,,,,7,久島 尚樹  宮,崎,35,100,S2,両,3.92,106.09,注,2,27.2,50.0,63.6,0,1,,,,,,15:52
